class,sound_id,name,subclass,subclass_label,subclass_size,is_largest_subclass,similarity_to_center,umap_x,umap_y
explosion,102810,Boom.wav,1,a noisy distorted blast,219,1,0.8481,0.7969,4.5759
explosion,103014,CLUB KICK 0711.wav,4,a deep low boom or rumble,117,0,0.5177,3.8637,1.1713
explosion,108640,Distant explosion.wav,4,a deep low boom or rumble,117,0,0.6816,4.9717,-0.6789
explosion,108641,Nearby explosion with debris.wav,1,a noisy distorted blast,219,1,0.7724,1.1374,3.4116
explosion,109734,double hit distant orchestra.aiff,1,a noisy distorted blast,219,1,0.7234,3.2113,6.6676
explosion,109736,double hit.aiff,1,a noisy distorted blast,219,1,0.8556,2.8739,6.2987
explosion,109738,hilow multi hits.aiff,1,a noisy distorted blast,219,1,0.674,3.2035,6.6526
explosion,109739,hit and distant honks.aiff,1,a noisy distorted blast,219,1,0.7984,3.1803,6.6439
explosion,109740,hit loud with distant whoa.aiff,1,a noisy distorted blast,219,1,0.7852,3.1906,6.6516
explosion,109741,hit loud.aiff,1,a noisy distorted blast,219,1,0.7893,3.2168,6.6754
explosion,109743,hit series with distant applause.aiff,1,a noisy distorted blast,219,1,0.7143,3.2036,6.6642
explosion,109745,hit with distant whoa.aiff,1,a noisy distorted blast,219,1,0.8021,2.963,6.4125
explosion,109747,hit with swooshed material.aiff,1,a noisy distorted blast,219,1,0.8354,2.9891,6.4378
explosion,109751,multi low hits.aiff,1,a noisy distorted blast,219,1,0.7475,3.1291,6.5626
explosion,109752,tre hit 01.aiff,1,a noisy distorted blast,219,1,0.7295,2.8668,6.3102
explosion,110564,EMP Blast.wav,5,a dry organic recorded thud,110,0,0.6534,4.5138,2.1503
explosion,113746,kl_ex1.wav,1,a noisy distorted blast,219,1,0.8015,0.323,3.9623
explosion,113747,kl_ex1bb.wav,1,a noisy distorted blast,219,1,0.8169,0.1073,3.6167
explosion,113748,kl_ex1c.wav,1,a noisy distorted blast,219,1,0.8626,0.2747,3.7538
explosion,113749,kl_ex1dd.wav,1,a noisy distorted blast,219,1,0.8673,0.1812,3.9955
explosion,114046,kl_ex2.wav,1,a noisy distorted blast,219,1,0.8666,0.2561,3.9034
explosion,114047,kl_ex3.wav,1,a noisy distorted blast,219,1,0.7842,0.6689,3.6542
explosion,114048,kl_ex4.wav,1,a noisy distorted blast,219,1,0.759,0.619,3.6055
explosion,114049,kl_ex5.wav,1,a noisy distorted blast,219,1,0.851,0.2536,3.7122
explosion,114050,kl_ex6.wav,1,a noisy distorted blast,219,1,0.8046,0.6678,3.5454
explosion,116643,Intro Boom.aif,5,a dry organic recorded thud,110,0,0.6796,3.8936,2.0968
explosion,117095,ArtilleryFireSynthetic.wav,1,a noisy distorted blast,219,1,0.7955,-0.2851,3.0626
explosion,117096,ArtilleryFireSynthetic2.wav,1,a noisy distorted blast,219,1,0.8805,1.0019,4.3402
explosion,117098,ExplosionBombBlastAmbient.wav,1,a noisy distorted blast,219,1,0.7924,1.4493,4.6176
explosion,117244,sargassosea.summer09.RL5.wav,0,a single sharp instant crack,153,0,0.1314,4.5725,2.7286
explosion,120573,ExplosionBombBlastAmbient6.wav,1,a noisy distorted blast,219,1,0.7779,-0.0336,3.4285
explosion,120712,ExplosionBombBlastAmbient7.wav,1,a noisy distorted blast,219,1,0.8015,-0.1566,3.4436
explosion,120954,ExplosionBombBlastDistantMuffled_LikeCinematicBoom_1.wav,4,a deep low boom or rumble,117,0,0.8647,4.8977,-0.729
explosion,120955,ExplosionBombBlastDistantMuffled_LikeCinematicBoom_2.wav,4,a deep low boom or rumble,117,0,0.7961,5.0286,-0.6963
explosion,120956,ExplosionBombBlastDistantMuffled_LikeCinematicBoom_3.wav,4,a deep low boom or rumble,117,0,0.8647,5.0145,-0.7466
explosion,121370,ExplosionBombBlastDistantMuffled_LikeCinematicBoom_4_44k16bit.wav,4,a deep low boom or rumble,117,0,0.7867,5.0097,-0.7201
explosion,121371,ExplosionBombBlastDistantMuffled_LikeCinematicBoom_4_48k32bit.wav,4,a deep low boom or rumble,117,0,0.8107,5.051,-0.6588
explosion,130857,Cold Cave B.mp3,4,a deep low boom or rumble,117,0,0.6381,3.402,1.519
explosion,130858,Cold Cave E.mp3,5,a dry organic recorded thud,110,0,0.6301,3.6013,1.4824
explosion,130859,Cold Cave D.mp3,4,a deep low boom or rumble,117,0,0.6712,4.046,-0.8277
explosion,132542,Firecracker_Rocket_Shoot_Blast.wav,1,a noisy distorted blast,219,1,0.5779,1.5933,7.3567
explosion,145400,gasExplosion.wav,5,a dry organic recorded thud,110,0,0.3429,2.795,3.8911
explosion,145788,Small Explosion,2,a synthetic electronic sound effect,102,0,0.6596,-1.3729,1.2787
explosion,147469,kick_boom1.wav,5,a dry organic recorded thud,110,0,0.5162,4.3606,2.0214
explosion,147470,kick_boom2.wav,5,a dry organic recorded thud,110,0,0.5368,4.3554,1.9722
explosion,147473,kick_boom_higher.wav,5,a dry organic recorded thud,110,0,0.5839,4.3282,1.9595
explosion,147583,Far_Off_Boom_Without_Amplify.wav,5,a dry organic recorded thud,110,0,0.7713,3.3917,2.5613
explosion,147584,Far_Off_Boom.wav,5,a dry organic recorded thud,110,0,0.8,3.4279,2.5332
explosion,150204,Explosion 1,2,a synthetic electronic sound effect,102,0,0.7649,-0.7889,1.6514
explosion,150205,Explosion 2,2,a synthetic electronic sound effect,102,0,0.668,-0.2603,1.978
explosion,154676,f016ms_RaySpace_IR1_nonlinear.wav,4,a deep low boom or rumble,117,0,0.8219,4.0236,-0.6741
explosion,154677,f016ms_RaySpace_IR1.wav,4,a deep low boom or rumble,117,0,0.8284,3.9531,-0.7307
explosion,154678,f016ms_RaySpace.wav,1,a noisy distorted blast,219,1,0.7201,-0.3595,3.2495
explosion,154679,f016ms_3_3.wav,0,a single sharp instant crack,153,0,0.4293,-0.3607,1.0341
explosion,156031,Explosion,1,a noisy distorted blast,219,1,0.5874,0.4888,3.5204
explosion,157245,boom.wav,4,a deep low boom or rumble,117,0,0.6541,3.9845,1.1322
explosion,159402,OverheadExplosion.wav,5,a dry organic recorded thud,110,0,0.5845,-0.2005,1.2356
explosion,159640,boom break 126.wav,5,a dry organic recorded thud,110,0,0.3929,4.6656,1.8514
explosion,160037,emp blast2.wav,5,a dry organic recorded thud,110,0,0.7141,4.4353,2.1569
explosion,162265,Explosive,1,a noisy distorted blast,219,1,0.8788,0.7542,4.7047
explosion,162363,Distant Explosion of Propelled Grenade,1,a noisy distorted blast,219,1,0.816,1.9525,5.6463
explosion,162792,8-bit Explosion1.wav,2,a synthetic electronic sound effect,102,0,0.8809,-1.8586,0.964
explosion,162848,Cinema Boom impact #3,1,a noisy distorted blast,219,1,0.829,0.603,3.8921
explosion,164068,(Badly) Boom - Bumm,5,a dry organic recorded thud,110,0,0.2747,2.0635,3.5132
explosion,165909,Explosion 3.wav,0,a single sharp instant crack,153,0,0.6798,0.8363,2.94
explosion,165910,Explosion 2.wav,1,a noisy distorted blast,219,1,0.6759,0.8679,3.0559
explosion,165911,Explosion 1.wav,1,a noisy distorted blast,219,1,0.7751,0.59,3.126
explosion,167242,fireworkblast.wav,1,a noisy distorted blast,219,1,0.78,1.8649,5.5629
explosion,168540,Downlifter3.wav,0,a single sharp instant crack,153,0,0.5936,3.0712,1.0842
explosion,168541,Downlifter2.wav,0,a single sharp instant crack,153,0,0.6022,3.0897,1.0876
explosion,169261,1903 Springfield .30-06 Gun Shot Blast,1,a noisy distorted blast,219,1,0.5004,0.4441,6.0415
explosion,170906,Clean Bass From the Bottle,4,a deep low boom or rumble,117,0,0.6037,4.106,0.4434
explosion,172379,ExplosionBombBlastAmbientA.wav,1,a noisy distorted blast,219,1,0.8183,-0.3571,3.6425
explosion,172869,carbidexplosiongiggle.wav,1,a noisy distorted blast,219,1,0.7512,2.4766,6.161
explosion,173132,128_bpm.wav,0,a single sharp instant crack,153,0,0.3782,4.5205,2.5935
explosion,174281,Explosion gMPnaYlErS0,1,a noisy distorted blast,219,1,0.782,2.0045,5.0459
explosion,181376,Explosion_3.ogg,1,a noisy distorted blast,219,1,0.8475,-0.0623,3.9527
explosion,181377,Explosion_2.ogg,1,a noisy distorted blast,219,1,0.8369,-0.14,3.8346
explosion,181378,Explosion_1.ogg,1,a noisy distorted blast,219,1,0.7931,0.2401,3.7405
explosion,181476,Explosion_5.ogg,1,a noisy distorted blast,219,1,0.82,0.3194,3.6022
explosion,182430,Explosive 1 v3 [DOD 130303].flac,1,a noisy distorted blast,219,1,0.7081,1.6569,4.0764
explosion,183471,snare5_Boom_Crash.wav,0,a single sharp instant crack,153,0,0.662,0.3674,2.2158
explosion,183472,crash boom.wav,0,a single sharp instant crack,153,0,0.6301,0.7985,2.6973
explosion,183634,Beatbox_01_Loop_015c_DaBoom@120bpm.wav,5,a dry organic recorded thud,110,0,0.3929,9.6789,11.1643
explosion,183635,Beatbox_01_Loop_015b_DaBoom@120bpm.wav,5,a dry organic recorded thud,110,0,0.3937,9.7401,11.2232
explosion,183636,Beatbox_01_Loop_015a_DaBoom@120bpm.wav,5,a dry organic recorded thud,110,0,0.4573,9.7178,11.2037
explosion,183637,Beatbox_01_Loop_015_DaBoom@120bpm.wav,5,a dry organic recorded thud,110,0,0.3919,9.7203,11.2055
explosion,183638,Beatbox_01_Loop_017_DaBoom@120bpm.wav,5,a dry organic recorded thud,110,0,0.382,9.7473,11.2335
explosion,183639,Beatbox_01_Loop_016_DaBoom@120bpm.wav,5,a dry organic recorded thud,110,0,0.3372,9.6834,11.1691
explosion,183640,Beatbox_01_Loop_015e_DaBoom@120bpm.wav,5,a dry organic recorded thud,110,0,0.3481,9.7528,11.2382
explosion,183641,Beatbox_01_Loop_015d_DaBoom@120bpm.wav,5,a dry organic recorded thud,110,0,0.4111,9.6999,11.1855
explosion,183645,Beatbox_01_Loop_017b_DaGlitch@120bpm.wav,5,a dry organic recorded thud,110,0,0.3687,9.6931,11.1805
explosion,183646,Beatbox_01_Loop_017a_DaBoom@120bpm.wav,5,a dry organic recorded thud,110,0,0.3135,9.6983,11.1845
explosion,183672,Loop_2_12_boom&pop_(90bpm).wav,0,a single sharp instant crack,153,0,0.3381,9.683,11.1681
explosion,186925,cannon_boom1.wav,1,a noisy distorted blast,219,1,0.8212,1.4259,4.3169
explosion,186929,cannon_boom2.wav,1,a noisy distorted blast,219,1,0.8815,0.7122,4.513
explosion,186943,Explosion and Scream.wav,1,a noisy distorted blast,219,1,0.67,2.9621,6.4516
explosion,186945,cannon_boom5.wav,1,a noisy distorted blast,219,1,0.8598,1.6031,4.2225
explosion,186946,cannon_boom4.wav,1,a noisy distorted blast,219,1,0.7875,2.4459,5.6242
explosion,186948,cannon_boom2b.wav,1,a noisy distorted blast,219,1,0.8824,0.7538,4.4795
explosion,186949,cannon_boom9.wav,1,a noisy distorted blast,219,1,0.8849,0.7227,4.2149
explosion,186955,explosion_small.wav,1,a noisy distorted blast,219,1,0.4968,1.6665,7.3694
explosion,186957,explosion6.wav,1,a noisy distorted blast,219,1,0.6241,1.5855,7.3266
explosion,186958,explosion7.wav,1,a noisy distorted blast,219,1,0.6033,1.6407,7.4016
explosion,186967,explosion5.wav,1,a noisy distorted blast,219,1,0.8841,1.8949,5.7236
explosion,188349,clickumf,0,a single sharp instant crack,153,0,0.5646,1.9338,2.927
explosion,195790,cinematic boom 130730_06.wav,4,a deep low boom or rumble,117,0,0.7518,5.0425,-0.6871
explosion,197734,VikingLine_ferryhorn.wav,3,a rising whoosh that builds up,49,0,0.7912,22.5599,-1.8129
explosion,200197,myExplosion1.wav,0,a single sharp instant crack,153,0,0.6273,-0.2865,1.5264
explosion,200466,Short Explosion,2,a synthetic electronic sound effect,102,0,0.8892,-1.5021,1.2553
explosion,201571,JM_FX_Boom 01a.wav,1,a noisy distorted blast,219,1,0.6964,0.451,3.3061
explosion,203331,explosion_documentary_Veiler.wav,4,a deep low boom or rumble,117,0,0.8164,4.2244,-0.5695
explosion,207755,Movie Trailer Boom,4,a deep low boom or rumble,117,0,0.8632,4.9133,-0.645
explosion,209303,Fireworks BIG SHOT 1,1,a noisy distorted blast,219,1,0.7463,1.4812,6.9442
explosion,209304,Fireworks BIG BLAST 3,1,a noisy distorted blast,219,1,0.817,1.444,6.7823
explosion,209305,Fireworks BIG BLAST 2,1,a noisy distorted blast,219,1,0.8392,1.4425,6.7589
explosion,209306,Fireworks BIG BLAST 1,1,a noisy distorted blast,219,1,0.7807,1.362,6.8445
explosion,209309,Fireworks BIG SHOT 3,1,a noisy distorted blast,219,1,0.7084,1.447,6.9421
explosion,209310,Fireworks BIG SHOT 2,1,a noisy distorted blast,219,1,0.7319,1.4593,6.9375
explosion,209984,ExplosionBombBlastAmbientE.wav,1,a noisy distorted blast,219,1,0.8095,-0.3683,3.2625
explosion,210187,Gun Blast.wav,0,a single sharp instant crack,153,0,0.4344,2.7533,2.9273
explosion,210613,Explosion001.wav,1,a noisy distorted blast,219,1,0.8152,0.8445,4.2329
explosion,211976,BOOM2,0,a single sharp instant crack,153,0,0.3772,1.9715,3.4651
explosion,211977,BOOM1,0,a single sharp instant crack,153,0,0.3104,2.0093,3.458
explosion,212594,loud explosion 131231_04.wav,1,a noisy distorted blast,219,1,0.7832,1.9031,6.4112
explosion,231765,Tank Explosion,1,a noisy distorted blast,219,1,0.6301,3.2102,1.1995
explosion,233800,low thump.wav,4,a deep low boom or rumble,117,0,0.79,4.2049,0.0451
explosion,242859,Bit Cannon,2,a synthetic electronic sound effect,102,0,0.7839,-1.2722,1.6669
explosion,242896,distant boom.wav,5,a dry organic recorded thud,110,0,0.7783,4.3545,2.4822
explosion,245974,Air Canister Short Blasts .wav,0,a single sharp instant crack,153,0,0.5026,8.918,0.9751
explosion,246203,Cinematic Hit 2.wav,0,a single sharp instant crack,153,0,0.7038,2.7179,1.8682
explosion,246208,Cinematic Hit 5.mp3,4,a deep low boom or rumble,117,0,0.6814,3.6349,1.6872
explosion,246548,729_19-jun-2014_2206_FX_Explosion.wav,2,a synthetic electronic sound effect,102,0,0.4988,4.8531,3.1903
explosion,248150,Deepest Boom Yet,4,a deep low boom or rumble,117,0,0.8153,5.0351,-0.6304
explosion,250712,Explosion,4,a deep low boom or rumble,117,0,0.7917,4.766,-1.0821
explosion,251619,Fireworks #5,1,a noisy distorted blast,219,1,0.7714,2.8763,5.9344
explosion,255111,Cinematic_Boom_Rhapsodize.wav,4,a deep low boom or rumble,117,0,0.9049,4.3685,-0.3769
explosion,256352,Robotic Vocal saying - Lift Off,2,a synthetic electronic sound effect,102,0,0.4431,6.0241,7.1533
explosion,256358,Robotic Vocal saying - Groovy - V2,2,a synthetic electronic sound effect,102,0,0.359,6.0454,7.1789
explosion,256359,Robotic Vocal saying - Groovy,5,a dry organic recorded thud,110,0,0.2805,5.9849,7.1338
explosion,256360,Robotic Vocal saying - Lift Off,2,a synthetic electronic sound effect,102,0,0.3695,6.0671,7.2076
explosion,256361,Robotic Vocal saying - I want to move - V2,2,a synthetic electronic sound effect,102,0,0.3339,6.0134,7.1472
explosion,256362,Robotic Vocal saying - I want to move - V3,2,a synthetic electronic sound effect,102,0,0.3723,6.0678,7.2047
explosion,256363,Robotic Vocal saying - Hyperactive - V4,2,a synthetic electronic sound effect,102,0,0.3109,6.0831,7.2286
explosion,256364,Robotic Vocal saying - Hyperactive - V3,2,a synthetic electronic sound effect,102,0,0.3028,6.0231,7.1577
explosion,256365,Robotic Vocal saying - Hyperactive - V6,0,a single sharp instant crack,153,0,0.2136,6.0376,7.1642
explosion,256366,Robotic Vocal saying - Hyperactive V5,0,a single sharp instant crack,153,0,0.2299,6.075,7.1904
explosion,256367,Robotic Vocal saying - I want to dance - V4,2,a synthetic electronic sound effect,102,0,0.3775,6.0559,7.1973
explosion,256368,Robotic Vocal saying - I want to dance,2,a synthetic electronic sound effect,102,0,0.3821,6.0969,7.2358
explosion,256664,aerosol blast,0,a single sharp instant crack,153,0,0.4236,8.9477,0.9862
explosion,258289,1 Audio Track.aiff,0,a single sharp instant crack,153,0,0.7293,1.6395,2.4932
explosion,259962,8 Bit Explosion,2,a synthetic electronic sound effect,102,0,0.8473,-1.758,1.1471
explosion,264031,low mid afar explosion 1.wav,1,a noisy distorted blast,219,1,0.8194,-0.4651,3.4364
explosion,268344,JM_NOIZ_Laser 01.wav,0,a single sharp instant crack,153,0,0.3533,1.7084,0.5118
explosion,268828,Reverberating Explosion.wav,1,a noisy distorted blast,219,1,0.8717,0.9299,4.4192
explosion,269099,Boom.wav,5,a dry organic recorded thud,110,0,0.5793,4.4243,2.0303
explosion,270306,Explosion_02.wav,2,a synthetic electronic sound effect,102,0,0.8283,-1.9339,0.8783
explosion,270307,Explosion_01.wav,2,a synthetic electronic sound effect,102,0,0.8326,-2.0465,0.7944
explosion,270308,Explosion_00.wav,2,a synthetic electronic sound effect,102,0,0.829,-1.9024,0.8565
explosion,270652,Glitchy Impact/Explosion #3,1,a noisy distorted blast,219,1,0.7584,-0.361,3.8012
explosion,270653,Glitchy Impact/Explosion #2,1,a noisy distorted blast,219,1,0.7999,-0.3596,3.6022
explosion,270654,Glitchy Impact/Explosion #1,0,a single sharp instant crack,153,0,0.7081,-0.3491,3.6316
explosion,27568,MemoryMoon_space-blaster-plays.wav,0,a single sharp instant crack,153,0,0.3439,2.8399,1.0626
explosion,31326,blast.wav,2,a synthetic electronic sound effect,102,0,0.4631,-0.2894,0.7858
explosion,31327,blast2.wav,2,a synthetic electronic sound effect,102,0,0.6549,-0.4343,0.7212
explosion,317747,SFX_Explosion_04.wav,2,a synthetic electronic sound effect,102,0,0.8396,-1.4456,1.3434
explosion,317748,SFX_Explosion_03.wav,2,a synthetic electronic sound effect,102,0,0.8631,-1.8185,1.0379
explosion,317749,SFX_Explosion_02.wav,2,a synthetic electronic sound effect,102,0,0.8646,-1.2821,1.2678
explosion,317750,SFX_Explosion_01.wav,2,a synthetic electronic sound effect,102,0,0.8792,-1.0237,1.0117
explosion,317751,SFX_Explosion_08.wav,2,a synthetic electronic sound effect,102,0,0.9132,-1.1104,1.1952
explosion,317752,SFX_Explosion_07.wav,2,a synthetic electronic sound effect,102,0,0.8311,-0.8327,1.5902
explosion,317753,SFX_Explosion_06.wav,2,a synthetic electronic sound effect,102,0,0.9203,-1.1397,1.0467
explosion,317754,SFX_Explosion_05.wav,2,a synthetic electronic sound effect,102,0,0.8667,-1.0087,1.0253
explosion,317755,SFX_Explosion_10.wav,2,a synthetic electronic sound effect,102,0,0.7738,-0.8605,1.8316
explosion,317756,SFX_Explosion_09.wav,2,a synthetic electronic sound effect,102,0,0.8943,-1.2168,1.1709
explosion,317758,SFX_Explosion_19.wav,2,a synthetic electronic sound effect,102,0,0.8962,-1.0301,0.894
explosion,317760,SFX_Explosion_17.wav,2,a synthetic electronic sound effect,102,0,0.6365,-0.7078,0.7944
explosion,317761,SFX_Explosion_13.wav,2,a synthetic electronic sound effect,102,0,0.8279,-0.7962,1.433
explosion,317762,SFX_Explosion_18.wav,2,a synthetic electronic sound effect,102,0,0.8015,-0.7317,1.2877
explosion,317763,SFX_Explosion_15.wav,2,a synthetic electronic sound effect,102,0,0.8515,-0.8613,1.5922
explosion,317764,SFX_Explosion_16.wav,2,a synthetic electronic sound effect,102,0,0.8803,-0.956,1.6407
explosion,317765,SFX_Explosion_21.wav,2,a synthetic electronic sound effect,102,0,0.8946,-1.0009,0.84
explosion,317766,SFX_Explosion_20.wav,2,a synthetic electronic sound effect,102,0,0.8104,-1.5534,1.3218
explosion,317767,SFX_Explosion_14.wav,2,a synthetic electronic sound effect,102,0,0.9109,-0.9912,1.3133
explosion,320366,Explosion3.wav,2,a synthetic electronic sound effect,102,0,0.8223,-1.5086,0.9545
explosion,323600,boom jazz kick,5,a dry organic recorded thud,110,0,0.657,3.9061,1.7702
explosion,330872,Hypo-Boomput-150bpm.mp3,0,a single sharp instant crack,153,0,0.4028,3.4268,0.5349
explosion,330878,Hypo-Boomput-150bpm.wav,0,a single sharp instant crack,153,0,0.3884,3.4846,0.5051
explosion,330879,Hypo-Boomput-150bpm.ogg,0,a single sharp instant crack,153,0,0.3995,3.4485,0.5441
explosion,333618,Home-Made Inception Boom Thud Hit,4,a deep low boom or rumble,117,0,0.6896,4.285,-0.4298
explosion,335990,Explosion007.wav,1,a noisy distorted blast,219,1,0.7615,0.393,3.8302
explosion,336004,Sharp Explosion 3 (of 5),1,a noisy distorted blast,219,1,0.6577,1.9015,6.7213
explosion,336005,Sharp Explosion 2 (of 5),1,a noisy distorted blast,219,1,0.7376,1.7537,7.0234
explosion,336006,Sharp Explosion 1 (of 5),1,a noisy distorted blast,219,1,0.6451,1.5614,7.3111
explosion,336008,Whistle and Explosion Single_Firework,1,a noisy distorted blast,219,1,0.6565,1.6193,7.3703
explosion,336009,Sharp Explosion Weird_Natural_reverb,1,a noisy distorted blast,219,1,0.7527,1.5825,7.2435
explosion,336010,Sharp Explosion 5 (of 5),1,a noisy distorted blast,219,1,0.7143,1.7927,6.8055
explosion,336011,Sharp Explosion 4 (of 5),1,a noisy distorted blast,219,1,0.7353,1.6746,7.2885
explosion,336487,Boom_01.wav,5,a dry organic recorded thud,110,0,0.5289,3.1949,3.8732
explosion,337298,Explosion008.wav,1,a noisy distorted blast,219,1,0.7925,0.552,3.8002
explosion,339320,Flash Boom_starkformachines.wav,4,a deep low boom or rumble,117,0,0.883,4.3019,-0.1687
explosion,339437,super low bass hit kick drum wAv,5,a dry organic recorded thud,110,0,0.4327,4.1304,1.4686
explosion,341237,Explosion02.wav,2,a synthetic electronic sound effect,102,0,0.8154,-1.9474,0.8373
explosion,341238,Explosion01.wav,2,a synthetic electronic sound effect,102,0,0.8834,-1.915,1.002
explosion,341239,Explosion00.wav,2,a synthetic electronic sound effect,102,0,0.8691,-1.7965,1.082
explosion,341930,16-Explosion.wav,1,a noisy distorted blast,219,1,0.7607,-0.0322,3.5326
explosion,343451,Boom 1,2,a synthetic electronic sound effect,102,0,0.6497,-0.7214,2.4605
explosion,343452,Boom 2,2,a synthetic electronic sound effect,102,0,0.6489,-0.6759,2.6203
explosion,344296,Explosion13,2,a synthetic electronic sound effect,102,0,0.8675,-1.8991,0.9678
explosion,344505,Explosion05.wav,2,a synthetic electronic sound effect,102,0,0.8647,-1.8169,1.1471
explosion,344506,Explosion04.wav,2,a synthetic electronic sound effect,102,0,0.9108,-1.8266,0.8983
explosion,344507,Explosion03.wav,2,a synthetic electronic sound effect,102,0,0.8802,-1.922,0.9113
explosion,346918,JM_NOIZ_Laser 04.wav,2,a synthetic electronic sound effect,102,0,0.4146,1.8358,0.3741
explosion,346919,JM_NOIZ_Laser 03.wav,4,a deep low boom or rumble,117,0,0.5202,1.8806,0.3246
explosion,347310,FUN-EXPLOSION03.wav,0,a single sharp instant crack,153,0,0.7264,1.7219,2.284
explosion,347311,FUN-EXPLOSION02.wav,1,a noisy distorted blast,219,1,0.7322,1.5487,2.2651
explosion,347312,FUN-EXPLOSION01.wav,0,a single sharp instant crack,153,0,0.7027,1.6475,2.2445
explosion,347317,FUN-EXPLOSION04.wav,0,a single sharp instant crack,153,0,0.6287,1.7104,2.1959
explosion,348333,FRUMPYLOW.wav,5,a dry organic recorded thud,110,0,0.3625,5.277,3.1184
explosion,349129,Impact_4_full.wav,1,a noisy distorted blast,219,1,0.7398,1.2063,3.1919
explosion,349130,Impact_3_full.wav,1,a noisy distorted blast,219,1,0.7102,1.2234,3.2935
explosion,349131,Impact_2_full.wav,1,a noisy distorted blast,219,1,0.7483,1.1559,3.3126
explosion,350909,Zap_C_04,2,a synthetic electronic sound effect,102,0,0.602,-0.9582,0.1635
explosion,350911,Zap_C_05,2,a synthetic electronic sound effect,102,0,0.4791,-0.9122,0.1041
explosion,350912,Zap_C_08,2,a synthetic electronic sound effect,102,0,0.4883,-0.8874,0.0942
explosion,350913,Zap_C_01,2,a synthetic electronic sound effect,102,0,0.23,-0.5568,0.2121
explosion,350914,Zap_C_06,2,a synthetic electronic sound effect,102,0,0.4769,-0.9064,0.0788
explosion,350916,Zap_C_09,2,a synthetic electronic sound effect,102,0,0.4859,-0.8913,0.0797
explosion,350970,Boom_C_09,2,a synthetic electronic sound effect,102,0,0.8065,-1.0027,0.5224
explosion,350971,Boom_C_07,2,a synthetic electronic sound effect,102,0,0.8436,-0.9946,0.4936
explosion,350972,Boom_C_08,2,a synthetic electronic sound effect,102,0,0.8571,-0.9984,0.5512
explosion,350973,Boom_C_04,2,a synthetic electronic sound effect,102,0,0.6605,-0.9745,0.4786
explosion,350974,Boom_C_03,2,a synthetic electronic sound effect,102,0,0.7862,-0.9144,0.5465
explosion,350975,Boom_C_02,2,a synthetic electronic sound effect,102,0,0.8586,-1.1557,0.6399
explosion,350976,Boom_C_01,2,a synthetic electronic sound effect,102,0,0.8617,-1.0707,0.5465
explosion,350977,Boom_C_06,2,a synthetic electronic sound effect,102,0,0.8286,-1.051,0.6221
explosion,350978,Boom_C_05,2,a synthetic electronic sound effect,102,0,0.8383,-1.0739,0.4375
explosion,350999,Zap_C_02,2,a synthetic electronic sound effect,102,0,0.4505,-0.8506,0.0819
explosion,353383,[Boom] Reverbed Kick 01,4,a deep low boom or rumble,117,0,0.7453,3.3267,1.2331
explosion,353384,[Boom] Reverbed Kick 02,4,a deep low boom or rumble,117,0,0.6524,3.4471,1.1242
explosion,353385,[Boom] Reverbed Kick 03,4,a deep low boom or rumble,117,0,0.7793,3.3717,1.1382
explosion,353386,[Boom] Reverbed Kick 04,4,a deep low boom or rumble,117,0,0.7802,3.4206,1.1788
explosion,353387,[Boom] Reverbed Kick 05,4,a deep low boom or rumble,117,0,0.7771,3.2614,1.3119
explosion,353388,[Boom] Reverbed Kick 06,4,a deep low boom or rumble,117,0,0.7608,3.4174,1.2073
explosion,353389,[Boom] Reverbed Kick 07,4,a deep low boom or rumble,117,0,0.6864,3.4351,1.0911
explosion,353390,[Boom] Reverbed Kick 08,4,a deep low boom or rumble,117,0,0.7211,3.3824,1.2064
explosion,353391,[Boom] Reverbed Kick 09,4,a deep low boom or rumble,117,0,0.7153,3.4157,1.2277
explosion,35458,Explosion 1.wav,4,a deep low boom or rumble,117,0,0.7772,-0.7236,2.9044
explosion,35459,Explosion 2.wav,2,a synthetic electronic sound effect,102,0,0.5655,-0.7124,1.1169
explosion,35460,Explosion 3.wav,2,a synthetic electronic sound effect,102,0,0.697,-0.7365,3.078
explosion,35461,Explosion 4.wav,1,a noisy distorted blast,219,1,0.7693,-0.7134,2.7446
explosion,35462,Explosion 5.wav,1,a noisy distorted blast,219,1,0.8125,-0.5925,3.0106
explosion,35463,Explosion 6.wav,1,a noisy distorted blast,219,1,0.7773,-0.6449,2.9782
explosion,35464,Explosion 7.wav,4,a deep low boom or rumble,117,0,0.7398,-0.7179,2.881
explosion,361604,boom_vocoded.mp3,4,a deep low boom or rumble,117,0,0.4915,1.4988,0.684
explosion,361605,boom_sine_tenor.mp3,2,a synthetic electronic sound effect,102,0,0.692,-0.603,1.1375
explosion,361606,boom_charang_high.mp3,0,a single sharp instant crack,153,0,0.4732,1.5133,0.622
explosion,361607,boom_charang.mp3,2,a synthetic electronic sound effect,102,0,0.5561,-0.1723,1.3268
explosion,362423,Explosion1.wav,2,a synthetic electronic sound effect,102,0,0.8448,-1.9825,0.8059
explosion,365149,Explosion .wav,0,a single sharp instant crack,153,0,0.5751,0.7086,2.5445
explosion,366091,Huge Explosion Part 1 - Shockwave,0,a single sharp instant crack,153,0,0.5408,0.297,3.2727
explosion,368591,Retro Explosion,2,a synthetic electronic sound effect,102,0,0.8624,-1.4127,1.0078
explosion,369524,Long Decay Explosion (1).wav,1,a noisy distorted blast,219,1,0.5221,0.8302,5.8424
explosion,369528,Short Gunshot.wav,1,a noisy distorted blast,219,1,0.5112,0.7741,5.6155
explosion,369529,Medium Explosion.wav,1,a noisy distorted blast,219,1,0.7381,0.9073,5.7727
explosion,369530,Long Decay Explosion (2).wav,1,a noisy distorted blast,219,1,0.8185,0.9797,5.7798
explosion,371120,Blast4,0,a single sharp instant crack,153,0,0.634,0.8961,2.4711
explosion,371121,Blast2,0,a single sharp instant crack,153,0,0.627,0.2107,2.6749
explosion,371122,Blast3,0,a single sharp instant crack,153,0,0.6808,0.2194,2.5585
explosion,371123,Blast1,0,a single sharp instant crack,153,0,0.6298,0.3087,2.7881
explosion,376658,NYE Boom.wav,1,a noisy distorted blast,219,1,0.7903,2.7064,5.8657
explosion,376660,NYE Single Boom.wav,1,a noisy distorted blast,219,1,0.8355,2.1944,5.7454
explosion,37988,blast.wav,5,a dry organic recorded thud,110,0,0.451,-0.4433,3.9016
explosion,380443,Explosion (Ambient) 2.wav,4,a deep low boom or rumble,117,0,0.8409,4.7267,-0.515
explosion,380444,Explosion (Ambient) 1.wav,4,a deep low boom or rumble,117,0,0.8282,4.426,-0.3149
explosion,380448,Explosion (Lo-Fi) 1.wav,5,a dry organic recorded thud,110,0,0.7667,5.818,2.5282
explosion,381855,Fireblast med.wav,5,a dry organic recorded thud,110,0,0.4376,5.6819,2.8183
explosion,381856,Fireblast full.wav,5,a dry organic recorded thud,110,0,0.5078,5.7613,2.9975
explosion,382943,Explosion (Ambient) 3.wav,4,a deep low boom or rumble,117,0,0.8265,4.4647,-0.3846
explosion,385894,Explosion/Bomb/Cannon SFx,1,a noisy distorted blast,219,1,0.7947,-0.2235,4.1778
explosion,387539,Impact,0,a single sharp instant crack,153,0,0.6911,2.7122,1.6553
explosion,388197,Slam & Fire.wav,1,a noisy distorted blast,219,1,0.8514,2.1222,5.8786
explosion,389706,Sci Fi Explosion 1.wav,2,a synthetic electronic sound effect,102,0,0.6968,-0.6182,1.8904
explosion,390182,Explosion.wav,1,a noisy distorted blast,219,1,0.8835,1.2049,6.6112
explosion,392274,Explosion (general).wav,0,a single sharp instant crack,153,0,0.641,1.9213,4.4431
explosion,397265,field recording  backyard.thunder.shed.tap.boom.wav,5,a dry organic recorded thud,110,0,0.4954,2.8376,5.1487
explosion,401609,Air Explosion.wav,0,a single sharp instant crack,153,0,0.4175,8.8088,0.8447
explosion,401630,Booms.wav,1,a noisy distorted blast,219,1,0.6189,1.3468,3.2584
explosion,402940,"Retro, Explosion 01.wav",2,a synthetic electronic sound effect,102,0,0.8702,-1.1534,1.0621
explosion,403296,"Retro, Explosion 04.wav",2,a synthetic electronic sound effect,102,0,0.8261,-0.7864,1.2436
explosion,404752,Retro video game sfx - Explode 3,2,a synthetic electronic sound effect,102,0,0.8998,-1.2636,1.3712
explosion,404754,Retro video game sfx - Explode,2,a synthetic electronic sound effect,102,0,0.9154,-1.3795,1.0784
explosion,404772,Retro video game sfx - Blast off,2,a synthetic electronic sound effect,102,0,0.6223,-0.9864,1.3406
explosion,409532,28_EXPLOSION_SUAVE.wav,0,a single sharp instant crack,153,0,0.4335,1.2945,5.1252
explosion,409538,32_EXPLOSION_FINAL.wav,4,a deep low boom or rumble,117,0,0.63,3.0036,2.9182
explosion,409543,35_EXPLOSION_FUEGO.wav,5,a dry organic recorded thud,110,0,0.5716,1.5068,3.769
explosion,419823,BBB soft 05.wav,5,a dry organic recorded thud,110,0,0.5132,3.4835,3.4012
explosion,420672,Firecracker Snap / Pop / Small Explosion,0,a single sharp instant crack,153,0,0.4433,1.2175,1.2552
explosion,423111,Guns & Explosions Album - Explosion 2.wav,1,a noisy distorted blast,219,1,0.8475,0.1372,3.8135
explosion,423458,Low Pitched Boom Noise,5,a dry organic recorded thud,110,0,0.6166,3.2201,4.2154
explosion,426331,ALIEN NOISE.wav,4,a deep low boom or rumble,117,0,0.4166,0.2714,0.4386
explosion,426439,Explosion 1.ogg,1,a noisy distorted blast,219,1,0.8109,1.9134,4.4611
explosion,430307,explocion.wav,0,a single sharp instant crack,153,0,0.1965,2.0746,2.9943
explosion,43115,Diesel_locomotive_horn.wav,3,a rising whoosh that builds up,49,0,0.6254,22.2143,-1.2933
explosion,434409,Volterock Fireworks single explosion.wav,1,a noisy distorted blast,219,1,0.6962,2.711,6.0437
explosion,434410,Volterock Fireworks single distant explosion.wav,1,a noisy distorted blast,219,1,0.7393,2.5762,6.0211
explosion,434423,explosion04.wav,4,a deep low boom or rumble,117,0,0.7921,3.3851,2.2877
explosion,434424,explosion03.wav,4,a deep low boom or rumble,117,0,0.801,3.3145,2.2792
explosion,434425,explosion02.wav,4,a deep low boom or rumble,117,0,0.7984,3.3385,2.3327
explosion,434426,explosion01.wav,4,a deep low boom or rumble,117,0,0.7157,3.2899,2.2918
explosion,434427,explosion08.wav,4,a deep low boom or rumble,117,0,0.7928,3.3704,2.3787
explosion,434428,explosion07.wav,4,a deep low boom or rumble,117,0,0.7531,3.3437,2.3946
explosion,434429,explosion06.wav,4,a deep low boom or rumble,117,0,0.7576,3.3114,2.3045
explosion,434430,explosion05.wav,4,a deep low boom or rumble,117,0,0.8235,3.3642,2.2471
explosion,434431,explosion09.wav,4,a deep low boom or rumble,117,0,0.7237,3.2779,2.3409
explosion,435413,explosion12.wav,2,a synthetic electronic sound effect,102,0,0.7345,-1.5498,1.3255
explosion,435414,explosion11.wav,1,a noisy distorted blast,219,1,0.7373,-0.6593,2.755
explosion,435415,explosion10.wav,2,a synthetic electronic sound effect,102,0,0.7728,-0.7074,2.7782
explosion,435416,explosion13.wav,2,a synthetic electronic sound effect,102,0,0.7459,-1.7095,0.805
explosion,435653,Blast Wave,2,a synthetic electronic sound effect,102,0,0.7474,-1.5649,1.2624
explosion,435693,kabang.wav,0,a single sharp instant crack,153,0,0.5049,2.4841,4.5729
explosion,435695,big boom,1,a noisy distorted blast,219,1,0.6142,2.5005,4.4807
explosion,442962,FALLOT_Roxane_2018_2019_Spaceship_blasts.wav,2,a synthetic electronic sound effect,102,0,0.6158,-0.4022,1.6461
explosion,446121,Explosion,1,a noisy distorted blast,219,1,0.6888,0.3056,3.0522
explosion,446624,explosion2.wav,2,a synthetic electronic sound effect,102,0,0.759,-1.0393,1.7263
explosion,446625,explosion.wav,1,a noisy distorted blast,219,1,0.7744,-0.6906,3.1203
explosion,447941,Blast + Flamethrower cooldown,0,a single sharp instant crack,153,0,0.5731,1.5711,3.833
explosion,448260,SFX-Booms.wav,2,a synthetic electronic sound effect,102,0,0.7059,-1.687,0.8558
explosion,449696,808 Sub Boom in C,5,a dry organic recorded thud,110,0,0.5964,3.8933,1.7233
explosion,455222,explosion_01.wav,0,a single sharp instant crack,153,0,0.5746,0.4825,3.1647
explosion,455530,2019.explosion.wav,2,a synthetic electronic sound effect,102,0,0.7749,-0.5064,3.2601
explosion,467954,I sneezed,0,a single sharp instant crack,153,0,0.278,0.8311,2.3435
explosion,470933,JM_NOIZ_Laser 06.wav,4,a deep low boom or rumble,117,0,0.491,1.8981,0.3355
explosion,472728,IVFX_30.wav,0,a single sharp instant crack,153,0,0.4015,0.1865,1.3346
explosion,478271,8-Bit Explosion 1_4,4,a deep low boom or rumble,117,0,0.6172,10.3798,6.4973
explosion,478272,8-Bit Explosion 1_3,4,a deep low boom or rumble,117,0,0.5752,10.3768,6.4947
explosion,478273,8-Bit Explosion 1_2,4,a deep low boom or rumble,117,0,0.6397,10.3697,6.4868
explosion,478274,8-Bit Explosion 1_1,4,a deep low boom or rumble,117,0,0.6096,10.3958,6.5138
explosion,478276,8-Bit Explosion 1_7,4,a deep low boom or rumble,117,0,0.64,10.4098,6.527
explosion,478277,8-Bit Explosion 1_6,4,a deep low boom or rumble,117,0,0.6498,10.3219,6.4389
explosion,478278,8-Bit Explosion 1_5,4,a deep low boom or rumble,117,0,0.6136,10.3707,6.488
explosion,482152,data crash 1.wav,0,a single sharp instant crack,153,0,0.5359,0.1362,1.5176
explosion,482992,large explosion 2,2,a synthetic electronic sound effect,102,0,0.8577,-0.7075,2.0005
explosion,482993,large explosion 1,2,a synthetic electronic sound effect,102,0,0.8727,-0.7144,1.8782
explosion,489428,Muffled Laser Blast,0,a single sharp instant crack,153,0,0.466,1.5627,0.8372
explosion,490253,Sci-Fi_Explosion.wav,4,a deep low boom or rumble,117,0,0.7561,3.32,2.6979
explosion,490255,Sci-Fi_Explosion_1.wav,1,a noisy distorted blast,219,1,0.8209,0.254,3.6152
explosion,490266,Sci-Fi_Explosion_2.wav,1,a noisy distorted blast,219,1,0.7881,0.2806,3.7504
explosion,49030,MoCa abstract kick.mp3,5,a dry organic recorded thud,110,0,0.7481,5.3765,2.4308
explosion,491119,LOWBigBoom.wav,1,a noisy distorted blast,219,1,0.699,0.5676,3.2271
explosion,491120,BigBOOM.wav,1,a noisy distorted blast,219,1,0.6831,0.4503,3.1245
explosion,491219,WaterbottleBoom.wav,0,a single sharp instant crack,153,0,0.3464,2.365,3.8732
explosion,501101,8-bit gunshot 2.wav,2,a synthetic electronic sound effect,102,0,0.6411,-1.2546,0.5436
explosion,503637,11 Writing and angry boom to keyboard.wav,0,a single sharp instant crack,153,0,0.2522,2.1103,4.1445
explosion,506326,retro explosion 1,5,a dry organic recorded thud,110,0,0.7325,5.7592,2.7806
explosion,506332,retro explosion 2,2,a synthetic electronic sound effect,102,0,0.5945,-0.8127,0.5903
explosion,507481,archi_gunshot_scifi_04.flac,0,a single sharp instant crack,153,0,0.5485,1.5384,1.1203
explosion,507482,archi_gunshot_scifi_03.flac,0,a single sharp instant crack,153,0,0.6121,1.6204,1.1189
explosion,507483,archi_gunshot_scifi_02.flac,0,a single sharp instant crack,153,0,0.5195,1.6444,1.0431
explosion,507484,archi_gunshot_scifi_01.flac,0,a single sharp instant crack,153,0,0.554,1.5424,1.1378
explosion,507485,archi_gunshot_scifi_08.flac,0,a single sharp instant crack,153,0,0.5224,1.5624,1.1033
explosion,507486,archi_gunshot_scifi_07.flac,0,a single sharp instant crack,153,0,0.5133,1.6028,1.1251
explosion,507487,archi_gunshot_scifi_06.flac,0,a single sharp instant crack,153,0,0.3686,1.6264,1.0857
explosion,507488,archi_gunshot_scifi_05.flac,0,a single sharp instant crack,153,0,0.5271,1.5678,1.1406
explosion,51463,big_explosion.wav,2,a synthetic electronic sound effect,102,0,0.7116,-0.2064,3.1323
explosion,514646,04_caida_proyectil.wav,1,a noisy distorted blast,219,1,0.7812,2.8979,6.3623
explosion,515735,"Retro, Explosion 06.wav",2,a synthetic electronic sound effect,102,0,0.8613,-1.2543,1.3058
explosion,515866,Soft Shot Gun Laser Blast,1,a noisy distorted blast,219,1,0.5798,2.801,6.0049
explosion,517664,8-Bit Cannon.wav,2,a synthetic electronic sound effect,102,0,0.7872,-1.4623,1.4243
explosion,518884,Simple Explosion Sound,0,a single sharp instant crack,153,0,0.4038,0.5757,2.2039
explosion,518886,Simple Blast Attack Sound,0,a single sharp instant crack,153,0,0.5886,0.7792,2.3158
explosion,521490,air_blast_mechanism_small_1_0s.wav,0,a single sharp instant crack,153,0,0.4322,8.9422,0.9482
explosion,521491,air_blast_big_fast_0_4s.wav,0,a single sharp instant crack,153,0,0.5488,8.8067,0.8485
explosion,521492,air_blast_big_1_5s.wav,0,a single sharp instant crack,153,0,0.5233,0.4303,5.4965
explosion,521493,air_blast_Large_1_4s.wav,0,a single sharp instant crack,153,0,0.5584,8.9457,0.937
explosion,521494,air_blast_piston_small_0_7s.wav,0,a single sharp instant crack,153,0,0.6116,8.8496,0.9166
explosion,521495,air_blast_piston_1_5s.wav,0,a single sharp instant crack,153,0,0.5547,8.853,0.8727
explosion,521496,air_blast_med_pneum_1_3s.wav,0,a single sharp instant crack,153,0,0.603,8.8613,1.0059
explosion,521497,air_blast_med_double_1_1s.wav,0,a single sharp instant crack,153,0,0.5106,9.1439,1.0006
explosion,521498,air_blast_small_hi_press_1_5s.wav,0,a single sharp instant crack,153,0,0.5673,8.8176,0.8177
explosion,521499,air_blast_small_fast_0_7s.wav,0,a single sharp instant crack,153,0,0.4358,8.8643,0.8589
explosion,521500,air_throw_random_broken_valve.wav,0,a single sharp instant crack,153,0,0.2313,9.2162,0.9637
explosion,521501,air_hiss_tubes_loop.wav,0,a single sharp instant crack,153,0,0.3627,9.1733,0.9507
explosion,521502,air_hiss_tubes_loop_big.wav,0,a single sharp instant crack,153,0,0.4652,9.2422,0.9545
explosion,521503,air_hiss_hollow_reverberant2_turbine_loop.wav,0,a single sharp instant crack,153,0,0.2087,9.2415,0.9111
explosion,521504,air_hiss_cola_smooth_loop.wav,0,a single sharp instant crack,153,0,0.3213,9.1888,0.9644
explosion,521505,air_hiss_cola_loop.wav,0,a single sharp instant crack,153,0,0.2847,9.1554,0.9688
explosion,521506,air_hiss_cola.wav,0,a single sharp instant crack,153,0,0.4545,8.8165,0.8159
explosion,521507,air_hiss_steady_loop.wav,0,a single sharp instant crack,153,0,0.3235,9.2199,0.935
explosion,521508,air_hiss_small_cryo_loop.wav,0,a single sharp instant crack,153,0,0.3865,9.1488,1.0139
explosion,521509,air_hiss_pressure_loop.wav,0,a single sharp instant crack,153,0,0.2685,9.2612,1.0503
explosion,521726,AK01MP - INDUSTRIAL FEELINGS.wav,0,a single sharp instant crack,153,0,0.5582,2.326,1.6275
explosion,522209,Explosion,2,a synthetic electronic sound effect,102,0,0.8826,-1.7462,0.9109
explosion,522695,"Explosion, Short, Impact, Fast, reverb",0,a single sharp instant crack,153,0,0.6628,1.6516,2.3061
explosion,522696,"Explosion, Short, Impact, Break gravel, reverb",0,a single sharp instant crack,153,0,0.4154,1.2749,3.3598
explosion,523089,Explosion 1,1,a noisy distorted blast,219,1,0.7344,1.2777,4.6864
explosion,523783,Boom Explosion,1,a noisy distorted blast,219,1,0.862,0.7327,3.8471
explosion,529025,Anime_explosion_blast_3.wav,1,a noisy distorted blast,219,1,0.8041,0.4137,3.5968
explosion,529555,Laser Blast.wav,4,a deep low boom or rumble,117,0,0.6626,3.9281,0.2557
explosion,530885,Heavy/Big Sci-Fi Cinematic Explosion (w/ Tail),1,a noisy distorted blast,219,1,0.7177,1.0983,6.5841
explosion,530886,Incoming Artillery Strike Cinematic Explosion,1,a noisy distorted blast,219,1,0.8304,1.1203,6.5711
explosion,534653,whistling resonant filtered noise sfx.wav,0,a single sharp instant crack,153,0,0.6116,0.7055,1.4824
explosion,535557,BOOM IMPACT,1,a noisy distorted blast,219,1,0.7798,2.9099,2.5019
explosion,535592,BOOM IMPACT 2,1,a noisy distorted blast,219,1,0.7909,3.1901,2.4528
explosion,535615,LOW BIT BOOM,5,a dry organic recorded thud,110,0,0.6284,3.7897,1.6036
explosion,537909,Raygun Blast 1.mp3,0,a single sharp instant crack,153,0,0.5886,0.9085,2.4723
explosion,537912,Raygun Blast 2 Reverb.mp3,0,a single sharp instant crack,153,0,0.7039,0.9296,2.4088
explosion,539668,8-Bit Explosion,0,a single sharp instant crack,153,0,0.6821,1.3038,1.4024
explosion,540068,Missile Blast 3,0,a single sharp instant crack,153,0,0.7345,1.0916,2.8593
explosion,540091,Rocket Blast,1,a noisy distorted blast,219,1,0.7385,0.2554,3.9362
explosion,542025,GASP_Explosion_2.wav,0,a single sharp instant crack,153,0,0.5901,1.4297,2.3599
explosion,543540,Multi-Shot Firework,1,a noisy distorted blast,219,1,0.6419,1.6126,7.3597
explosion,544169,noise blast.wav,5,a dry organic recorded thud,110,0,0.5841,5.2503,3.2332
explosion,547375,Blast.ogg,1,a noisy distorted blast,219,1,0.8332,0.6259,4.5566
explosion,555063,Missile Blast 2,0,a single sharp instant crack,153,0,0.7346,0.9916,1.6727
explosion,560575,Explosion 4.wav,1,a noisy distorted blast,219,1,0.798,1.6634,6.869
explosion,560576,Explosion 3.wav,1,a noisy distorted blast,219,1,0.7805,1.9786,6.5505
explosion,560577,Explosion 2.wav,1,a noisy distorted blast,219,1,0.8404,1.8804,6.5907
explosion,560578,Explosion 6.wav,1,a noisy distorted blast,219,1,0.7685,1.8651,6.6946
explosion,560579,Explosion 5.wav,1,a noisy distorted blast,219,1,0.8344,1.9196,6.6661
explosion,560580,Explosion 1.wav,1,a noisy distorted blast,219,1,0.749,1.5613,6.7533
explosion,563010,Explosion.mp3,1,a noisy distorted blast,219,1,0.7565,0.0686,3.5653
explosion,568877,Self Destruct/Alpha-11 Warhead Explosion,1,a noisy distorted blast,219,1,0.8611,0.0989,4.0885
explosion,571508,boom.mp3,5,a dry organic recorded thud,110,0,0.6083,4.4243,2.0174
explosion,572285,lorenc_fx19_explosion.wav,0,a single sharp instant crack,153,0,0.4496,0.9854,2.7451
explosion,579504,firework.mp3,1,a noisy distorted blast,219,1,0.6496,3.1965,6.6643
explosion,580040,Gun / Cannon / Explosion,1,a noisy distorted blast,219,1,0.6775,0.7758,5.5295
explosion,580748,Fireworks - Single Boom with Flam,1,a noisy distorted blast,219,1,0.4366,1.4942,7.2293
explosion,580749,Fireworks - Triple Boom,1,a noisy distorted blast,219,1,0.5852,1.4614,7.1375
explosion,580752,Fireworks - Single Boom,1,a noisy distorted blast,219,1,0.4471,1.4759,7.2377
explosion,580892,hit_explosion.wav,1,a noisy distorted blast,219,1,0.6758,0.5065,4.9866
explosion,580893,hit_explosion_2.wav,1,a noisy distorted blast,219,1,0.6574,0.6395,5.0992
explosion,581403,Firecracker in a filing cabinet,0,a single sharp instant crack,153,0,0.4135,0.4368,5.6389
explosion,581597,Gun Cannon,1,a noisy distorted blast,219,1,0.6533,0.4165,5.678
explosion,581598,Auto Cannon 3,0,a single sharp instant crack,153,0,0.622,0.4553,5.5965
explosion,582462,laser blast 3.flac,0,a single sharp instant crack,153,0,0.6852,2.2477,1.3858
explosion,582463,laser blast 2.flac,0,a single sharp instant crack,153,0,0.7289,2.279,1.3953
explosion,582464,laser blast 1.flac,0,a single sharp instant crack,153,0,0.6373,1.9949,1.3791
explosion,584169,Explosion 01,1,a noisy distorted blast,219,1,0.5736,0.877,6.864
explosion,584170,Explosion 02,4,a deep low boom or rumble,117,0,0.6693,0.8186,6.9211
explosion,584171,Explosion 03,1,a noisy distorted blast,219,1,0.5934,0.8682,6.957
explosion,584172,Explosion 04,4,a deep low boom or rumble,117,0,0.6454,0.7742,6.8713
explosion,587444,Explosion / Gun - 2,1,a noisy distorted blast,219,1,0.6267,0.4154,6.1092
explosion,587445,Explosion / Gun,1,a noisy distorted blast,219,1,0.6027,0.3973,6.0801
explosion,587886,Explosion large,1,a noisy distorted blast,219,1,0.7642,0.3085,6.1009
explosion,587887,Explosion in a can,1,a noisy distorted blast,219,1,0.5684,0.3361,6.0277
explosion,590360,SFX_STICKERRIPPER_foilBooms_01.wav,0,a single sharp instant crack,153,0,0.4806,1.8432,1.5028
explosion,590361,SFX_STICKERRIPPER_foilBooms_02.wav,0,a single sharp instant crack,153,0,0.3617,1.8106,3.0676
explosion,590362,SFX_STICKERRIPPER_foilBooms_03.wav,0,a single sharp instant crack,153,0,0.4169,1.7203,1.3431
explosion,590363,SFX_STICKERRIPPER_foilBooms_04.wav,0,a single sharp instant crack,153,0,0.4946,1.7951,1.5491
explosion,591814,Train Horn 39 with Bell.mp3,3,a rising whoosh that builds up,49,0,0.7392,21.891,-0.8679
explosion,591818,Train Horn 32.mp3,3,a rising whoosh that builds up,49,0,0.7901,21.9646,-0.9496
explosion,591825,Train Horn 35.mp3,3,a rising whoosh that builds up,49,0,0.7853,21.9175,-0.895
explosion,591837,Train Horn 26.mp3,3,a rising whoosh that builds up,49,0,0.7949,22.0145,-1.0096
explosion,591838,Train Horn 25.mp3,3,a rising whoosh that builds up,49,0,0.8376,21.9602,-0.944
explosion,591839,Train Horn 24 with Crossing Bell.mp3,3,a rising whoosh that builds up,49,0,0.7355,21.8903,-0.868
explosion,591842,Train Horn 48 (Short).mp3,3,a rising whoosh that builds up,49,0,0.8043,22.1333,-1.1587
explosion,591849,Train Horn 43.mp3,3,a rising whoosh that builds up,49,0,0.7631,21.9521,-0.9291
explosion,591856,Train Horn 58.mp3,3,a rising whoosh that builds up,49,0,0.8715,22.1196,-1.1565
explosion,591857,Train Horn 57 (Pitch Change).mp3,3,a rising whoosh that builds up,49,0,0.8188,22.0255,-1.02
explosion,591879,Train Passing By 11 with Short Horn.mp3,3,a rising whoosh that builds up,49,0,0.6918,21.9206,-0.8983
explosion,591998,Huge explosion,1,a noisy distorted blast,219,1,0.7411,0.1685,5.9184
explosion,608082,Horn 12 (Kahlenberg).mp3,3,a rising whoosh that builds up,49,0,0.901,22.4653,-1.6691
explosion,608083,Horn 11 (Ibuki Deep).mp3,3,a rising whoosh that builds up,49,0,0.7997,22.6257,-1.9081
explosion,608084,Horn 10 (Federal Blend).mp3,3,a rising whoosh that builds up,49,0,0.9091,22.397,-1.5869
explosion,608087,Horn 15 (Leslie Short Dissonant).mp3,3,a rising whoosh that builds up,49,0,0.8601,22.3049,-1.4721
explosion,608090,Horn 18 (Leslie A 300).mp3,3,a rising whoosh that builds up,49,0,0.869,22.668,-1.9273
explosion,608091,Horn 17 (Leslie A 200s).mp3,3,a rising whoosh that builds up,49,0,0.8846,22.5751,-1.835
explosion,608092,Horn 7 (Federal).mp3,3,a rising whoosh that builds up,49,0,0.9271,22.431,-1.6258
explosion,608093,Horn 8 (Federal).mp3,3,a rising whoosh that builds up,49,0,0.9042,22.3695,-1.5485
explosion,608094,Horn 3 (Sonic Horn).mp3,3,a rising whoosh that builds up,49,0,0.8266,22.6107,-1.8903
explosion,608095,Horn 30 (Westinghouse).mp3,3,a rising whoosh that builds up,49,0,0.8879,22.2816,-1.4489
explosion,608097,Horn 29 (Zöllner Macrofon).mp3,3,a rising whoosh that builds up,49,0,0.8922,22.5586,-1.8076
explosion,608099,Horn 6 (Federal).mp3,3,a rising whoosh that builds up,49,0,0.9232,22.368,-1.5497
explosion,608100,Horn 31 (Leslie A 425 Deep).mp3,3,a rising whoosh that builds up,49,0,0.8249,22.6265,-1.9042
explosion,608103,Horn 20 (Leslie RS 3).mp3,3,a rising whoosh that builds up,49,0,0.8821,22.189,-1.2722
explosion,608105,Horn 19 (Leslie RS Single).mp3,3,a rising whoosh that builds up,49,0,0.9195,22.3762,-1.5524
explosion,608107,Horn 24 (Nathan M5 Dissonant).mp3,3,a rising whoosh that builds up,49,0,0.8655,22.1425,-1.1914
explosion,608108,Horn 23 (Nathan M3 Dissonant).mp3,3,a rising whoosh that builds up,49,0,0.9073,22.2723,-1.4021
explosion,608109,Horn 22 (Nathan K5 Dissonant).mp3,3,a rising whoosh that builds up,49,0,0.9115,22.2323,-1.3178
explosion,608110,Horn 27 (Swanson 400 Deep).mp3,3,a rising whoosh that builds up,49,0,0.8344,22.6025,-1.8754
explosion,608600,90 Monster 808 Sauce - Fiya Kick 04_F4-G4,5,a dry organic recorded thud,110,0,0.492,4.7279,1.7083
explosion,608601,90 Monster 808 Sauce - Fiya Kick 03_E5-E4,5,a dry organic recorded thud,110,0,0.5486,4.6878,1.8056
explosion,608602,90 Monster 808 Sauce - Fiya Kick 02_E5,5,a dry organic recorded thud,110,0,0.3025,4.6981,1.6493
explosion,608603,90 Monster 808 Sauce - Fiya Kick 01_E4,5,a dry organic recorded thud,110,0,0.3144,4.6741,1.6654
explosion,608604,90 Monster 808 Sauce - Fiya Kick 05_F4-E4,5,a dry organic recorded thud,110,0,0.5793,4.68,1.7257
explosion,608787,Explosion1.ogg,1,a noisy distorted blast,219,1,0.5602,5.6695,3.4606
explosion,608788,Explosion.ogg,1,a noisy distorted blast,219,1,0.6079,5.7188,3.4992
explosion,609350,Explosion.m4a,0,a single sharp instant crack,153,0,0.6383,0.4545,4.5682
explosion,609587,"Grenade Explosion SFX (medium-sized, meaty, realistic)",1,a noisy distorted blast,219,1,0.7336,0.4995,6.186
explosion,609588,Firecracker Explosion,1,a noisy distorted blast,219,1,0.5141,0.8622,5.738
explosion,616286,"Fireworks, single, large, distant, long echo .mono.wav",1,a noisy distorted blast,219,1,0.7972,2.7222,5.9185
explosion,621000,Cannon explosion sound,1,a noisy distorted blast,219,1,0.7753,0.2905,5.9016
explosion,621001,Cannon explosion sound 2,1,a noisy distorted blast,219,1,0.782,0.3051,6.0333
explosion,621002,Cannon explosion sound 3,1,a noisy distorted blast,219,1,0.8084,0.3985,5.7484
explosion,621003,Cannon explosion sound 4,1,a noisy distorted blast,219,1,0.7726,0.2537,5.9341
explosion,62542,Bigfirework1.wav,1,a noisy distorted blast,219,1,0.7188,2.6921,6.0374
explosion,640697,distant firework boom.wav,0,a single sharp instant crack,153,0,0.4722,2.5727,5.1878
explosion,640698,distant firework boom 4.wav,1,a noisy distorted blast,219,1,0.6396,2.733,5.5016
explosion,640846,Ignite Chuck,0,a single sharp instant crack,153,0,0.4455,0.1469,1.4919
explosion,645844,Smoke_Machine_Blast_Long.wav,0,a single sharp instant crack,153,0,0.3144,8.9136,0.8223
explosion,647666,Train Horn passenger - 2 Toots (Electric Multiple Unit).wav,3,a rising whoosh that builds up,49,0,0.7642,22.3678,-1.5533
explosion,647667,Train Horn passenger - long blast (Electric Multiple Unit).mp3,3,a rising whoosh that builds up,49,0,0.8945,22.2866,-1.4334
explosion,647668,Train Horn passenger - long blast (InterCity Express).wav,3,a rising whoosh that builds up,49,0,0.8541,22.2755,-1.4048
explosion,658743,Bang Blast.ogg,1,a noisy distorted blast,219,1,0.6153,2.6203,3.346
explosion,660456,They Shot First Vox/ SFX,5,a dry organic recorded thud,110,0,0.5217,4.4572,2.85
explosion,660463,Energy blast,0,a single sharp instant crack,153,0,0.455,-0.1484,0.8433
explosion,662013,Divine Blast,2,a synthetic electronic sound effect,102,0,0.6144,5.7512,6.7721
explosion,663057,loudthump.wav,5,a dry organic recorded thud,110,0,0.7284,2.8766,3.3796
explosion,667659,crunchy-explosion2.wav,2,a synthetic electronic sound effect,102,0,0.5501,5.4644,2.8546
explosion,670043,Gun fire then explosion - distanced,1,a noisy distorted blast,219,1,0.7629,0.5065,4.5203
explosion,6722,boom4.wav,1,a noisy distorted blast,219,1,0.8093,-0.0523,4.077
explosion,67458,explosion_1.flac,1,a noisy distorted blast,219,1,0.8078,0.3823,4.8081
explosion,67463,explosion_6.flac,0,a single sharp instant crack,153,0,0.5373,0.8787,5.2685
explosion,67464,explosion_7.flac,1,a noisy distorted blast,219,1,0.836,1.1131,5.0317
explosion,67465,explosion_7_no_echo.flac,1,a noisy distorted blast,219,1,0.741,1.0678,5.0212
explosion,676901,emergency_alarm.m4a,3,a rising whoosh that builds up,49,0,0.5341,22.3393,-1.5084
explosion,677931,explosion 1.wav,1,a noisy distorted blast,219,1,0.8413,1.5682,4.1539
explosion,677932,explosion 2.wav,1,a noisy distorted blast,219,1,0.7926,1.659,4.0039
explosion,677933,explosion 3.wav,1,a noisy distorted blast,219,1,0.8262,1.5251,4.072
explosion,683477,Rifle Blast SFX.wav,5,a dry organic recorded thud,110,0,0.5764,2.798,4.5727
explosion,685909,Pow1.wav,0,a single sharp instant crack,153,0,0.5513,0.9071,2.5203
explosion,69178,Mine Blasts (2).wav,1,a noisy distorted blast,219,1,0.8166,0.904,4.747
explosion,692923,Crunchy Explosion,1,a noisy distorted blast,219,1,0.7193,0.0529,3.7188
explosion,699450,Shotgun - Rode NT1A.wav,1,a noisy distorted blast,219,1,0.5958,0.8084,5.1348
explosion,699451,Shotgun - Shure SM57.wav,1,a noisy distorted blast,219,1,0.5803,0.711,5.0654
explosion,699452,Shotgun - Sennheiser MKH50.wav,1,a noisy distorted blast,219,1,0.574,0.7955,5.1648
explosion,706970,Extending a boom pole. OWI.wav,0,a single sharp instant crack,153,0,0.0634,8.7054,0.9931
explosion,708063,Bang 4,0,a single sharp instant crack,153,0,0.6126,2.9327,1.0055
explosion,708065,Bang 5,0,a single sharp instant crack,153,0,0.6529,2.9251,1.0963
explosion,711062,KaBoom,5,a dry organic recorded thud,110,0,0.3529,2.0448,3.4909
explosion,711077,BOOM1,4,a deep low boom or rumble,117,0,0.653,2.8198,1.8954
explosion,711556,fake gunshot sfx (Pop Effect 002),0,a single sharp instant crack,153,0,0.4818,2.3205,3.2066
explosion,718133,Double Distant Firework Explosion,1,a noisy distorted blast,219,1,0.8697,2.1598,5.9918
explosion,718960,Distant Explosion with echo,1,a noisy distorted blast,219,1,0.8207,2.2556,6.0154
explosion,718964,Firework Explosion 3,1,a noisy distorted blast,219,1,0.8422,2.1432,5.9954
explosion,719792,Double Firework Explosion,1,a noisy distorted blast,219,1,0.8538,2.0315,5.9387
explosion,719796,Firework Explosion 4,1,a noisy distorted blast,219,1,0.7372,1.4593,5.4102
explosion,721032,SFX_Mine Triger and Explosion,0,a single sharp instant crack,153,0,0.5214,1.7845,1.986
explosion,72105,Hip-Hop Television Star.wav,5,a dry organic recorded thud,110,0,0.4154,2.9402,4.877
explosion,723574,boom drum kick,5,a dry organic recorded thud,110,0,0.52,4.2333,2.2121
explosion,727273,Laser- Blast-1A,0,a single sharp instant crack,153,0,0.6749,0.9335,1.3062
explosion,728440,BoomsOfKitchen (1),0,a single sharp instant crack,153,0,0.7106,1.9734,2.1612
explosion,728441,BoomsOfKitchen (10),0,a single sharp instant crack,153,0,0.6333,1.9162,2.7508
explosion,728442,BoomsOfKitchen (11),0,a single sharp instant crack,153,0,0.7495,1.8861,1.881
explosion,728443,BoomsOfKitchen (12),0,a single sharp instant crack,153,0,0.7283,1.7947,2.8255
explosion,728444,BoomsOfKitchen (13),0,a single sharp instant crack,153,0,0.6611,2.7968,1.144
explosion,728445,BoomsOfKitchen (14),0,a single sharp instant crack,153,0,0.6892,1.7475,2.4108
explosion,728446,BoomsOfKitchen (15),0,a single sharp instant crack,153,0,0.5113,1.8837,2.8647
explosion,728447,BoomsOfKitchen (16),0,a single sharp instant crack,153,0,0.5299,1.8301,2.8821
explosion,728448,BoomsOfKitchen (17),0,a single sharp instant crack,153,0,0.567,1.8272,2.7795
explosion,728449,BoomsOfKitchen (18),0,a single sharp instant crack,153,0,0.6645,1.7207,2.8597
explosion,728450,BoomsOfKitchen (19),0,a single sharp instant crack,153,0,0.6914,1.7109,2.9245
explosion,728451,BoomsOfKitchen (2),0,a single sharp instant crack,153,0,0.4721,1.7528,0.4992
explosion,728507,BoomsOfKitchen (64),0,a single sharp instant crack,153,0,0.7941,1.7862,3.8842
explosion,728508,BoomsOfKitchen (65),0,a single sharp instant crack,153,0,0.6906,1.7599,2.6348
explosion,728509,BoomsOfKitchen (66),0,a single sharp instant crack,153,0,0.6552,1.9988,2.3353
explosion,728510,BoomsOfKitchen (67),0,a single sharp instant crack,153,0,0.5773,2.7701,1.534
explosion,728511,BoomsOfKitchen (68),0,a single sharp instant crack,153,0,0.6901,2.0277,2.6321
explosion,728512,BoomsOfKitchen (69),0,a single sharp instant crack,153,0,0.6793,1.9362,2.7822
explosion,73005,Blast.wav,1,a noisy distorted blast,219,1,0.907,1.2774,4.9773
explosion,733519,MetroModoro Louder,5,a dry organic recorded thud,110,0,0.6047,4.1605,2.1944
explosion,742583,Sci-Fi Gunshot - Heavy Blast Weapon,1,a noisy distorted blast,219,1,0.7347,0.5886,4.1825
explosion,744686,Explosion,0,a single sharp instant crack,153,0,0.5453,0.8158,2.3236
explosion,750677,Firecracker Explosion (1),1,a noisy distorted blast,219,1,0.8952,1.3817,5.0668
explosion,750678,Firecracker Explosion (2),1,a noisy distorted blast,219,1,0.846,1.5173,4.7631
explosion,750679,Firecracker Explosion (3),1,a noisy distorted blast,219,1,0.8593,1.5669,4.4755
explosion,750680,Firecracker Explosion (4),1,a noisy distorted blast,219,1,0.8001,1.201,4.8513
explosion,750683,Firework Explosion,1,a noisy distorted blast,219,1,0.7297,1.1612,6.6595
explosion,750822,custom_short_explosion_impact_sound,1,a noisy distorted blast,219,1,0.6787,1.1328,3.4161
explosion,753843,Explosion Outdoors (Medium),1,a noisy distorted blast,219,1,0.8091,1.2546,6.7566
explosion,756352,"Crunchy, Noisy Retro Explosion",2,a synthetic electronic sound effect,102,0,0.7051,-1.0774,0.379
explosion,76176,Solar Explosion.aif,0,a single sharp instant crack,153,0,0.6095,2.9838,1.133
explosion,764506,Giant Plastic Sheet boomy 2,1,a noisy distorted blast,219,1,0.7277,3.2041,4.2082
explosion,764508,Giant Plastic Sheet boomy pan R,1,a noisy distorted blast,219,1,0.583,3.2768,4.1393
explosion,764510,giant plastic sheet  v127,5,a dry organic recorded thud,110,0,0.5648,3.2159,4.1925
explosion,764511,giant plastic sheet  v30,5,a dry organic recorded thud,110,0,0.5549,3.2328,4.186
explosion,764512,giant plastic sheet  v60,5,a dry organic recorded thud,110,0,0.5423,3.2051,4.2238
explosion,764513,giant plastic sheet  v90,5,a dry organic recorded thud,110,0,0.5461,3.2335,4.1956
explosion,764515,giant plastic sheet with mechanical noise,5,a dry organic recorded thud,110,0,0.5496,3.2229,4.2038
explosion,770200,Riser Slam Boom | Trailer Effect,0,a single sharp instant crack,153,0,0.5645,2.501,1.6186
explosion,783986,Laser Beam Firing,2,a synthetic electronic sound effect,102,0,0.608,-1.6665,0.7395
explosion,784205,Cartoon Explosion (designed on cassette tape lol),1,a noisy distorted blast,219,1,0.8059,0.2094,4.3307
explosion,784935,TF_movie_Optimus_inspired_laser_sound_effect_01_2022,1,a noisy distorted blast,219,1,0.626,0.7095,4.2724
explosion,785925,Drama Boom,1,a noisy distorted blast,219,1,0.8038,0.7733,4.3176
explosion,785927,"Cinema ""Sonic Boom""",0,a single sharp instant crack,153,0,0.4641,2.8499,1.2456
explosion,785947,Trailer Vortex Boom,4,a deep low boom or rumble,117,0,0.7335,3.0119,1.1653
explosion,78859,into4.mp3,2,a synthetic electronic sound effect,102,0,0.4177,5.7415,6.7242
explosion,789132,A#3 Boom Piano,3,a rising whoosh that builds up,49,0,0.6238,-9.2268,-0.0706
explosion,789133,A3 Boom Piano,3,a rising whoosh that builds up,49,0,0.6456,-9.2165,-0.0601
explosion,789134,B3 Boom Piano,3,a rising whoosh that builds up,49,0,0.6124,-9.1946,-0.0383
explosion,789135,C#3 Boom Piano,3,a rising whoosh that builds up,49,0,0.4056,-9.0875,0.069
explosion,789136,C3 Boom Piano,3,a rising whoosh that builds up,49,0,0.4577,-9.0585,0.0979
explosion,789137,C4 Boom Piano,3,a rising whoosh that builds up,49,0,0.6001,-9.1948,-0.0384
explosion,789138,D#3 Boom Piano,3,a rising whoosh that builds up,49,0,0.5735,-9.1148,0.0418
explosion,789139,D3 Boom Piano,3,a rising whoosh that builds up,49,0,0.4214,-9.0841,0.0724
explosion,789140,E3 Boom Piano,3,a rising whoosh that builds up,49,0,0.6537,-9.1119,0.0448
explosion,789141,F#3 Boom Piano,3,a rising whoosh that builds up,49,0,0.561,-9.1177,0.039
explosion,789142,F3 Boom Piano,3,a rising whoosh that builds up,49,0,0.4808,-9.0563,0.1005
explosion,789143,G#3 Boom Piano,3,a rising whoosh that builds up,49,0,0.7168,-9.1841,-0.0276
explosion,789144,G3 Boom Piano,3,a rising whoosh that builds up,49,0,0.6715,-9.1722,-0.0155
explosion,792838,11th Pop Balloon Trap Rap Hand Clap 1 - Nova Sound,0,a single sharp instant crack,153,0,0.2737,0.6606,5.4976
explosion,792839,Balloon Pop Stereo Delay Tap Nova Sound FX Signature Perc,4,a deep low boom or rumble,117,0,0.4885,0.5432,0.5466
explosion,792840,Filtered MEGA Stomp Kick Drum Nova Sound FX,4,a deep low boom or rumble,117,0,0.8253,4.2634,-0.4306
explosion,792841,Free 11 Cripsy Reverse Transition FX - Nova Sound,0,a single sharp instant crack,153,0,0.387,2.5458,1.9531
explosion,792842,Pop Rimshot Metronome Percussion Nova Sound FX Fire 2,4,a deep low boom or rumble,117,0,0.4307,1.0418,7.0718
explosion,795371,Analog 06,0,a single sharp instant crack,153,0,0.6414,1.5785,3.1128
explosion,802074,Drama Boom 02,5,a dry organic recorded thud,110,0,0.4507,3.4639,4.0368
explosion,803771,whoosh 1 long,2,a synthetic electronic sound effect,102,0,0.7563,-0.3612,2.1555
explosion,804661,explosion,1,a noisy distorted blast,219,1,0.8467,0.5292,3.7375
explosion,804681,PLASMA IMPACT ONE,0,a single sharp instant crack,153,0,0.6169,2.5291,1.383
explosion,804682,PLASMA IMPACT TWO,0,a single sharp instant crack,153,0,0.5628,2.5352,1.3829
explosion,805089,"TOONImpt_Explosion, Tremendous, Cartoon_Nicholas Judy_TDC",0,a single sharp instant crack,153,0,0.6497,0.5223,2.6023
explosion,805113,"TOONMisc_Whip Cream Blast, Comical_Nicholas Judy_TDC",0,a single sharp instant crack,153,0,0.5346,0.8339,2.5947
explosion,808623,bang start 1,5,a dry organic recorded thud,110,0,0.506,4.0681,1.5621
explosion,810976,"TOOLPneu-Samsung Galaxy Smartphone_Nail Gun, Burst 01_Nicholas Judy_TDC",0,a single sharp instant crack,153,0,0.5942,0.6607,5.333
explosion,81103,Blast Revisited.wav,1,a noisy distorted blast,219,1,0.6351,1.3088,4.1032
explosion,812593,Collision,1,a noisy distorted blast,219,1,0.676,0.2722,4.7714
explosion,814044,Creation Magic Blast,0,a single sharp instant crack,153,0,0.4579,0.273,3.3784
explosion,814049,Ion Cannon,1,a noisy distorted blast,219,1,0.6687,0.1022,3.413
explosion,814052,Retro Bit Explosion,1,a noisy distorted blast,219,1,0.7887,-0.6461,3.1505
explosion,815440,EXPLMisc-CU_Explosion_Nicholas Judy_TDC,1,a noisy distorted blast,219,1,0.7871,1.9145,5.0363
explosion,815445,"FRWKComr-Samsung Galaxy Smartphone, CU_Firework, Explosions, X4_Nicholas Judy_TDC",1,a noisy distorted blast,219,1,0.7616,2.5439,6.1328
explosion,816082,Fx boom,5,a dry organic recorded thud,110,0,0.544,4.3323,1.9928
explosion,816376,DSGNStngr_basic trailer boom impact,4,a deep low boom or rumble,117,0,0.8059,3.5673,1.0487
explosion,825772,UNDERGROUND SUNK IMPACT,4,a deep low boom or rumble,117,0,0.8945,4.2199,-0.9137
explosion,825773,SUNKEN BURIED EXPLOSION,4,a deep low boom or rumble,117,0,0.894,4.5319,-0.9883
explosion,825775,RUMBLY SUNK HIT,4,a deep low boom or rumble,117,0,0.8424,4.6569,-0.815
explosion,825776,IMMERSED RUMBLY HIT,4,a deep low boom or rumble,117,0,0.8849,4.1533,-0.9783
explosion,825777,UNDERGROUND SUBMERGED BOOM,4,a deep low boom or rumble,117,0,0.8863,4.081,-1.0491
explosion,825778,PROFOUND NETHER IMPACT,4,a deep low boom or rumble,117,0,0.8983,4.5222,-0.4813
explosion,825779,POWERFUL UNDERGROUND HIT,4,a deep low boom or rumble,117,0,0.7935,4.5559,-1.3893
explosion,825780,RUMBLY OBSCURE BOOM,4,a deep low boom or rumble,117,0,0.7731,4.2316,-0.5936
explosion,825783,DEEP DEEP IMPACT,4,a deep low boom or rumble,117,0,0.7799,4.4294,-1.1894
explosion,825784,POWERFUL LOW BOOM,4,a deep low boom or rumble,117,0,0.8834,4.5297,-0.9467
explosion,825785,UNDERGROUND SUNK EXPLOSION,4,a deep low boom or rumble,117,0,0.8116,4.0888,-1.225
explosion,825786,SUNKEN BURIED HIT,4,a deep low boom or rumble,117,0,0.8821,4.5172,-0.9975
explosion,825787,RATTLING SUBMERGED HIT,4,a deep low boom or rumble,117,0,0.8194,3.9807,-1.0885
explosion,825788,LOW SUBMERGED IMPACT,4,a deep low boom or rumble,117,0,0.7678,4.2125,-0.3746
explosion,825789,LOW PROFOUND HIT,4,a deep low boom or rumble,117,0,0.7706,4.1993,-0.7494
explosion,825790,DEEP UNDERGROUND BOOM,4,a deep low boom or rumble,117,0,0.9232,4.1396,-1.1263
explosion,825791,LOW BURIED BOOM,4,a deep low boom or rumble,117,0,0.8649,4.3249,-0.817
explosion,825792,IMMERSED UNDERGROUND HIT,4,a deep low boom or rumble,117,0,0.8074,3.9471,-1.1038
explosion,825961,RATTLING BOOMY CAVE PUNCH,4,a deep low boom or rumble,117,0,0.9106,4.334,-1.026
explosion,825962,RESONANT RUMBLY GRAND BOOM,4,a deep low boom or rumble,117,0,0.8915,4.5564,-1.1727
explosion,825963,BURIED RESONANT CAVE HIT,4,a deep low boom or rumble,117,0,0.8386,4.6931,-0.837
explosion,825964,UNDERGROUND PROFOUND CAVE BOOM,4,a deep low boom or rumble,117,0,0.7811,4.6208,-1.3149
explosion,825965,LOW OBSCURE NETHER IMPACT,4,a deep low boom or rumble,117,0,0.8272,4.0666,-0.7974
explosion,825966,OBSCURE RATTLING BURIED EXPLOSION,4,a deep low boom or rumble,117,0,0.8978,4.8135,-0.9118
explosion,825968,RATTLING LOW RUMBLY EXPLOSION,4,a deep low boom or rumble,117,0,0.9291,4.1295,-0.9682
explosion,825969,OBSCURE OBSCURE NETHER PUNCH,4,a deep low boom or rumble,117,0,0.6425,2.0996,0.1785
explosion,825970,GRAND BURIED RATTLING BOOM,4,a deep low boom or rumble,117,0,0.854,3.998,-0.861
explosion,825999,bassy_explosion_sound_01_09082025,1,a noisy distorted blast,219,1,0.6437,1.1976,3.3896
explosion,826056,METALLIC RATTLING LOW EXPLOSION,4,a deep low boom or rumble,117,0,0.8464,4.2153,-0.9911
explosion,826057,ELECTRIC HELLISH POWERFUL IMPACT,4,a deep low boom or rumble,117,0,0.8991,4.1851,-0.8826
explosion,826058,BURIED PROFOUND OBSCURE BOOM,4,a deep low boom or rumble,117,0,0.7815,4.9608,-0.7239
explosion,826060,NETHER RUMBLY POWERFUL IMPACT,4,a deep low boom or rumble,117,0,0.8254,4.2887,-1.2514
explosion,826061,PROFOUND LONG NETHER HIT,4,a deep low boom or rumble,117,0,0.7529,3.8813,-1.1193
explosion,826062,BURIED ELECTRIC RATTLING PUNCH,4,a deep low boom or rumble,117,0,0.7946,4.3059,-1.1553
explosion,826063,METALLIC POWERFUL LASTING IMPACT,4,a deep low boom or rumble,117,0,0.7777,4.5906,-1.3186
explosion,826064,LONG OBSCURE RESONANT PUNCH,4,a deep low boom or rumble,117,0,0.9017,4.0378,-0.7826
explosion,826065,SUBBY BURIED RESONANT HIT,4,a deep low boom or rumble,117,0,0.8617,4.5786,-1.0865
explosion,826208,GRAND BOOMY NETHER EXPLOSION,4,a deep low boom or rumble,117,0,0.8194,4.6082,-1.4045
explosion,826209,RUMBLY LONG POWERFUL HIT,4,a deep low boom or rumble,117,0,0.8513,4.0131,-0.9906
explosion,826211,HELLISH GRAND SUBBY BOOM,4,a deep low boom or rumble,117,0,0.8745,4.3067,-1.2667
explosion,826212,NETHER CAVE RATTLING IMPACT,4,a deep low boom or rumble,117,0,0.9379,4.5749,-1.0583
explosion,826213,DEEP UNDERGROUND PROFOUND PUNCH,4,a deep low boom or rumble,117,0,0.8469,4.309,-1.2291
explosion,826214,OBSCURE BURIED LOW HIT,4,a deep low boom or rumble,117,0,0.4551,3.9801,-1.0644
explosion,826215,ELECTRIC LONG BOOMY PUNCH,4,a deep low boom or rumble,117,0,0.8152,4.9932,-0.6616
explosion,826216,POWERFUL RUMBLY HELLISH IMPACT,4,a deep low boom or rumble,117,0,0.8871,3.9567,-1.0158
explosion,826217,LASTING DEEP METALLIC BOOM,4,a deep low boom or rumble,117,0,0.8512,4.3677,-1.2805
explosion,828566,MagicSpellBlast,0,a single sharp instant crack,153,0,0.4566,0.225,3.2955
explosion,838986,FX Laser Blast with Low Frequency Tone,5,a dry organic recorded thud,110,0,0.4832,5.6711,3.0678
explosion,840327,Banging on desk / small explosion,1,a noisy distorted blast,219,1,0.473,1.7015,4.9227
explosion,840724,mortar bomb fireworks New Year Netherlands 955 pm 251231_0060,1,a noisy distorted blast,219,1,0.8539,2.604,6.1521
explosion,840764,mortar bomb fireworks New Year Netherlands 1012 pm 251231_0060,1,a noisy distorted blast,219,1,0.8642,2.5334,5.9673
explosion,840823,mortar bomb fireworks New Year Netherlands 718 pm 251231_0059,1,a noisy distorted blast,219,1,0.8288,2.4709,6.0064
explosion,840865,mortar bomb fireworks New Year Netherlands 922 pm 251231_0059,1,a noisy distorted blast,219,1,0.8604,2.5395,6.187
explosion,840893,mortar bomb fireworks New Year Netherlands 719 pm 251231_0059,1,a noisy distorted blast,219,1,0.8131,2.6708,6.0384
explosion,840894,mortar bomb fireworks New Year Netherlands 729 pm 251231_0059,0,a single sharp instant crack,153,0,0.1737,2.3618,3.1665
explosion,840895,mortar bomb fireworks New Year Netherlands 730 pm 251231_0059,1,a noisy distorted blast,219,1,0.7779,2.7348,5.9732
explosion,840896,mortar bomb fireworks New Year Netherlands 733 pm 251231_0059,1,a noisy distorted blast,219,1,0.823,2.5626,6.1311
explosion,840897,mortar bomb fireworks New Year Netherlands 737 pm 251231_0059,0,a single sharp instant crack,153,0,0.1737,2.347,3.1576
explosion,840898,mortar bomb fireworks New Year Netherlands 741 pm 251231_0059,1,a noisy distorted blast,219,1,0.829,2.5363,6.0488
explosion,840899,mortar bomb fireworks New Year Netherlands 749 pm 251231_0059,1,a noisy distorted blast,219,1,0.8185,2.4202,6.1073
explosion,840900,mortar bomb fireworks New Year Netherlands 828 pm 251231_0059,1,a noisy distorted blast,219,1,0.8962,2.4562,6.1894
explosion,840901,mortar bomb fireworks New Year Netherlands 829 pm 251231_0059,1,a noisy distorted blast,219,1,0.854,2.5702,6.2533
explosion,84346,SS BOOM 01.wav,5,a dry organic recorded thud,110,0,0.5688,3.612,1.495
explosion,84347,SUBSONIC RUMBLE.wav,4,a deep low boom or rumble,117,0,0.7334,3.6919,1.5396
explosion,844128,custom_medium_explosion_sound_02032026,1,a noisy distorted blast,219,1,0.8435,0.5573,3.7492
explosion,845165,"Cinematic Boom, Deep Synth Hit Stab",4,a deep low boom or rumble,117,0,0.7204,4.8664,-0.4538
explosion,853280,Deep Boom Heavy Cannon Fire - Game SFX (1 of 2),1,a noisy distorted blast,219,1,0.7285,1.9181,4.9062
explosion,853281,Deep Boom Heavy Cannon Fire - Game SFX (2 of 2),1,a noisy distorted blast,219,1,0.8023,1.931,5.2542
explosion,855798,EOD Explosion,1,a noisy distorted blast,219,1,0.845,1.0732,4.9103
explosion,855893,Blast,1,a noisy distorted blast,219,1,0.8494,0.9144,4.635
explosion,856174,Subterranean Deep Sub-Bass Rumble Drop,5,a dry organic recorded thud,110,0,0.5614,4.0827,0.2492
explosion,859692,Loud Explosion,5,a dry organic recorded thud,110,0,0.6094,5.3928,3.2512
explosion,86263,BASS_BOOM_001.wav,4,a deep low boom or rumble,117,0,0.7167,4.3169,-0.1489
explosion,86264,BASS_BOOM_002.wav,4,a deep low boom or rumble,117,0,0.7329,4.1054,0.1533
explosion,86330,BOOM - 1.wav,5,a dry organic recorded thud,110,0,0.5147,4.6043,1.7924
explosion,863981,Tire Bead Seater Air Blast,0,a single sharp instant crack,153,0,0.5914,1.9179,4.6315
explosion,864031,Sci-fi Explosion Test 1,0,a single sharp instant crack,153,0,0.6958,2.1842,1.692
explosion,87031,launcher.wav,0,a single sharp instant crack,153,0,0.6162,0.8158,1.4444
explosion,87073,Explode II.mp3,1,a noisy distorted blast,219,1,0.6614,0.1254,4.1872
explosion,88066,sherman shot bomb01.wav,5,a dry organic recorded thud,110,0,0.7993,5.7175,2.4573
explosion,88067,sherman shot bomb02.wav,5,a dry organic recorded thud,110,0,0.7987,5.9081,2.1431
explosion,88068,sherman shot bomb03.wav,5,a dry organic recorded thud,110,0,0.787,6.0039,2.1395
explosion,88069,sherman shot bomb04.wav,5,a dry organic recorded thud,110,0,0.7821,5.9983,2.258
explosion,88070,sherman shot bomb05.wav,5,a dry organic recorded thud,110,0,0.7584,5.9825,2.2739
explosion,88071,sherman shot bomb06.wav,5,a dry organic recorded thud,110,0,0.7794,6.0725,2.1799
explosion,88072,sherman shot bomb07.wav,5,a dry organic recorded thud,110,0,0.7631,6.004,2.1414
explosion,88073,sherman shot bomb08.wav,5,a dry organic recorded thud,110,0,0.832,5.9738,2.1927
explosion,88074,sherman shot bomb09 atmosphere.wav,5,a dry organic recorded thud,110,0,0.8918,5.642,2.5649
explosion,88075,sherman shot bomb10 atmosphere.wav,5,a dry organic recorded thud,110,0,0.8989,5.6228,2.4466
explosion,88076,sherman shot bomb11 atmosphere.wav,5,a dry organic recorded thud,110,0,0.8968,5.6349,2.5248
explosion,88077,sherman shot bomb12 atmosphere.wav,5,a dry organic recorded thud,110,0,0.9038,5.5864,2.4161
explosion,88078,sherman shot bomb13 atmosphere.wav,5,a dry organic recorded thud,110,0,0.9158,5.6675,2.471
explosion,88079,sherman shot bomb14 atmosphere.wav,5,a dry organic recorded thud,110,0,0.8657,5.6137,2.489
explosion,88081,sherman shot bomb16 atmosphere sweep.wav,5,a dry organic recorded thud,110,0,0.5868,5.6313,2.9239
explosion,88082,sherman shot bomb17 atmosphere.wav,5,a dry organic recorded thud,110,0,0.7851,5.638,3.4119
explosion,88083,sherman shot bomb18 atmosphere.wav,5,a dry organic recorded thud,110,0,0.77,5.6848,3.4627
explosion,88084,sherman shot bomb19 atmosphere.wav,5,a dry organic recorded thud,110,0,0.7677,5.6329,3.4007
explosion,88085,sherman shot bomb20 atmosphere.wav,5,a dry organic recorded thud,110,0,0.7628,5.605,3.4685
explosion,88086,sherman shot bomb21 atmosphere.wav,5,a dry organic recorded thud,110,0,0.8008,5.6476,3.3522
explosion,88087,sherman shot bomb22 atmosphere.wav,5,a dry organic recorded thud,110,0,0.7949,5.6477,3.3677
explosion,88088,sherman shot bomb23 atmosphere.wav,5,a dry organic recorded thud,110,0,0.799,5.7363,3.461
explosion,88089,sherman shot bomb24 atmosphere sweep.wav,5,a dry organic recorded thud,110,0,0.4413,5.6515,2.9038
explosion,88090,sherman shot bomb25 atmosphere sweep.wav,5,a dry organic recorded thud,110,0,0.7399,5.8879,3.1495
explosion,88091,sherman shot bomb26 atmosphere sweep.wav,5,a dry organic recorded thud,110,0,0.7067,5.9695,3.2227
explosion,88092,sherman shot bomb27.wav,5,a dry organic recorded thud,110,0,0.6475,5.9989,3.1483
explosion,88093,sherman shot bomb28.wav,5,a dry organic recorded thud,110,0,0.735,5.7836,3.0775
explosion,88094,sherman shot bomb29.wav,5,a dry organic recorded thud,110,0,0.744,5.8049,2.8909
explosion,88095,sherman shot bomb30.wav,5,a dry organic recorded thud,110,0,0.7651,5.7163,3.0148
explosion,88096,sherman shot bomb31.wav,5,a dry organic recorded thud,110,0,0.6001,6.0116,3.2298
explosion,88097,sherman shot bomb32 atmosphere sweep.wav,5,a dry organic recorded thud,110,0,0.6648,5.9988,3.2029
explosion,88098,sherman shot bomb33 atmosphere sweep drive.wav,5,a dry organic recorded thud,110,0,0.7142,5.6813,3.2271
explosion,88099,sherman shot bomb34 atmosphere sweep drive.wav,5,a dry organic recorded thud,110,0,0.8079,5.5862,2.6902
explosion,88100,sherman shot bomb35.wav,5,a dry organic recorded thud,110,0,0.7661,5.9854,2.1815
explosion,88101,sherman shot bomb36.wav,5,a dry organic recorded thud,110,0,0.8343,6.0006,2.7156
explosion,88102,sherman shot bomb37.wav,5,a dry organic recorded thud,110,0,0.8424,6.0112,2.7376
explosion,88103,sherman shot bomb38.wav,5,a dry organic recorded thud,110,0,0.8401,5.9896,2.6421
explosion,88104,sherman shot bomb39 atmosphere.wav,5,a dry organic recorded thud,110,0,0.8452,5.5263,2.7241
explosion,88105,sherman shot bomb40 atmosphere.wav,5,a dry organic recorded thud,110,0,0.7803,5.99,3.0125
explosion,88106,sherman shot bomb41 atmosphere.wav,5,a dry organic recorded thud,110,0,0.8092,5.487,2.7145
explosion,88107,sherman shot bomb42 atmosphere.wav,5,a dry organic recorded thud,110,0,0.7022,5.9089,3.2971
explosion,92628,Cap Explosion Big.mp3,1,a noisy distorted blast,219,1,0.8162,1.0099,4.4878
explosion,92646,Original Cap Explosions.mp3,0,a single sharp instant crack,153,0,0.526,0.8261,5.3038
explosion,94101,Chain Gun Wind Down v2.flac,0,a single sharp instant crack,153,0,0.5177,-0.2718,3.7574
explosion,9565,industrial_blast06.aif,1,a noisy distorted blast,219,1,0.7185,0.7422,4.4359
explosion,95749,Ship artillery blast classic.wav,1,a noisy distorted blast,219,1,0.7831,0.2924,4.3141
footstep,104081,Wind and Walking - Pants Rustling.aif,2,repeated rhythmic steps,123,0,0.7569,11.8033,8.6765
footstep,110609,human_footstep_snow_002.wav,5,a single sharp instant crack,99,0,0.634,7.9406,5.5404
footstep,110619,human_footstep_snow_001.wav,5,a single sharp instant crack,99,0,0.5806,7.8274,5.5659
footstep,110620,human_footstep_snow_003.wav,5,a single sharp instant crack,99,0,0.7491,7.9317,5.5397
footstep,117628,footsteps on stone patio 1.wav,0,a short clean tap or click,123,1,0.8106,12.3844,7.9291
footstep,117631,footstops - stone tile floor.wav,0,a short clean tap or click,123,1,0.8262,14.5187,5.895
footstep,119912,Footsteps Sandals on Concrete.aif,2,repeated rhythmic steps,123,0,0.7657,11.1529,8.8943
footstep,119913,Footsteps on Wooden Floor and Carpet.aif,3,a deep low boom or rumble,121,0,0.8034,15.0014,5.8813
footstep,132235,footsteps.mp3,0,a short clean tap or click,123,1,0.7374,13.5957,5.3133
footstep,138056,walking_footsteps_flat shoes_tile floor_1.wav,6,a dry organic recorded thud,109,0,0.6154,12.5211,5.6718
footstep,138057,walking_footsteps_tennis_shoes_tile_floor_3.wav,0,a short clean tap or click,123,1,0.7333,12.4827,5.7398
footstep,138059,walking_footsteps_tennis_shoes_tile_floor_5.wav,0,a short clean tap or click,123,1,0.672,12.4292,5.7429
footstep,138069,walking_footsteps_tennis_shoes_tile_floor_9.wav,0,a short clean tap or click,123,1,0.7712,12.469,5.6614
footstep,138071,walking_footsteps_tennis_shoes_tile_floor_7.wav,6,a dry organic recorded thud,109,0,0.6818,12.4286,5.7078
footstep,138092,walking_footsteps_flat_shoes_tile_floor_7.wav,0,a short clean tap or click,123,1,0.7851,12.6527,5.5926
footstep,138095,walking_footsteps_flat_shoes_tile_floor_8.wav,0,a short clean tap or click,123,1,0.7395,12.5318,5.6973
footstep,138328,Footsteps_Cane_hitting_Pavement.wav,6,a dry organic recorded thud,109,0,0.4513,12.5589,3.2699
footstep,138329,Footstep_OnLeaves.wav,2,repeated rhythmic steps,123,0,0.7905,10.7853,9.5709
footstep,138338,Running_Footsteps_Dog_Bark.wav,0,a short clean tap or click,123,1,0.5944,14.4969,6.9391
footstep,138340,Running_Kid_Heavy_Footsteps.wav,0,a short clean tap or click,123,1,0.8218,14.1291,5.6775
footstep,146700,0053 Birds_and_footsteps,2,repeated rhythmic steps,123,0,0.6049,12.07,8.7545
footstep,148796,"Footsteps, Solid Wood, Female Socks, Jumping.wav",3,a deep low boom or rumble,121,0,0.8209,14.9377,5.247
footstep,151222,Hard Female Footstep (4),3,a deep low boom or rumble,121,0,0.7733,14.4381,4.4492
footstep,151228,Grassy Footstep 3,1,a falling whoosh that fades away,85,0,0.7521,11.3182,6.9819
footstep,151229,Grassy Footstep 2,1,a falling whoosh that fades away,85,0,0.7358,11.3523,6.9787
footstep,151230,Grassy Footstep 1,1,a falling whoosh that fades away,85,0,0.663,11.2972,6.8916
footstep,151232,Hard Female Footstep (1),3,a deep low boom or rumble,121,0,0.7832,14.5567,4.4921
footstep,151235,Grassy Footstep 4,1,a falling whoosh that fades away,85,0,0.732,11.3189,6.948
footstep,151237,Hard Female Footstep (3),3,a deep low boom or rumble,121,0,0.8554,14.4173,4.3319
footstep,151238,Hard Female Footstep (2),3,a deep low boom or rumble,121,0,0.7964,14.5832,4.4992
footstep,152795,Footsteps-Step_Ladder-Metal-07-Down.wav,3,a deep low boom or rumble,121,0,0.7693,13.9175,4.2739
footstep,152796,Footsteps-Step_Ladder-Metal-06-Up.wav,6,a dry organic recorded thud,109,0,0.6452,13.8207,4.3717
footstep,152797,Footsteps-Step_Ladder-Metal-05-Down.wav,6,a dry organic recorded thud,109,0,0.6481,13.793,4.3978
footstep,153282,High-heeled shoes walking,0,a short clean tap or click,123,1,0.6706,13.9534,6.8275
footstep,154709,WALKING_DOWNSTAIRS_1-2.aif,0,a short clean tap or click,123,1,0.8225,14.0605,5.9258
footstep,158440,sfx-footsteps-1.wav,2,repeated rhythmic steps,123,0,0.6225,9.7965,7.3381
footstep,161244,Waltzing walk.wav,0,a short clean tap or click,123,1,0.6917,13.3287,6.4098
footstep,166284,mco_walk_a04.wav,2,repeated rhythmic steps,123,0,0.7998,10.2377,8.1851
footstep,166285,mco_walk_a03.wav,2,repeated rhythmic steps,123,0,0.6618,9.9396,8.0568
footstep,166286,mco_walk_a02.wav,2,repeated rhythmic steps,123,0,0.595,10.0575,8.156
footstep,166287,mco_walk_a01.wav,2,repeated rhythmic steps,123,0,0.7824,10.1962,8.1879
footstep,166288,mco_walk_c01.wav,6,a dry organic recorded thud,109,0,0.6029,12.6546,5.1204
footstep,166289,mco_walk_b03.wav,0,a short clean tap or click,123,1,0.7365,13.2241,4.5874
footstep,166290,mco_walk_b02.wav,6,a dry organic recorded thud,109,0,0.7858,13.0999,4.3658
footstep,166291,mco_walk_b01.wav,6,a dry organic recorded thud,109,0,0.6946,12.9817,4.4766
footstep,166292,mco_walk_c03.wav,6,a dry organic recorded thud,109,0,0.6271,12.7393,5.1465
footstep,166293,mco_walk_c02.wav,0,a short clean tap or click,123,1,0.6635,12.885,5.2163
footstep,166294,mco_walk_i02.wav,2,repeated rhythmic steps,123,0,0.7893,10.402,8.0762
footstep,166295,mco_walk_h04.wav,2,repeated rhythmic steps,123,0,0.7894,10.3802,8.0465
footstep,166296,mco_walk_i01.wav,2,repeated rhythmic steps,123,0,0.7627,10.4209,8.1386
footstep,166297,mco_walk_e02.wav,2,repeated rhythmic steps,123,0,0.7912,10.2743,8.2361
footstep,166298,mco_walk_e01.wav,2,repeated rhythmic steps,123,0,0.7264,10.0422,8.2139
footstep,166300,mco_walk_c04.wav,0,a short clean tap or click,123,1,0.6761,12.7973,4.9921
footstep,166301,mco_walk_h01.wav,2,repeated rhythmic steps,123,0,0.8477,10.379,8.0693
footstep,166302,mco_walk_g01.wav,2,repeated rhythmic steps,123,0,0.7096,10.1064,8.9966
footstep,166303,mco_walk_f02.wav,2,repeated rhythmic steps,123,0,0.5646,9.817,8.0739
footstep,166304,mco_walk_f01.wav,2,repeated rhythmic steps,123,0,0.5763,9.9376,8.1533
footstep,166305,mco_walk_h03.wav,2,repeated rhythmic steps,123,0,0.7568,10.2272,7.9008
footstep,166306,mco_walk_h02.wav,2,repeated rhythmic steps,123,0,0.7871,10.3669,7.9843
footstep,166502,chainlink fence footstep 4,6,a dry organic recorded thud,109,0,0.5584,11.4758,3.7472
footstep,166503,chainlink fence footstep 3,6,a dry organic recorded thud,109,0,0.6121,11.7076,3.9747
footstep,166504,chainlink fence footstep 2,6,a dry organic recorded thud,109,0,0.5834,11.4801,3.8235
footstep,166505,chainlink fence footstep 1,6,a dry organic recorded thud,109,0,0.5919,11.5999,3.8931
footstep,166506,concrete footstep 4,5,a single sharp instant crack,99,0,0.8067,8.703,5.6325
footstep,166507,concrete footstep 3,5,a single sharp instant crack,99,0,0.8376,8.5977,5.5361
footstep,166508,concrete footstep 2,5,a single sharp instant crack,99,0,0.7724,8.6888,5.5985
footstep,166509,concrete footstep 1,5,a single sharp instant crack,99,0,0.8272,8.5285,5.4299
footstep,166510,dirt/gravel footstep 2,5,a single sharp instant crack,99,0,0.7944,8.7874,6.5721
footstep,166511,dirt/gravel footstep 1,5,a single sharp instant crack,99,0,0.8169,8.6428,6.122
footstep,167157,Footsteps_Grass.wav,4,a crunchy gritty texture,90,0,0.7479,8.0352,7.8263
footstep,176178,slipper feet walking on a tiled floor,0,a short clean tap or click,123,1,0.7017,14.0691,6.4618
footstep,179339,Crunchy Footsteps On Leaves.wav,2,repeated rhythmic steps,123,0,0.8568,11.8343,8.4504
footstep,18169,Footsteps on hard floor indoors.wav,0,a short clean tap or click,123,1,0.8556,14.3007,5.9433
footstep,18171,footsteps upstairs hard floor indoors.wav,0,a short clean tap or click,123,1,0.792,14.4433,6.1242
footstep,182691,Footsteps.mp3,0,a short clean tap or click,123,1,0.8365,14.2035,6.3217
footstep,182869,Sandy Footsteps (foley),1,a falling whoosh that fades away,85,0,0.4542,13.184,6.0472
footstep,184582,Stereo - walking from one side to another,0,a short clean tap or click,123,1,0.6595,14.4585,6.2893
footstep,187381,Foley Snow Footsteps .wav,2,repeated rhythmic steps,123,0,0.634,10.6775,9.5296
footstep,194978,footsteps on metal .mp3,0,a short clean tap or click,123,1,0.7244,13.9421,6.7087
footstep,194991,splashing footsteps1.mp3,2,repeated rhythmic steps,123,0,0.7093,11.5049,9.0681
footstep,194993,splashing footsteps.mp3,2,repeated rhythmic steps,123,0,0.8449,11.5486,8.9926
footstep,195005,Leaves04.wav,5,a single sharp instant crack,99,0,0.5864,8.497,8.0984
footstep,195010,Leaves05.wav,2,repeated rhythmic steps,123,0,0.7866,10.0958,7.7641
footstep,195017,Walk04.wav,5,a single sharp instant crack,99,0,0.8022,8.4369,6.3472
footstep,195021,Snow03.wav,5,a single sharp instant crack,99,0,0.714,8.9743,6.1877
footstep,195022,Snow02.wav,5,a single sharp instant crack,99,0,0.6514,9.1596,5.8216
footstep,195023,Snow01.wav,5,a single sharp instant crack,99,0,0.7739,8.8082,6.253
footstep,195024,Snow00.wav,5,a single sharp instant crack,99,0,0.6093,8.9969,6.1561
footstep,195025,Stair03.wav,6,a dry organic recorded thud,109,0,0.5408,9.2912,5.9202
footstep,195026,Stair02.wav,6,a dry organic recorded thud,109,0,0.7366,11.5067,3.7577
footstep,195027,Stair01.wav,5,a single sharp instant crack,99,0,0.6972,9.0259,6.1031
footstep,195028,Stair00.wav,6,a dry organic recorded thud,109,0,0.6888,11.4459,3.7081
footstep,195033,Wet05.wav,5,a single sharp instant crack,99,0,0.5487,7.3163,7.0128
footstep,195034,Wet04.wav,5,a single sharp instant crack,99,0,0.6586,8.0356,6.8649
footstep,195037,Wet08.wav,5,a single sharp instant crack,99,0,0.5797,7.7688,6.9233
footstep,195132,Walking from wood to path.wav,5,a single sharp instant crack,99,0,0.6685,8.3876,5.8218
footstep,197778,Footstep on Stone,3,a deep low boom or rumble,121,0,0.7705,14.2114,3.858
footstep,197779,Footstep on Stone 2,3,a deep low boom or rumble,121,0,0.7824,14.2796,3.7591
footstep,197780,Footstep on Stone 3,3,a deep low boom or rumble,121,0,0.7978,14.2479,3.7813
footstep,197781,Footstep on Stone 4,3,a deep low boom or rumble,121,0,0.8016,14.2094,3.8556
footstep,204014,Footsteps_Water_Light_001.wav,1,a falling whoosh that fades away,85,0,0.2497,6.3049,6.9925
footstep,204018,Footsteps_Water_Light_003_9624.wav,1,a falling whoosh that fades away,85,0,0.2998,6.2393,7.0143
footstep,204032,Footsteps_Water_Light_005.wav,5,a single sharp instant crack,99,0,0.3256,6.2316,7.0158
footstep,204033,Footsteps_Water_Light_006.wav,5,a single sharp instant crack,99,0,0.4266,6.2999,6.9841
footstep,204468,woman_walking_on_stage.wav,3,a deep low boom or rumble,121,0,0.8006,14.788,6.074
footstep,209472,footsteps_down_stairs_5.WAV,0,a short clean tap or click,123,1,0.8005,14.0563,6.0574
footstep,209474,footsteps_down_stairs_3.WAV,0,a short clean tap or click,123,1,0.7805,14.0443,6.0125
footstep,209661,20131203_Walking Upstairs _ZoomH2nXY.wav,0,a short clean tap or click,123,1,0.7882,14.2443,6.4796
footstep,210179,Walking.wav,1,a falling whoosh that fades away,85,0,0.4526,9.7896,10.2426
footstep,216570,Snow Footsteps Running,5,a single sharp instant crack,99,0,0.531,12.0093,6.1526
footstep,220947,Walking on stairs,0,a short clean tap or click,123,1,0.7647,14.0918,6.9289
footstep,223152,glass footstep 1,6,a dry organic recorded thud,109,0,0.7994,12.5912,5.3408
footstep,223153,dirt/gravel footstep 4,5,a single sharp instant crack,99,0,0.8804,8.7395,5.7536
footstep,223154,dirt/gravel footstep 3,5,a single sharp instant crack,99,0,0.7107,8.5242,6.3561
footstep,231852,Walk Snow,2,repeated rhythmic steps,123,0,0.7462,11.4176,8.3542
footstep,232382,Heavy Footsteps,6,a dry organic recorded thud,109,0,0.6529,11.9328,4.7871
footstep,232536,walking.wav,0,a short clean tap or click,123,1,0.8365,14.516,6.5579
footstep,233016,Shoe Footstep.mp3,0,a short clean tap or click,123,1,0.7388,13.7301,6.5075
footstep,233066,Walking.wav,0,a short clean tap or click,123,1,0.77,14.4618,6.8567
footstep,234263,Footsteps - Wood,3,a deep low boom or rumble,121,0,0.7366,10.7325,5.4451
footstep,234784,"Crunch : Bone break, walking on snow",6,a dry organic recorded thud,109,0,0.3529,9.8487,8.0174
footstep,235514,Footsteps on leaves.wav,4,a crunchy gritty texture,90,0,0.6723,10.2544,9.008
footstep,235515,Footsteps on Tile.wav,3,a deep low boom or rumble,121,0,0.7829,15.4458,5.7633
footstep,235524,Squeaky footstep.wav,6,a dry organic recorded thud,109,0,0.4654,13.762,4.6303
footstep,236795,Weird Walking Noise1.wav,6,a dry organic recorded thud,109,0,0.4928,8.3994,6.7611
footstep,250197,footsteps.wav,2,repeated rhythmic steps,123,0,0.8317,11.6493,8.8437
footstep,255569,footstep_slow2.wav,6,a dry organic recorded thud,109,0,0.6751,12.1701,4.7779
footstep,255570,footstep_fast2.wav,6,a dry organic recorded thud,109,0,0.6702,12.157,4.837
footstep,262699,Walking on Snow ,2,repeated rhythmic steps,123,0,0.8444,11.4339,8.3883
footstep,264589,footsteps.wav,6,a dry organic recorded thud,109,0,0.7517,12.162,4.6358
footstep,266824,Footsteps.wav,0,a short clean tap or click,123,1,0.8316,14.2133,6.8719
footstep,270413,Footstep_Dirt_02.wav,4,a crunchy gritty texture,90,0,0.6901,7.6062,8.7253
footstep,270416,Footstep_Dirt_07.wav,4,a crunchy gritty texture,90,0,0.8737,7.6515,8.7163
footstep,270417,Footstep_Dirt_06.wav,4,a crunchy gritty texture,90,0,0.7578,7.6172,8.7152
footstep,270418,Footstep_Dirt_05.wav,4,a crunchy gritty texture,90,0,0.6415,7.5841,8.7236
footstep,270420,Footstep_Dirt_09.wav,4,a crunchy gritty texture,90,0,0.6555,7.5112,8.5857
footstep,270422,Footstep_Water_01.wav,5,a single sharp instant crack,99,0,0.5612,6.0942,7.1536
footstep,270423,Footstep_Water_00.wav,5,a single sharp instant crack,99,0,0.5187,6.1184,7.1267
footstep,270424,Footstep_Water_06.wav,5,a single sharp instant crack,99,0,0.5049,6.0903,7.1496
footstep,270425,Footstep_Water_02.wav,5,a single sharp instant crack,99,0,0.5758,6.1003,7.1453
footstep,270426,Footstep_Water_07.wav,5,a single sharp instant crack,99,0,0.5732,6.0976,7.1416
footstep,270427,Footstep_Water_04.wav,5,a single sharp instant crack,99,0,0.5836,6.1112,7.148
footstep,270428,Footstep_Water_05.wav,5,a single sharp instant crack,99,0,0.5122,6.0445,7.1999
footstep,270429,Footstep_Water_03.wav,5,a single sharp instant crack,99,0,0.554,6.0778,7.1473
footstep,272380,Footsteps On Sidewalk.wav,3,a deep low boom or rumble,121,0,0.7853,15.4398,5.6764
footstep,272381,Footsteps Coming To a Stop.wav,3,a deep low boom or rumble,121,0,0.7368,15.3081,5.8008
footstep,272490,Footsteps_on_stage_Simple_with_reverb.wav,3,a deep low boom or rumble,121,0,0.6083,15.1591,5.9946
footstep,30934,mud of jungle footsteps by paul.wav,4,a crunchy gritty texture,90,0,0.6195,9.6319,7.3463
footstep,31152,WalkGravelLoop.wav,2,repeated rhythmic steps,123,0,0.7572,11.796,8.6277
footstep,321980,Multiple_Sets_Of_Footsteps_In_Dirt_Walking 02.WAV,2,repeated rhythmic steps,123,0,0.7278,11.7842,8.5378
footstep,324584,MALFOY_Florian_2015_2016_Footsteps.wav,6,a dry organic recorded thud,109,0,0.666,12.5435,4.1803
footstep,32635,Step 1.wav,3,a deep low boom or rumble,121,0,0.8202,14.3684,3.5603
footstep,32636,Step 10.wav,3,a deep low boom or rumble,121,0,0.8319,14.2459,3.5095
footstep,32637,Step 11.wav,3,a deep low boom or rumble,121,0,0.8489,14.1351,3.6575
footstep,32638,Step 12.wav,3,a deep low boom or rumble,121,0,0.7281,14.1967,3.395
footstep,32639,Step 2.wav,3,a deep low boom or rumble,121,0,0.8255,14.3834,3.5214
footstep,32641,Step 4.wav,3,a deep low boom or rumble,121,0,0.8354,14.4402,3.5213
footstep,32642,Step 5.wav,3,a deep low boom or rumble,121,0,0.8415,14.4031,3.6337
footstep,32643,Step 6.wav,3,a deep low boom or rumble,121,0,0.8371,14.2723,3.5391
footstep,32644,Step 7.wav,3,a deep low boom or rumble,121,0,0.8021,14.224,3.4486
footstep,32645,Step 8.wav,3,a deep low boom or rumble,121,0,0.7371,14.2536,3.4942
footstep,32646,Step 9.wav,3,a deep low boom or rumble,121,0,0.7861,14.2571,3.4622
footstep,326543,WetFootsteps.wav,1,a falling whoosh that fades away,85,0,0.6573,8.7934,7.1693
footstep,331703,footsteps_gravel.aif,2,repeated rhythmic steps,123,0,0.8055,10.5849,9.2008
footstep,340205,FootstepHardwood04.wav,3,a deep low boom or rumble,121,0,0.8248,14.0646,4.2813
footstep,340206,FootstepHardwood03.wav,3,a deep low boom or rumble,121,0,0.7936,14.0446,4.3357
footstep,340209,FootstepsCarptet02.wav,3,a deep low boom or rumble,121,0,0.7797,14.569,3.9777
footstep,340210,FootstepWoodCreak03.wav,0,a short clean tap or click,123,1,0.6121,13.9943,4.6021
footstep,340211,FootstepWoodCreak02.wav,3,a deep low boom or rumble,121,0,0.7025,13.9668,4.4405
footstep,340212,FootstepWoodCreak01.wav,0,a short clean tap or click,123,1,0.5049,13.8439,4.679
footstep,340214,FootstepsCarptet03.wav,3,a deep low boom or rumble,121,0,0.8001,14.6259,3.6954
footstep,340217,SimpleTileFootstepLoop.wav,0,a short clean tap or click,123,1,0.7304,14.1135,4.7391
footstep,340223,SimpleFootstepsHardwood.wav,0,a short clean tap or click,123,1,0.8268,14.0511,4.6664
footstep,340224,SimpleFootstepsWoodCreak.wav,0,a short clean tap or click,123,1,0.6315,14.0344,4.7084
footstep,340225,SimpleCarpetFootsteps.wav,0,a short clean tap or click,123,1,0.7338,14.1273,4.7551
footstep,340226,SimpleConcreteFootsteps.wav,0,a short clean tap or click,123,1,0.6969,14.1154,4.8551
footstep,340229,FootstepsConcrete02.wav,3,a deep low boom or rumble,121,0,0.7732,14.146,4.2223
footstep,340230,FootstepsConcrete01.wav,3,a deep low boom or rumble,121,0,0.7766,13.9968,4.3642
footstep,340983,Footstep on wood,6,a dry organic recorded thud,109,0,0.6195,13.9443,4.0558
footstep,348355,Footstep,6,a dry organic recorded thud,109,0,0.7047,12.1164,4.5349
footstep,348661,Single Footsteps in Heels on a Hardwood Floor,3,a deep low boom or rumble,121,0,0.641,15.1474,5.4875
footstep,348750,Walking in High-Heels on Tile,3,a deep low boom or rumble,121,0,0.837,15.297,5.9638
footstep,348752,Human Walks in Sneaks,3,a deep low boom or rumble,121,0,0.8181,15.3061,5.6911
footstep,352360,Sandal Walk And Trip,0,a short clean tap or click,123,1,0.6272,13.1513,6.4673
footstep,353615,Walking Steps,0,a short clean tap or click,123,1,0.8555,14.1635,6.7932
footstep,353799,Footsteps_6_Dirt_shoe.wav,4,a crunchy gritty texture,90,0,0.5897,10.7872,5.988
footstep,360459,AbandonedFacilityFootsteps.mp3,0,a short clean tap or click,123,1,0.7423,13.598,5.4987
footstep,360800,Light Footsteps,0,a short clean tap or click,123,1,0.6991,14.8404,5.7318
footstep,361125,Walking in Grass.wav,1,a falling whoosh that fades away,85,0,0.7104,10.1084,9.4221
footstep,362254,Footstep on stairs,0,a short clean tap or click,123,1,0.5321,14.6575,6.3798
footstep,364702,Walk Gravel,2,repeated rhythmic steps,123,0,0.8904,11.2234,9.0154
footstep,364703,Walk Leaves,2,repeated rhythmic steps,123,0,0.8882,11.1445,9.0716
footstep,365544,Walking down the stairs.mp3,0,a short clean tap or click,123,1,0.7444,12.3185,5.9066
footstep,366111,Indoor Footsteps.wav,3,a deep low boom or rumble,121,0,0.8052,15.4083,5.9244
footstep,367054,slow footsteps,6,a dry organic recorded thud,109,0,0.7045,11.8856,4.3945
footstep,368021,Sneaky Walking.wav,6,a dry organic recorded thud,109,0,0.0123,11.8933,5.6349
footstep,371015,Footsteps on tile.wav,3,a deep low boom or rumble,121,0,0.7261,15.392,5.9937
footstep,378398,Walk.wav,0,a short clean tap or click,123,1,0.788,14.3461,6.1798
footstep,378399,Walk 2.wav,0,a short clean tap or click,123,1,0.5915,14.2954,7.035
footstep,379212,walking in the deep snow,2,repeated rhythmic steps,123,0,0.7028,11.3197,8.1401
footstep,383889,Quickly Walking Up Stairs,0,a short clean tap or click,123,1,0.7753,13.4168,5.3638
footstep,384421,Footstep in the snow_03 [RAW],5,a single sharp instant crack,99,0,0.6869,8.2266,5.9564
footstep,384422,Footstep in the snow_02 [RAW],5,a single sharp instant crack,99,0,0.7969,8.2886,6.0523
footstep,384423,Footstep in the snow_01 [RAW],5,a single sharp instant crack,99,0,0.7301,8.2958,5.9673
footstep,384424,Footstep in the snow_04 [RAW],5,a single sharp instant crack,99,0,0.8629,8.2443,5.8775
footstep,384635,Concrete Footstep 1.wav,5,a single sharp instant crack,99,0,0.8363,8.4141,5.5197
footstep,384636,Carpet Footstep 3.wav,5,a single sharp instant crack,99,0,0.7207,8.2784,5.0668
footstep,384637,Carpet Footstep 2.wav,5,a single sharp instant crack,99,0,0.8028,8.4333,5.3654
footstep,384638,Carpet Footstep 1.wav,5,a single sharp instant crack,99,0,0.6014,8.3046,5.0852
footstep,384639,Earth Footstep 2.wav,5,a single sharp instant crack,99,0,0.8303,8.2173,5.1693
footstep,384640,Earth Footstep 1.wav,5,a single sharp instant crack,99,0,0.8214,8.0148,5.5268
footstep,384641,Concrete Footstep 3.wav,5,a single sharp instant crack,99,0,0.7943,8.0509,5.2877
footstep,384642,Concrete Footstep 2.wav,5,a single sharp instant crack,99,0,0.8575,8.1617,5.3565
footstep,384643,Grass Footstep 1.wav,4,a crunchy gritty texture,90,0,0.7838,7.9647,5.0936
footstep,384644,Earth Footstep 3.wav,5,a single sharp instant crack,99,0,0.7899,8.3556,5.3324
footstep,384645,Wood Footstep 2.wav,5,a single sharp instant crack,99,0,0.7669,8.637,5.2605
footstep,384646,Wood Footstep 3.wav,6,a dry organic recorded thud,109,0,0.7642,8.8731,5.1915
footstep,384647,Sludge Footstep 3.wav,5,a single sharp instant crack,99,0,0.6667,6.87,7.0341
footstep,384648,Wood Footstep 1.wav,5,a single sharp instant crack,99,0,0.8496,8.4449,5.3545
footstep,384649,Metal Footstep 2.wav,6,a dry organic recorded thud,109,0,0.4489,9.0403,5.1158
footstep,384650,Metal Footstep 1.wav,6,a dry organic recorded thud,109,0,0.2679,11.1232,4.0711
footstep,384651,Grass Footstep 3.wav,4,a crunchy gritty texture,90,0,0.7542,8.0456,5.3247
footstep,384652,Grass Footstep 2.wav,5,a single sharp instant crack,99,0,0.7789,8.0517,5.5295
footstep,384653,Rubbish Footstep 3.wav,5,a single sharp instant crack,99,0,0.6391,9.0331,5.3891
footstep,384654,Rubbish Footstep 2.wav,5,a single sharp instant crack,99,0,0.6038,9.0583,5.2119
footstep,384655,Rubbish Footstep 1.wav,5,a single sharp instant crack,99,0,0.6579,8.9838,5.1796
footstep,384656,Metal Footstep 3.wav,6,a dry organic recorded thud,109,0,0.5317,9.0909,4.9582
footstep,384657,Sludge Footstep 2.wav,5,a single sharp instant crack,99,0,0.6407,6.9925,7.054
footstep,384658,Sludge Footsteps 1.wav,5,a single sharp instant crack,99,0,0.5701,6.8551,7.0771
footstep,384858,Left Grass/Grassy Footstep 2,4,a crunchy gritty texture,90,0,0.7795,9.1312,9.7832
footstep,384859,Left Grass/Grassy Footstep 3,4,a crunchy gritty texture,90,0,0.7779,9.0819,9.7379
footstep,384860,Left Grass/Grassy Footstep 1,2,repeated rhythmic steps,123,0,0.7471,9.2831,9.7684
footstep,384861,Left Grass/Grassy Footstep 6,4,a crunchy gritty texture,90,0,0.7993,9.0114,9.6757
footstep,384862,Left Grass/Grassy Footstep 5,4,a crunchy gritty texture,90,0,0.8919,8.9078,9.5569
footstep,384863,Left Grass/Grassy Footstep 4,2,repeated rhythmic steps,123,0,0.7321,9.3954,9.7615
footstep,384864,Right Grass/Grassy Footstep 1,4,a crunchy gritty texture,90,0,0.8142,9.0921,9.6911
footstep,384865,Left Grass/Grassy Footstep 6,2,repeated rhythmic steps,123,0,0.7675,9.3457,9.7882
footstep,384866,Right Grass/Grassy Footstep 3,4,a crunchy gritty texture,90,0,0.773,9.1321,9.785
footstep,384867,Right Grass/Grassy Footstep 2,4,a crunchy gritty texture,90,0,0.8022,9.1969,9.6977
footstep,384868,Right Grass/Grassy Footstep 5,4,a crunchy gritty texture,90,0,0.7546,9.0919,9.7575
footstep,384869,Right Grass/Grassy Footstep 4,1,a falling whoosh that fades away,85,0,0.7606,9.2157,9.7056
footstep,384871,Left Gravel Footstep 2,4,a crunchy gritty texture,90,0,0.8509,8.2677,7.5496
footstep,384872,Left Gravel Footstep 3,4,a crunchy gritty texture,90,0,0.8782,8.224,7.495
footstep,384873,Left Gravel Footstep 1,4,a crunchy gritty texture,90,0,0.8419,8.2231,7.5776
footstep,384874,Left Gravel Footstep 5,4,a crunchy gritty texture,90,0,0.8432,8.2209,7.6427
footstep,384875,Left Gravel Footstep 4,4,a crunchy gritty texture,90,0,0.8381,8.1572,7.6979
footstep,384876,Right Gravel Footstep 2,4,a crunchy gritty texture,90,0,0.8468,8.2902,7.509
footstep,384877,Right Gravel Footstep 1,4,a crunchy gritty texture,90,0,0.8785,8.2772,7.5356
footstep,384878,Right Gravel Footstep 4,4,a crunchy gritty texture,90,0,0.8784,8.1584,7.5628
footstep,384879,Right Gravel Footstep 3,4,a crunchy gritty texture,90,0,0.8266,8.2739,7.5392
footstep,384880,Right Gravel Footstep 5,4,a crunchy gritty texture,90,0,0.9105,8.0996,7.7007
footstep,384881,Knight Left Footstep on Gravel 2 (With Chainmail),4,a crunchy gritty texture,90,0,0.7892,8.2821,7.535
footstep,384882,Knight Left Footstep on Gravel 3 (With Chainmail),4,a crunchy gritty texture,90,0,0.788,7.8699,8.0644
footstep,384883,Knight Left Footstep on Gravel 1 (With Chainmail),4,a crunchy gritty texture,90,0,0.861,8.0113,7.8387
footstep,384884,Knight Left Footstep on Gravel 5 (With Chainmail),4,a crunchy gritty texture,90,0,0.5824,7.9143,8.0292
footstep,384885,Knight Left Footstep on Gravel 4 (With Chainmail),4,a crunchy gritty texture,90,0,0.6285,7.8906,7.996
footstep,384886,Knight Right Footstep on Gravel 2 (With Chainmail),4,a crunchy gritty texture,90,0,0.8377,7.9333,7.9791
footstep,384887,Knight Right Footstep on Gravel 1 (With Chainmail),4,a crunchy gritty texture,90,0,0.7393,7.9713,7.9746
footstep,384888,Knight Right Footstep on Gravel 4 (With Chainmail),5,a single sharp instant crack,99,0,0.7392,8.0063,7.4798
footstep,384889,Knight Right Footstep on Gravel 3 (With Chainmail),4,a crunchy gritty texture,90,0,0.8437,8.0139,7.7585
footstep,384890,Knight Right Footstep on Gravel 5 (With Chainmail),4,a crunchy gritty texture,90,0,0.7582,7.9343,7.9188
footstep,384891,Knight Right Footstep Forest/Grass 2 (With Chainmail),4,a crunchy gritty texture,90,0,0.8483,8.6904,10.0942
footstep,384892,Knight Right Footstep Forest/Grass 3 (With Chainmail),4,a crunchy gritty texture,90,0,0.7571,8.6986,10.0308
footstep,384893,Knight Left Footstep Forest/Grass 6 (With Chainmail),4,a crunchy gritty texture,90,0,0.7725,8.6678,10.0757
footstep,384894,Knight Right Footstep Forest/Grass 1 (With Chainmail),4,a crunchy gritty texture,90,0,0.8125,8.7312,10.1229
footstep,384895,Knight Right Footstep Forest/Grass 6 (With Chainmail),4,a crunchy gritty texture,90,0,0.6899,8.6497,9.8195
footstep,384896,Knight Right Footstep Forest/Grass 4 (With Chainmail),1,a falling whoosh that fades away,85,0,0.7757,8.9563,9.9298
footstep,384897,Knight Right Footstep Forest/Grass 5 (With Chainmail),4,a crunchy gritty texture,90,0,0.7385,9.0199,9.819
footstep,384898,Knight Left Footstep Forest/Grass 3 (With Chainmail),4,a crunchy gritty texture,90,0,0.8016,8.6262,10.0305
footstep,384899,Knight Left Footstep Forest/Grass 2 (With Chainmail),4,a crunchy gritty texture,90,0,0.8264,8.5751,9.9865
footstep,384900,Knight Left Footstep Forest/Grass 1 (With Chainmail),4,a crunchy gritty texture,90,0,0.7485,8.8315,10.0274
footstep,384901,Knight Left Footstep Forest/Grass 5 (With Chainmail),4,a crunchy gritty texture,90,0,0.8912,8.7476,9.7279
footstep,384902,Knight Left Footstep Forest/Grass 4 (With Chainmail),2,repeated rhythmic steps,123,0,0.7095,8.8286,10.0465
footstep,386028,Footsteps002.wav,3,a deep low boom or rumble,121,0,0.7025,14.8222,3.8686
footstep,386029,Footsteps001.wav,3,a deep low boom or rumble,121,0,0.7463,14.7888,3.8991
footstep,386570,walking_1.wav,6,a dry organic recorded thud,109,0,0.5422,11.9242,5.7757
footstep,386678,grass_footstep_hard_4.wav,1,a falling whoosh that fades away,85,0,0.7464,13.4757,10.7046
footstep,386679,grass_footstep_hard_3.wav,1,a falling whoosh that fades away,85,0,0.6555,13.5225,10.7101
footstep,386680,grass_footstep_hard_2.wav,1,a falling whoosh that fades away,85,0,0.6678,13.5359,10.669
footstep,386681,grass_footstep_hard_1.wav,1,a falling whoosh that fades away,85,0,0.5844,13.458,10.7579
footstep,386682,grass_footstep_soft_2.wav,1,a falling whoosh that fades away,85,0,0.6157,13.4963,10.632
footstep,386683,grass_footstep_soft_1.wav,1,a falling whoosh that fades away,85,0,0.6399,13.4794,10.6587
footstep,386684,grass_footstep_hard_6.wav,1,a falling whoosh that fades away,85,0,0.6723,13.5056,10.7392
footstep,386685,grass_footstep_hard_5.wav,1,a falling whoosh that fades away,85,0,0.7393,13.4891,10.6716
footstep,386686,grass_footstep_soft_4.wav,1,a falling whoosh that fades away,85,0,0.5902,13.4976,10.6405
footstep,386687,grass_footstep_soft_3.wav,1,a falling whoosh that fades away,85,0,0.6261,13.5269,10.7271
footstep,386688,stone_footstep_3.wav,6,a dry organic recorded thud,109,0,0.7222,12.2335,4.221
footstep,386689,stone_footstep_2.wav,6,a dry organic recorded thud,109,0,0.5541,12.3432,4.1637
footstep,386690,stone_footstep_1.wav,6,a dry organic recorded thud,109,0,0.5866,12.389,4.1128
footstep,386692,stone_footstep_6.wav,6,a dry organic recorded thud,109,0,0.7303,12.2559,4.1907
footstep,386693,stone_footstep_5.wav,6,a dry organic recorded thud,109,0,0.7054,12.1968,4.1289
footstep,386694,stone_footstep_4.wav,6,a dry organic recorded thud,109,0,0.6253,12.2518,4.1484
footstep,38872,footstep-carpet.wav,1,a falling whoosh that fades away,85,0,0.6835,11.2751,6.8906
footstep,38873,footstep-concrete.wav,5,a single sharp instant crack,99,0,0.5974,11.3405,6.7621
footstep,38874,footstep-grass.wav,1,a falling whoosh that fades away,85,0,0.7419,10.9625,6.9653
footstep,38875,footstep-metall.wav,6,a dry organic recorded thud,109,0,0.4806,12.0288,2.8755
footstep,390757,FX_004_footstep_gravel_r.wav,4,a crunchy gritty texture,90,0,0.8458,7.934,8.8554
footstep,390758,FX_003_footstep_gravel_l.wav,4,a crunchy gritty texture,90,0,0.8317,7.8577,8.9296
footstep,390759,FX_002_footstep_grass_r.wav,1,a falling whoosh that fades away,85,0,0.7489,11.4109,7.0658
footstep,390760,FX_001_footstep_grass_l.wav,1,a falling whoosh that fades away,85,0,0.7667,11.4002,7.0336
footstep,390764,FX_005_footstep_stone_l.wav,1,a falling whoosh that fades away,85,0,0.6095,12.5679,2.7946
footstep,390860,FootstepsOnVinyl02.wav,0,a short clean tap or click,123,1,0.7714,14.5297,6.9373
footstep,392482,Footsteps tap.wav,1,a falling whoosh that fades away,85,0,0.2872,11.5049,5.1998
footstep,392483,Footsteps boots.wav,6,a dry organic recorded thud,109,0,0.4709,11.2878,5.2814
footstep,394036,Footsteps on metal,6,a dry organic recorded thud,109,0,0.6282,11.506,3.8245
footstep,397921,Walk Down The Stairs,0,a short clean tap or click,123,1,0.6822,14.0143,5.8164
footstep,398731,dog - walking - towards.wav,0,a short clean tap or click,123,1,0.4521,13.5101,6.281
footstep,398732,dog - walking - away.wav,0,a short clean tap or click,123,1,0.5199,13.6532,6.1674
footstep,400123,Footsteps on Grass,2,repeated rhythmic steps,123,0,0.8044,10.7446,9.2647
footstep,403164,Footstep_Dirt.wav,6,a dry organic recorded thud,109,0,0.6577,10.341,6.1795
footstep,404472,walking on wet road.wav,2,repeated rhythmic steps,123,0,0.7247,11.9957,8.2314
footstep,406674,Heels_3 people.wav,3,a deep low boom or rumble,121,0,0.6387,15.2996,6.0843
footstep,406680,Walking down hallway_hardwood_distant to close.wav,3,a deep low boom or rumble,121,0,0.7754,15.2762,6.2377
footstep,406688,Walking down hallway_hardwood_quiet heel_medium speed.wav,0,a short clean tap or click,123,1,0.6897,15.3455,6.3046
footstep,406689,Walking down hallway_hardwood_pass by to distant.wav,3,a deep low boom or rumble,121,0,0.7149,15.2923,6.321
footstep,406690,Walking down hallway_hardwood_heel to toe apparent.wav,3,a deep low boom or rumble,121,0,0.7779,15.3217,6.2506
footstep,406692,Walking upstairs in heels_heavy step.wav,3,a deep low boom or rumble,121,0,0.7039,15.303,5.9086
footstep,406693,Walking in heels_lighter step.wav,3,a deep low boom or rumble,121,0,0.7658,15.1773,6.2953
footstep,411800,"Footstep August 18, 2017.wav",5,a single sharp instant crack,99,0,0.6029,9.2115,5.6895
footstep,412786,Footsteps - Sampan 2.wav,1,a falling whoosh that fades away,85,0,0.4699,9.9419,9.4563
footstep,418374,Person walking on rocks and sand.mp3,2,repeated rhythmic steps,123,0,0.8825,11.4499,9.0217
footstep,419090,Person walking in leaves.mp3,2,repeated rhythmic steps,123,0,0.8852,10.892,9.1977
footstep,420552,Footsteps_Snow_06.wav,2,repeated rhythmic steps,123,0,0.819,11.3452,8.4401
footstep,420553,Footsteps_Snow_05.wav,2,repeated rhythmic steps,123,0,0.8662,11.7067,8.436
footstep,420931,A few footsteps in snow,1,a falling whoosh that fades away,85,0,0.6017,10.65,9.7247
footstep,421128,Footstep_Grass_4.wav,4,a crunchy gritty texture,90,0,0.8271,7.9015,8.9344
footstep,421129,Footstep_Grass_3.wav,4,a crunchy gritty texture,90,0,0.7415,7.983,8.8067
footstep,421130,Footstep_Grass_2.wav,4,a crunchy gritty texture,90,0,0.811,8.0028,8.929
footstep,421131,Footstep_Grass_1.wav,4,a crunchy gritty texture,90,0,0.8407,7.9483,8.935
footstep,421132,Footstep_Metal_3.wav,6,a dry organic recorded thud,109,0,0.6278,9.334,3.0951
footstep,421133,Footstep_Metal_2.wav,6,a dry organic recorded thud,109,0,0.677,9.2737,3.1349
footstep,421134,Footstep_Metal_1.wav,3,a deep low boom or rumble,121,0,0.6912,9.0875,3.2608
footstep,421135,Footstep_Grass_5.wav,4,a crunchy gritty texture,90,0,0.7803,8.0545,8.9413
footstep,421136,Footstep_Metal_5.wav,6,a dry organic recorded thud,109,0,0.6711,9.2644,3.186
footstep,421137,Footstep_Metal_4.wav,6,a dry organic recorded thud,109,0,0.7152,9.2683,3.1092
footstep,421144,Footstep_Metal_Crouch_4.wav,3,a deep low boom or rumble,121,0,0.6559,9.1505,3.2157
footstep,421145,Footstep_Metal_Crouch_3.wav,6,a dry organic recorded thud,109,0,0.6872,9.317,3.0849
footstep,421146,Footstep_Metal_Crouch_2.wav,6,a dry organic recorded thud,109,0,0.6175,9.2359,3.1264
footstep,421147,Footstep_Metal_Crouch_1.wav,3,a deep low boom or rumble,121,0,0.7439,9.0476,3.3124
footstep,421151,Footstep_Metal_Crouch_5.wav,6,a dry organic recorded thud,109,0,0.5666,9.1782,3.2317
footstep,422337,footsteps 3.wav,0,a short clean tap or click,123,1,0.8154,14.1451,6.4164
footstep,422338,footsteps 2.wav,0,a short clean tap or click,123,1,0.7623,14.589,6.4141
footstep,422339,footsteps 1.wav,0,a short clean tap or click,123,1,0.8246,14.3384,6.4236
footstep,425668,footsteps on stairs mastered.mp3,0,a short clean tap or click,123,1,0.6615,13.1327,4.986
footstep,427419,windy Footsteps,0,a short clean tap or click,123,1,0.7624,13.6709,7.2244
footstep,434753,FAST WALK ON HIGH HEELS  .wav,6,a dry organic recorded thud,109,0,0.281,11.1756,4.9144
footstep,434831,Walking1.m4a,0,a short clean tap or click,123,1,0.8919,14.0427,6.2877
footstep,435527,Slipper_Empty_Room_Walking - Arian_ Sahafie_0001.wav,1,a falling whoosh that fades away,85,0,0.5927,13.1931,6.109
footstep,437028,FOOTSTEP IN GRAVEL - 2,2,repeated rhythmic steps,123,0,0.832,11.1578,9.0262
footstep,437054,FOOTSTEP IN DEAD LEAFS,2,repeated rhythmic steps,123,0,0.8348,10.9177,9.2388
footstep,442770,Walk Down Stairs,3,a deep low boom or rumble,121,0,0.7387,10.6585,5.477
footstep,442771,Walk Up Stairs,3,a deep low boom or rumble,121,0,0.7594,10.5623,5.5789
footstep,443213,footsteps.mp3,0,a short clean tap or click,123,1,0.8364,13.4615,5.7166
footstep,444378,WalkingOnLeaves.wav,2,repeated rhythmic steps,123,0,0.6929,10.8866,9.3901
footstep,444816,Dog walking on hardwood floor,1,a falling whoosh that fades away,85,0,0.552,13.2495,6.3671
footstep,446093,footsteps2.wav,0,a short clean tap or click,123,1,0.7228,15.0796,5.9625
footstep,446094,footsteps3.wav,0,a short clean tap or click,123,1,0.7626,14.7487,5.3121
footstep,449533,Walking on stairs Masters.mp3,6,a dry organic recorded thud,109,0,0.6332,12.7881,4.8246
footstep,449534,walking through leaves.mp3,2,repeated rhythmic steps,123,0,0.6262,11.2594,9.5433
footstep,451238,Thumping/walking from upstairs,0,a short clean tap or click,123,1,0.7016,13.1052,5.5342
footstep,452536,Footsteps,0,a short clean tap or click,123,1,0.8304,14.9233,5.9814
footstep,452753,Loud Walking on carpet.wav,0,a short clean tap or click,123,1,0.7114,13.1817,5.2873
footstep,459965,Footsteps while running on wood,3,a deep low boom or rumble,121,0,0.5761,10.721,5.3878
footstep,460372,Walking on wooden platform near the seaside version 1,0,a short clean tap or click,123,1,0.5915,13.7536,5.4185
footstep,463333,Walking and Elevator Door,0,a short clean tap or click,123,1,0.7516,13.9503,6.3729
footstep,464441,S02_Footsteps_Gravel.wav,3,a deep low boom or rumble,121,0,0.7998,14.6182,3.8588
footstep,464531,walking.wav,0,a short clean tap or click,123,1,0.7959,14.2956,3.5342
footstep,464606,Sand_Footsteps.wav,2,repeated rhythmic steps,123,0,0.8024,11.3907,9.2275
footstep,464608,Gravel_Footsteps.wav,0,a short clean tap or click,123,1,0.5971,13.5665,7.2684
footstep,464609,Grass_Footsteps.wav,2,repeated rhythmic steps,123,0,0.7919,11.0125,9.6468
footstep,464610,Water_Footsteps.wav,2,repeated rhythmic steps,123,0,0.6327,11.5858,9.1489
footstep,466070,FOOTSTEPS ON WOOD BRIDGE,0,a short clean tap or click,123,1,0.7022,12.1674,8.5637
footstep,469086,005_PisadasPersonajes-004.wav,1,a falling whoosh that fades away,85,0,0.7655,10.0747,10.644
footstep,469087,005_PisadasPersonajes-003.wav,1,a falling whoosh that fades away,85,0,0.7698,10.0846,10.6206
footstep,469088,005_PisadasPersonajes-002.wav,1,a falling whoosh that fades away,85,0,0.7649,10.0396,10.6455
footstep,469089,005_PisadasPersonajes-001.wav,1,a falling whoosh that fades away,85,0,0.7281,10.1169,10.7049
footstep,469940,044_ZorroPisadas001.wav,1,a falling whoosh that fades away,85,0,0.7901,10.0707,10.6684
footstep,469941,044_ZorroPisadas002.wav,1,a falling whoosh that fades away,85,0,0.7126,10.0564,10.6643
footstep,469942,044_ZorroPisadas003.wav,1,a falling whoosh that fades away,85,0,0.6947,10.061,10.6704
footstep,470176,46_Corriendo.wav (Running Footsteps),1,a falling whoosh that fades away,85,0,0.6977,14.6425,4.9842
footstep,470178,51_Pasos_Saliendo.wav (Foot_Steps),1,a falling whoosh that fades away,85,0,0.675,14.5677,5.2127
footstep,471415,16_Walking_shoes.wav,6,a dry organic recorded thud,109,0,0.6602,13.1903,4.7345
footstep,471416,15_Walking_high_heel.wav,6,a dry organic recorded thud,109,0,0.7024,13.1252,4.7086
footstep,477352,Steps-Tile_2a,3,a deep low boom or rumble,121,0,0.7531,7.8385,4.3595
footstep,477353,Steps-Tile_1b,3,a deep low boom or rumble,121,0,0.5968,7.8363,4.3763
footstep,477354,Steps-Tile_1a,3,a deep low boom or rumble,121,0,0.7426,7.8599,4.3834
footstep,477355,Steps-Tile-Falling_1a,5,a single sharp instant crack,99,0,0.7654,8.172,4.5243
footstep,477356,Steps-Tile_3b,3,a deep low boom or rumble,121,0,0.7496,7.8903,4.4363
footstep,477357,Steps-Tile_3a,3,a deep low boom or rumble,121,0,0.7761,7.8536,4.3951
footstep,477358,Steps-Tile_2b,3,a deep low boom or rumble,121,0,0.6247,7.8729,4.3518
footstep,477390,Steps-Dirt_2a.OGG,5,a single sharp instant crack,99,0,0.7131,7.9041,4.893
footstep,477391,Steps-Dirt_1b.OGG,5,a single sharp instant crack,99,0,0.7145,7.8649,4.7884
footstep,477392,Steps-Dirt_1a.OGG,5,a single sharp instant crack,99,0,0.7602,7.9006,4.8673
footstep,477393,Steps-Dirt-Falling_1a.OGG,5,a single sharp instant crack,99,0,0.7183,7.8075,4.8539
footstep,477394,Steps-Dirt_3b.OGG,5,a single sharp instant crack,99,0,0.7061,7.8399,4.773
footstep,477395,Steps-Dirt_3a.OGG,4,a crunchy gritty texture,90,0,0.6831,7.8632,4.8224
footstep,477396,Steps-Dirt_2b.OGG,5,a single sharp instant crack,99,0,0.7129,7.8433,4.7718
footstep,480608,R10-24-Footsteps on Wooden Floor.wav,0,a short clean tap or click,123,1,0.6568,14.2252,5.4806
footstep,480634,R10-48-Light but Quick Steps on Ground.wav,2,repeated rhythmic steps,123,0,0.6535,13.4595,6.8936
footstep,480635,R10-49-Heavy Steady Steps.wav,3,a deep low boom or rumble,121,0,0.6509,14.3168,5.5611
footstep,480641,R10-56-Footsteps on Metal Staircase.wav,0,a short clean tap or click,123,1,0.6159,14.1907,5.4866
footstep,483924,Walking on grass.mp3,2,repeated rhythmic steps,123,0,0.8892,11.0883,8.971
footstep,487863,Footsteps_Dirt_Single_06.wav,5,a single sharp instant crack,99,0,0.7589,8.752,7.2229
footstep,487864,Footsteps_Dirt_Single_07.wav,4,a crunchy gritty texture,90,0,0.8543,8.6569,7.2181
footstep,487866,Footsteps_Dirt_Single_01.wav,2,repeated rhythmic steps,123,0,0.786,9.0484,7.3442
footstep,487867,Footsteps_Dirt_Single_02.wav,2,repeated rhythmic steps,123,0,0.7736,8.9785,7.3416
footstep,487868,Footsteps_Dirt_Single_03.wav,2,repeated rhythmic steps,123,0,0.7698,8.9588,7.3789
footstep,487869,Footsteps_Dirt_Single_04.wav,4,a crunchy gritty texture,90,0,0.826,8.8034,7.2082
footstep,487874,Footsteps_Mud_04.wav,2,repeated rhythmic steps,123,0,0.7717,11.5223,9.2182
footstep,487875,Footsteps_Mud_03.wav,2,repeated rhythmic steps,123,0,0.8167,11.5618,9.0749
footstep,488029,Footsteps_Tractor_Single_04.wav,6,a dry organic recorded thud,109,0,0.5379,11.628,3.1385
footstep,488030,Footsteps_Tractor_Single_05.wav,6,a dry organic recorded thud,109,0,0.6919,11.6522,3.1171
footstep,488033,Footsteps_Tractor_03.wav,0,a short clean tap or click,123,1,0.6095,11.6308,3.1591
footstep,488034,Footsteps_Tractor_Single_01.wav,0,a short clean tap or click,123,1,0.6844,11.6425,3.1285
footstep,488035,Footsteps_Tractor_Single_02.wav,6,a dry organic recorded thud,109,0,0.6943,11.5479,3.2223
footstep,488036,Footsteps_Tractor_Single_03.wav,6,a dry organic recorded thud,109,0,0.6835,11.6184,3.1644
footstep,488069,Footsteps_Mud_02.wav,2,repeated rhythmic steps,123,0,0.8005,11.6435,9.0807
footstep,488070,Footsteps_Gravel_Single_02.wav,4,a crunchy gritty texture,90,0,0.8249,8.7061,7.2491
footstep,488071,Footsteps_Gravel_Single_03.wav,5,a single sharp instant crack,99,0,0.7024,8.7279,7.2125
footstep,488073,Footsteps_Gravel_Single_01.wav,5,a single sharp instant crack,99,0,0.7887,8.667,5.6908
footstep,488078,Footsteps_Pavement_Single_01.wav,2,repeated rhythmic steps,123,0,0.7115,9.0588,6.9493
footstep,488079,Footsteps_Pavement_Scuff_01.wav,5,a single sharp instant crack,99,0,0.6879,8.7336,6.0886
footstep,488080,Footsteps_Pavement_Single_03.wav,5,a single sharp instant crack,99,0,0.7589,8.9593,7.0385
footstep,488081,Footsteps_Pavement_Single_02.wav,2,repeated rhythmic steps,123,0,0.6634,8.9957,6.8938
footstep,488687,walking down stairs.m4a,0,a short clean tap or click,123,1,0.7182,13.5684,5.3493
footstep,491052,Footsteps on wood,3,a deep low boom or rumble,121,0,0.7808,15.1625,5.8622
footstep,491054,walking_on_gravel.wav,2,repeated rhythmic steps,123,0,0.7324,10.5125,9.2224
footstep,498389,Dog walks,0,a short clean tap or click,123,1,0.5942,13.777,6.3023
footstep,505132,Foot_grass_3.wav,4,a crunchy gritty texture,90,0,0.7269,8.2942,9.0983
footstep,505133,Foot_grass_2.wav,5,a single sharp instant crack,99,0,0.6609,9.0238,6.4765
footstep,505134,Foot_grass_1.wav,4,a crunchy gritty texture,90,0,0.6775,8.1876,8.2241
footstep,505135,Foot_Stone1.wav,5,a single sharp instant crack,99,0,0.8475,8.0972,5.9089
footstep,505136,Foot_gravel_11.wav,5,a single sharp instant crack,99,0,0.8037,7.8954,5.7156
footstep,505137,Foot_gravel_10.wav,5,a single sharp instant crack,99,0,0.8081,8.1728,5.9355
footstep,505138,Foot_gravel_1.wav,5,a single sharp instant crack,99,0,0.838,8.1066,6.1118
footstep,505140,Foot_gravel_13.wav,5,a single sharp instant crack,99,0,0.7738,8.0,6.0645
footstep,505141,Foot_gravel_12.wav,5,a single sharp instant crack,99,0,0.8483,8.1009,6.1301
footstep,505142,PlayerFoot_4.wav,3,a deep low boom or rumble,121,0,0.7985,14.381,3.2683
footstep,505143,PlayerFoot_5.wav,1,a falling whoosh that fades away,85,0,0.6052,14.6583,3.2987
footstep,505144,Foot_mud_sand_4.wav,5,a single sharp instant crack,99,0,0.6659,7.5071,7.1655
footstep,505145,Foot_mud_sand_5.wav,2,repeated rhythmic steps,123,0,0.6447,7.4393,7.1467
footstep,505146,Foot_mud_sand_2.wav,4,a crunchy gritty texture,90,0,0.7912,7.698,7.1548
footstep,505147,Foot_mud_sand_3.wav,5,a single sharp instant crack,99,0,0.7605,7.6044,7.1333
footstep,505148,PlayerFoot_2.wav,3,a deep low boom or rumble,121,0,0.7533,14.4917,3.323
footstep,505149,PlayerFoot_3.wav,3,a deep low boom or rumble,121,0,0.7734,14.6812,3.4842
footstep,505150,PlayerFoot_1.wav,3,a deep low boom or rumble,121,0,0.7841,14.632,3.3749
footstep,505151,PlayerFoot_10.wav,3,a deep low boom or rumble,121,0,0.733,14.8333,3.9649
footstep,505152,Foot_gravel_4.wav,5,a single sharp instant crack,99,0,0.8392,8.065,6.2461
footstep,505153,Foot_gravel_3.wav,5,a single sharp instant crack,99,0,0.8086,8.0695,6.0294
footstep,505154,Foot_gravel_2.wav,5,a single sharp instant crack,99,0,0.7246,7.7641,5.4559
footstep,505155,Foot_gravel_14.wav,4,a crunchy gritty texture,90,0,0.8788,7.8456,8.8288
footstep,505156,Foot_gravel_8.wav,5,a single sharp instant crack,99,0,0.894,8.0115,6.2615
footstep,505157,Foot_gravel_7.wav,5,a single sharp instant crack,99,0,0.8489,8.073,6.2074
footstep,505158,Foot_gravel_6.wav,5,a single sharp instant crack,99,0,0.8438,7.8826,6.1595
footstep,505159,Foot_gravel_5.wav,5,a single sharp instant crack,99,0,0.7769,8.1006,6.0277
footstep,505160,Foot_mud_sand_1.wav,4,a crunchy gritty texture,90,0,0.7074,7.5199,7.2945
footstep,505161,Foot_gravel_9.wav,4,a crunchy gritty texture,90,0,0.7751,8.2752,5.9647
footstep,505162,PlayerFoot_7.wav,3,a deep low boom or rumble,121,0,0.655,14.7973,3.3313
footstep,505163,PlayerFoot_6.wav,1,a falling whoosh that fades away,85,0,0.6698,14.706,3.3002
footstep,505164,PlayerFoot_9.wav,3,a deep low boom or rumble,121,0,0.7362,14.8669,3.9918
footstep,505165,PlayerFoot_8.wav,1,a falling whoosh that fades away,85,0,0.5967,13.4993,10.5512
footstep,505672,Walking Bike Loop,1,a falling whoosh that fades away,85,0,0.3605,13.1253,6.4466
footstep,507963,Walking into a house 2.wav,6,a dry organic recorded thud,109,0,0.631,12.359,5.0335
footstep,507964,Walking into a house 1.wav,0,a short clean tap or click,123,1,0.6802,13.5704,6.317
footstep,508413,Walking on Rocks.mp3,2,repeated rhythmic steps,123,0,0.8862,10.8907,8.4946
footstep,508542,Bush_Footstep3.wav,1,a falling whoosh that fades away,85,0,0.6483,9.204,8.9408
footstep,508543,Bush_Footstep2.wav,1,a falling whoosh that fades away,85,0,0.522,9.1872,8.9503
footstep,508544,Bush_Footstep1.wav,1,a falling whoosh that fades away,85,0,0.6154,9.1941,8.9609
footstep,508545,Bush_Footstep4.wav,1,a falling whoosh that fades away,85,0,0.532,9.2032,8.9481
footstep,508699,Walking Sounds,3,a deep low boom or rumble,121,0,0.8662,14.9034,5.0795
footstep,514146,WoodWalking20200419-091852_01.wav,0,a short clean tap or click,123,1,0.7402,12.9164,5.4149
footstep,515890,footsteps in flipflops.m4a,0,a short clean tap or click,123,1,0.594,12.8192,6.0634
footstep,515894,footsteps on pebbles.m4a,2,repeated rhythmic steps,123,0,0.7845,11.4951,9.1874
footstep,516301,Concrete Footsteps,1,a falling whoosh that fades away,85,0,0.6213,13.1707,4.3354
footstep,516305,Footsteps in Dead Grass,2,repeated rhythmic steps,123,0,0.7196,10.2545,8.6799
footstep,516437,walking.m4a,0,a short clean tap or click,123,1,0.7929,14.2579,7.0583
footstep,517117,Footsteps Stone (10).wav,1,a falling whoosh that fades away,85,0,0.6692,12.7905,2.6967
footstep,517121,Footsteps Stone (3).wav,3,a deep low boom or rumble,121,0,0.7319,12.8464,2.6916
footstep,517122,Footsteps Stone (2).wav,3,a deep low boom or rumble,121,0,0.6892,12.8643,2.7279
footstep,517123,Footsteps Stone (12).wav,1,a falling whoosh that fades away,85,0,0.6407,12.8114,2.6345
footstep,517124,Footsteps Stone (11).wav,1,a falling whoosh that fades away,85,0,0.6537,12.8342,2.6731
footstep,517125,Footsteps Stone (5).wav,3,a deep low boom or rumble,121,0,0.752,12.8842,2.6952
footstep,517126,Footsteps Stone (4).wav,1,a falling whoosh that fades away,85,0,0.609,12.8143,2.656
footstep,517129,Footsteps_Leaves_6.wav,4,a crunchy gritty texture,90,0,0.7785,7.7308,9.0515
footstep,517134,Footsteps Stone (9).wav,3,a deep low boom or rumble,121,0,0.7351,12.9278,2.7408
footstep,517135,Footsteps Stone (8).wav,1,a falling whoosh that fades away,85,0,0.7216,12.7795,2.6286
footstep,517136,Footsteps Stone (7).wav,3,a deep low boom or rumble,121,0,0.7833,12.9683,2.7832
footstep,517137,Footsteps Stone (6).wav,1,a falling whoosh that fades away,85,0,0.7425,12.8739,2.6809
footstep,517138,Footsteps_Leaves_3.wav,4,a crunchy gritty texture,90,0,0.6649,7.7512,9.0545
footstep,517139,Footsteps_Leaves_2.wav,4,a crunchy gritty texture,90,0,0.7694,7.7513,9.0832
footstep,517140,Footsteps_Leaves_1.wav,4,a crunchy gritty texture,90,0,0.7663,7.762,9.0355
footstep,517141,Footsteps Stone sequence.wav,3,a deep low boom or rumble,121,0,0.7543,13.1947,2.9934
footstep,517142,Footsteps_Leaves_5.wav,4,a crunchy gritty texture,90,0,0.812,7.8175,9.0509
footstep,517143,Footsteps_Leaves_4.wav,4,a crunchy gritty texture,90,0,0.7904,7.7427,9.0522
footstep,520538,Forest Wind Birds Tree Walking Mastered,2,repeated rhythmic steps,123,0,0.7457,11.9958,8.7646
footstep,520746,footstep.mp3,6,a dry organic recorded thud,109,0,0.5334,12.9135,4.2492
footstep,520749,walking.mp3,6,a dry organic recorded thud,109,0,0.6545,13.0725,4.4811
footstep,521587,Hiking Boot Footsteps on Grass,4,a crunchy gritty texture,90,0,0.7871,10.4011,6.1591
footstep,521588,Hiking Boot Footsteps on Gravel,4,a crunchy gritty texture,90,0,0.7851,10.2369,6.1966
footstep,521589,Hiking Boot Footsteps on Wooden Planks,3,a deep low boom or rumble,121,0,0.6485,10.7536,5.3759
footstep,521590,Hiking Boot Footsteps on Stone,4,a crunchy gritty texture,90,0,0.7081,10.4146,6.0405
footstep,529101,Office Chair straining under stress crack steps footsteps.wav,6,a dry organic recorded thud,109,0,0.4159,13.7144,4.6729
footstep,529102,Creaking Chair straining under stress crack footsteps walking rocking back and forth.wav,6,a dry organic recorded thud,109,0,0.3178,13.7354,4.6863
footstep,529705,English Countryside (Suffolk) - Walking on the grass,2,repeated rhythmic steps,123,0,0.7916,11.3392,8.9814
footstep,529953,Footsteps (Penguin Snow Globe Game),6,a dry organic recorded thud,109,0,0.4086,12.4032,4.2968
footstep,531725,giant footsteps.mp3,6,a dry organic recorded thud,109,0,0.6355,12.3338,5.0248
footstep,534351,Walking2.mp3,2,repeated rhythmic steps,123,0,0.8278,10.6604,8.8587
footstep,534917,Walking On Gravel.wav,2,repeated rhythmic steps,123,0,0.7363,11.4988,8.387
footstep,536800,WalkW.ogg,6,a dry organic recorded thud,109,0,0.7248,13.8847,4.4591
footstep,537180,Walking on sand and gravel,2,repeated rhythmic steps,123,0,0.797,11.2845,8.4449
footstep,537835,two footsteps on gravel,0,a short clean tap or click,123,1,0.6279,8.9693,6.7353
footstep,539867,outdoor_walking.wav,2,repeated rhythmic steps,123,0,0.8153,11.7852,8.9461
footstep,540134,Wood Floor Walking.wav,3,a deep low boom or rumble,121,0,0.8273,14.9247,6.0835
footstep,546070,walking up stairs .m4a,0,a short clean tap or click,123,1,0.8009,14.2667,6.5567
footstep,547385,"Footsteps, Running On Stairs.wav",0,a short clean tap or click,123,1,0.875,14.3659,6.5938
footstep,554592,walk_indoor_barefoot.mp3,0,a short clean tap or click,123,1,0.6381,13.4978,5.229
footstep,555150,Velvet Cloak Rustling from Movement as Though Walking 1.wav,1,a falling whoosh that fades away,85,0,0.5828,10.3936,9.6102
footstep,555297,Walking Up Wooden Steps.wav,0,a short clean tap or click,123,1,0.761,14.2117,5.6139
footstep,555298,Walking Down Wooden Steps.wav,0,a short clean tap or click,123,1,0.7686,14.2156,5.6934
footstep,557594,Battle Mech walks (fast & slow sequence),6,a dry organic recorded thud,109,0,0.3495,9.5214,5.2849
footstep,560383,person walking,0,a short clean tap or click,123,1,0.798,14.1016,6.9685
footstep,560706,Walking on Snow Nickerson2.wav,2,repeated rhythmic steps,123,0,0.819,11.2147,8.3325
footstep,563529,snd_footsteps_grass_JE-01.wav,1,a falling whoosh that fades away,85,0,0.7995,11.637,7.061
footstep,566559,Dudit_emilie_2020_2021_Walking.wav,1,a falling whoosh that fades away,85,0,0.3145,9.933,8.1957
footstep,569424,Walking on wooden floor.wav,6,a dry organic recorded thud,109,0,0.7523,11.964,4.5341
footstep,578284,2021-01-11-snow-walking-001.wav,2,repeated rhythmic steps,123,0,0.7149,11.3407,8.1712
footstep,578705,Shoes 01 | hard sole.wav,3,a deep low boom or rumble,121,0,0.7995,15.1996,6.1403
footstep,578706,Shoes 02 | rubber sole.wav,3,a deep low boom or rumble,121,0,0.8194,15.447,5.7458
footstep,583715,Walking On Metal Loop,6,a dry organic recorded thud,109,0,0.6088,11.6408,3.906
footstep,58453,footsteps fast on pavement loop.wav,2,repeated rhythmic steps,123,0,0.7691,11.8812,8.3664
footstep,588501,footsteps.wav,0,a short clean tap or click,123,1,0.8165,13.79,4.9769
footstep,593197,Walking on Stones Heavy Steps.wav,2,repeated rhythmic steps,123,0,0.7024,9.417,10.1632
footstep,593922,Walking.mp3,0,a short clean tap or click,123,1,0.7774,13.2433,5.9128
footstep,594405,Walking loudly.wav,3,a deep low boom or rumble,121,0,0.6345,14.6898,4.9573
footstep,595078,"Walking on tiles with shoes,OWI.wav",0,a short clean tap or click,123,1,0.6575,13.1906,6.0034
footstep,595079,"Walking on a carpet with shoes,OWI.wav",1,a falling whoosh that fades away,85,0,0.5365,13.1539,5.933
footstep,596538,Bare Feet on Linoleum Walking Away  Medium Fast - Foley.wav,3,a deep low boom or rumble,121,0,0.6076,14.5879,5.6858
footstep,609612,Cyberman Walking Sound (The Invasion),1,a falling whoosh that fades away,85,0,0.128,9.312,5.9588
footstep,611974,CAZARD_Camille_2021_2022_Footsteps.wav,0,a short clean tap or click,123,1,0.6368,13.8801,4.2553
footstep,613217,Rough trerrain grass soft 23.wav,4,a crunchy gritty texture,90,0,0.816,8.612,9.5712
footstep,613222,Rough trerrain grass soft 10.wav,4,a crunchy gritty texture,90,0,0.5855,8.6002,9.4844
footstep,613224,Rough trerrain grass soft 15.wav,4,a crunchy gritty texture,90,0,0.8008,8.324,6.6855
footstep,613267,footsteps.wav,3,a deep low boom or rumble,121,0,0.7382,10.6579,6.3957
footstep,615044,walking-footstep.wav,3,a deep low boom or rumble,121,0,0.7939,15.256,5.24
footstep,616769,FootStepsWalking,6,a dry organic recorded thud,109,0,0.6915,9.9696,6.8955
footstep,618536,Walking on Carpet,0,a short clean tap or click,123,1,0.8751,13.4862,5.514
footstep,619949,Sean_Flynn_004_walking.wav,0,a short clean tap or click,123,1,0.817,13.4356,5.6948
footstep,620329,Footsteps_Leather_Wood_Walk03.wav,3,a deep low boom or rumble,121,0,0.7045,10.8601,5.8832
footstep,620330,Footsteps_Leather_Wood_Walk02.wav,3,a deep low boom or rumble,121,0,0.683,10.8763,5.7577
footstep,620331,Footsteps_Leather_Wood_Walk01.wav,3,a deep low boom or rumble,121,0,0.8183,10.9129,5.8549
footstep,620332,Footsteps_Leather_Wood_Walk06.wav,3,a deep low boom or rumble,121,0,0.8161,10.9471,5.7181
footstep,620333,Footsteps_Leather_Wood_Walk05.wav,3,a deep low boom or rumble,121,0,0.8125,10.8542,5.8263
footstep,620334,Footsteps_Leather_Wood_Walk04.wav,3,a deep low boom or rumble,121,0,0.7589,10.9883,5.6338
footstep,620335,Footsteps_Sneakers_Underbrush_Walk03.wav,4,a crunchy gritty texture,90,0,0.7725,10.4637,6.55
footstep,620336,Footsteps_Sneakers_Underbrush_Walk02.wav,4,a crunchy gritty texture,90,0,0.7816,10.4436,6.6456
footstep,620337,Footsteps_Sneakers_Underbrush_Walk01.wav,4,a crunchy gritty texture,90,0,0.8133,10.4504,6.631
footstep,620338,Footsteps_Sneakers_Underbrush_Walk06.wav,4,a crunchy gritty texture,90,0,0.7929,10.4507,6.6
footstep,620339,Footsteps_Sneakers_Underbrush_Walk05.wav,4,a crunchy gritty texture,90,0,0.7274,10.5158,6.5359
footstep,620340,Footsteps_Sneakers_Underbrush_Walk04.wav,1,a falling whoosh that fades away,85,0,0.6764,10.4981,6.5664
footstep,620341,Footsteps_Stiletto_Stone_Walk03.wav,3,a deep low boom or rumble,121,0,0.5804,10.9373,5.0415
footstep,620342,Footsteps_Stiletto_Stone_Walk02.wav,3,a deep low boom or rumble,121,0,0.5693,10.9434,5.0369
footstep,620343,Footsteps_Stiletto_Stone_Walk01.wav,3,a deep low boom or rumble,121,0,0.6483,10.9541,5.0658
footstep,620344,Footsteps_Stiletto_Stone_Walk06.wav,3,a deep low boom or rumble,121,0,0.4881,10.9256,5.0432
footstep,620345,Footsteps_Stiletto_Stone_Walk05.wav,3,a deep low boom or rumble,121,0,0.5338,10.9698,5.0602
footstep,620346,Footsteps_Stiletto_Stone_Walk04.wav,3,a deep low boom or rumble,121,0,0.5288,10.943,5.0615
footstep,622734,Walking on wood /Pasos en Madera,3,a deep low boom or rumble,121,0,0.8284,10.9992,5.6447
footstep,624093,Walking through leaves,2,repeated rhythmic steps,123,0,0.8292,10.7148,8.7824
footstep,624871,snd_footsteps_concrete.wav,6,a dry organic recorded thud,109,0,0.7405,12.4295,5.1065
footstep,62660,walking in gravel 3.wav,2,repeated rhythmic steps,123,0,0.8343,11.532,8.7588
footstep,628810,Binaural Suburban Footsteps 2,2,repeated rhythmic steps,123,0,0.8201,11.9795,8.7223
footstep,630020,Walking on Tile Floor.wav,3,a deep low boom or rumble,121,0,0.7883,14.8173,6.5391
footstep,634935,Child Walking on Leafs.wav,1,a falling whoosh that fades away,85,0,0.7436,9.6879,9.8503
footstep,634951,Small Animal Walking on Grass.wav,1,a falling whoosh that fades away,85,0,0.6353,13.4183,3.1213
footstep,634952,Small Animal Walking on Wood.wav,0,a short clean tap or click,123,1,0.5163,13.3986,5.2506
footstep,634984,Man Walking on Leafs.wav,2,repeated rhythmic steps,123,0,0.7529,9.8064,9.7859
footstep,634987,Walking on Snow.wav,2,repeated rhythmic steps,123,0,0.6642,10.5607,9.745
footstep,635000,Walking  on Grass.wav,1,a falling whoosh that fades away,85,0,0.6724,10.1509,10.5435
footstep,637555,footsteps shoes walk hard floor stone patio nice.flac,3,a deep low boom or rumble,121,0,0.798,15.346,5.8619
footstep,639258,Walking through leaves,5,a single sharp instant crack,99,0,0.6466,9.1458,5.7719
footstep,639266,Walking in snow.WAV,2,repeated rhythmic steps,123,0,0.679,12.7259,6.0197
footstep,640482,Walking on grass 4.wav,2,repeated rhythmic steps,123,0,0.789,11.3475,9.6935
footstep,640483,Walking on grass 3.wav,2,repeated rhythmic steps,123,0,0.7694,11.374,9.7043
footstep,640484,Walking on grass 2.wav,2,repeated rhythmic steps,123,0,0.7487,11.4552,9.698
footstep,640485,Walking on grass 1.wav,2,repeated rhythmic steps,123,0,0.7565,11.1388,9.6841
footstep,640486,Walking on grass 5.wav,2,repeated rhythmic steps,123,0,0.7529,11.4223,9.7586
footstep,643064,Walking on leaves,2,repeated rhythmic steps,123,0,0.8633,11.7484,8.8391
footstep,651359,Concrete footsteps.m4a,0,a short clean tap or click,123,1,0.7669,12.7305,7.825
footstep,651516,footsteps,1,a falling whoosh that fades away,85,0,0.6385,12.2348,4.9497
footstep,652720,footsteps2_115720221007_18pb.m4a,3,a deep low boom or rumble,121,0,0.743,14.6559,5.3876
footstep,655317,Footsteps in the bathroom.wav,0,a short clean tap or click,123,1,0.7162,13.7058,6.8317
footstep,655884,Dog Walk Concrete.wav,1,a falling whoosh that fades away,85,0,0.605,13.0675,6.4447
footstep,659370,"Retro, Footsteps.wav",6,a dry organic recorded thud,109,0,0.5013,12.039,4.899
footstep,661716,20. Walking on concrete .wav,2,repeated rhythmic steps,123,0,0.8071,11.9683,8.2037
footstep,662064,Walking on Grass.mp3,2,repeated rhythmic steps,123,0,0.6334,11.3385,9.5773
footstep,662065,Walking on Snow.mp3,5,a single sharp instant crack,99,0,0.6411,10.4812,7.9969
footstep,666550,Walking on Ice,4,a crunchy gritty texture,90,0,0.5264,10.3021,8.9118
footstep,666609,walking in leaves 1671067593937.mp3,2,repeated rhythmic steps,123,0,0.7781,10.3146,9.1843
footstep,666611,"walking on driveway, phone vibrating_190654_track0_190654 1671067649769.mp3",2,repeated rhythmic steps,123,0,0.4954,11.6687,9.5651
footstep,672065,Footsteps On Dirt (Retro Style),4,a crunchy gritty texture,90,0,0.4636,11.6304,5.8275
footstep,674144,Gravel Footsteps.wav,2,repeated rhythmic steps,123,0,0.8645,11.4392,8.6417
footstep,674155,Tunnel Footsteps.wav,0,a short clean tap or click,123,1,0.8131,13.9376,6.5904
footstep,679006,walking on the snow (24 bit 44.1 kHz),2,repeated rhythmic steps,123,0,0.72,10.6111,9.4389
footstep,682128,Footsteps Grass.wav,4,a crunchy gritty texture,90,0,0.8547,9.7056,8.9547
footstep,682129,Footsteps Gravel 1.wav,5,a single sharp instant crack,99,0,0.5515,9.4443,7.2478
footstep,682130,Footsteps Gravel 2.wav,2,repeated rhythmic steps,123,0,0.508,10.2275,9.4012
footstep,682131,Footsteps Gravel 3.wav,2,repeated rhythmic steps,123,0,0.7676,10.3921,9.0619
footstep,682132,Footsteps Snow 1.wav,4,a crunchy gritty texture,90,0,0.7513,8.0427,7.3582
footstep,682875,Footsteps_On_Hardwood_2.wav,3,a deep low boom or rumble,121,0,0.7822,15.488,5.7745
footstep,682878,Hardwood_Footsteps_Fast_To_Slow.wav,3,a deep low boom or rumble,121,0,0.573,15.5623,5.6593
footstep,685855,Walking.m4a,0,a short clean tap or click,123,1,0.664,13.7777,6.4947
footstep,686636,Footsteps in Nature,2,repeated rhythmic steps,123,0,0.7082,10.9342,9.3588
footstep,68726,SingleFootstep.wav,6,a dry organic recorded thud,109,0,0.7078,11.648,3.8854
footstep,68740,WalkingUpstairs.wav,0,a short clean tap or click,123,1,0.8671,14.0551,5.5811
footstep,688240,Footsteps on grass,1,a falling whoosh that fades away,85,0,0.7097,13.6183,10.5389
footstep,702399,Generic Footsteps,3,a deep low boom or rumble,121,0,0.7247,10.9614,5.8862
footstep,706984,walking on broken glass. OWI.wav,1,a falling whoosh that fades away,85,0,0.4518,9.9329,9.7707
footstep,707246,Footsteps on tiles with shoes - 3m away still steps,0,a short clean tap or click,123,1,0.8651,14.3078,5.9036
footstep,707889,Walking on Grass,2,repeated rhythmic steps,123,0,0.8311,10.5363,9.6075
footstep,707939,Boots Walking Down Wooden Stairs,0,a short clean tap or click,123,1,0.7293,14.6236,6.0394
footstep,707962,Walking On Broken Beer Bottle Shards With Sneakers 1,1,a falling whoosh that fades away,85,0,0.439,9.7463,10.4152
footstep,707963,Walking On Broken Beer Bottle Shards With Sneakers 2,1,a falling whoosh that fades away,85,0,0.5857,9.7998,10.4467
footstep,707964,Walking On Broken Beer Bottle Shards With Sneakers 3,1,a falling whoosh that fades away,85,0,0.3492,9.7539,10.4323
footstep,707965,Walking On Broken Beer Bottle Shards With Sneakers 4,1,a falling whoosh that fades away,85,0,0.3819,9.7552,10.4332
footstep,710763,multiple people walking on gravel,2,repeated rhythmic steps,123,0,0.8435,11.7353,8.896
footstep,718099,Walking in Snow (SoundAction 001),2,repeated rhythmic steps,123,0,0.7574,11.2877,8.058
footstep,721471,"Walking in forest, winter",2,repeated rhythmic steps,123,0,0.7928,10.5657,9.3524
footstep,721751,Stone walking (SoundAction 069),2,repeated rhythmic steps,123,0,0.7934,11.0123,8.7114
footstep,723012,Footsteps,0,a short clean tap or click,123,1,0.7909,15.0742,6.0233
footstep,729196,Footsteps Gravel/Rock/Pebbles 1/8,2,repeated rhythmic steps,123,0,0.628,9.5937,7.9185
footstep,729197,Footsteps Gravel/Rock/Pebbles 2/8,1,a falling whoosh that fades away,85,0,0.5738,9.4359,7.8141
footstep,729199,Footsteps Gravel/Rock/Pebbles 4/8,1,a falling whoosh that fades away,85,0,0.6002,9.3786,7.734
footstep,729200,Footsteps Gravel/Rock/Pebbles 5/8,1,a falling whoosh that fades away,85,0,0.6872,9.5129,7.9628
footstep,729201,Footsteps Gravel/Rock/Pebbles 6/8,1,a falling whoosh that fades away,85,0,0.6817,9.5074,7.8665
footstep,729203,Footsteps Gravel/Rock/Pebbles 8/8,2,repeated rhythmic steps,123,0,0.6853,9.4286,7.7702
footstep,73095,Walk stairs 02.wav,0,a short clean tap or click,123,1,0.7678,13.9268,6.273
footstep,73096,Walk stairs 03.wav,0,a short clean tap or click,123,1,0.8388,14.1456,6.3838
footstep,737989,Walking barefoot in a big room,0,a short clean tap or click,123,1,0.7663,13.5309,6.2061
footstep,740144,stepping on grass 1,2,repeated rhythmic steps,123,0,0.7459,10.5987,9.7771
footstep,740145,walk grass night 1,1,a falling whoosh that fades away,85,0,0.6944,10.549,9.7278
footstep,740294,male walking barefoot on wood floor 1,3,a deep low boom or rumble,121,0,0.7513,14.8092,5.2943
footstep,740419,walking indoors on concrete floor 1,3,a deep low boom or rumble,121,0,0.8718,14.962,5.8275
footstep,744710,Forest_footsteps_6x,4,a crunchy gritty texture,90,0,0.8232,8.9465,9.3268
footstep,745920,Forest Zombie Walk Montage 2 Mixed,2,repeated rhythmic steps,123,0,0.8452,10.6926,9.095
footstep,752038,FOLYFeet_Footsteps Of Boots On A Wooden Floor 01_KVV_FREE,3,a deep low boom or rumble,121,0,0.7556,10.8973,5.5737
footstep,752619,soldiers walking audio,1,a falling whoosh that fades away,85,0,0.6829,9.9396,9.2648
footstep,754320,walking_gravel,2,repeated rhythmic steps,123,0,0.865,10.8555,8.5036
footstep,754782,Walk Footstep with Clothing Foley 1 (Hard Floor/Wooden),5,a single sharp instant crack,99,0,0.681,8.7349,3.6839
footstep,754783,Walk Footstep with Clothing Foley 2 (Hard Floor/Wooden),5,a single sharp instant crack,99,0,0.6428,8.7166,3.721
footstep,754784,Walk Footstep with Clothing Foley 3 (Hard Floor/Wooden),3,a deep low boom or rumble,121,0,0.7056,8.7367,3.7106
footstep,754785,Walk Footstep with Clothing Foley 4 (Hard Floor/Wooden),5,a single sharp instant crack,99,0,0.683,8.6566,3.7783
footstep,754786,Walk Footstep with Clothing Foley 5 (Hard Floor/Wooden),3,a deep low boom or rumble,121,0,0.7731,8.7235,3.6622
footstep,754787,Walk Footstep with Clothing Foley 6 (Hard Floor/Wooden),3,a deep low boom or rumble,121,0,0.7797,8.7744,3.6386
footstep,757118,Footsteps Walking By,2,repeated rhythmic steps,123,0,0.9042,11.4597,9.1608
footstep,757366,men_sneaker_shoes_walking_sound_09262024,6,a dry organic recorded thud,109,0,0.635,12.3409,4.2636
footstep,757798,walking,6,a dry organic recorded thud,109,0,0.7808,12.0032,4.5035
footstep,759613,Walking along a smooth hard floor barefoot,1,a falling whoosh that fades away,85,0,0.5851,14.6277,5.2442
footstep,760715,Walking along hard carpet,3,a deep low boom or rumble,121,0,0.686,14.9177,5.4671
footstep,760716,Walking on hard floor,3,a deep low boom or rumble,121,0,0.6868,15.0636,5.7142
footstep,761559,crab walking,1,a falling whoosh that fades away,85,0,0.1951,11.888,5.7254
footstep,766393,Heavy Footstep 1,6,a dry organic recorded thud,109,0,0.6149,9.8377,3.5543
footstep,766394,Heavy Footstep 2,6,a dry organic recorded thud,109,0,0.5482,9.8685,3.5634
footstep,766395,Heavy Footstep 3,6,a dry organic recorded thud,109,0,0.7174,9.8834,3.5898
footstep,766396,Heavy Footstep 4,6,a dry organic recorded thud,109,0,0.6687,9.8786,3.5851
footstep,766397,Heavy Footstep 5,6,a dry organic recorded thud,109,0,0.6136,9.8624,3.5733
footstep,783008,"""You'll be walking the plank now laddie"" - Irish Pirate Male",6,a dry organic recorded thud,109,0,0.182,12.5588,4.9341
footstep,784297,"Woman walking interior, wood floor",3,a deep low boom or rumble,121,0,0.8021,14.9151,6.4196
footstep,784298,Walking exterior,2,repeated rhythmic steps,123,0,0.8047,11.3622,8.7989
footstep,785182,walking steps,1,a falling whoosh that fades away,85,0,0.619,9.6193,9.2682
footstep,785183,walking,1,a falling whoosh that fades away,85,0,0.6089,9.4366,9.188
footstep,786023,Walking through the hallway,0,a short clean tap or click,123,1,0.7257,14.394,6.7927
footstep,788217,Snow Walking,2,repeated rhythmic steps,123,0,0.6289,10.5584,8.4605
footstep,788635,Barefoot walking on the floor,6,a dry organic recorded thud,109,0,0.702,12.9525,5.3617
footstep,789585,Custom_TFPrime_heavy_decepticon_footstep_sound_recreation_02212025,6,a dry organic recorded thud,109,0,0.6679,10.2884,3.8607
footstep,789754,car_door_mimicking_heavy_robot_footstep_sounds_10122022,6,a dry organic recorded thud,109,0,0.7202,10.9021,3.9987
footstep,789755,TF_cyberverse_heavy_robot_footstep_recreation_02232025,6,a dry organic recorded thud,109,0,0.4361,10.965,4.0287
footstep,789800,The Dover Boys - Sailor Walking,6,a dry organic recorded thud,109,0,0.1809,12.9068,5.2762
footstep,789970,walk_with_stilettos,2,repeated rhythmic steps,123,0,0.7493,12.033,8.1607
footstep,790040,Walking on coarse sand,2,repeated rhythmic steps,123,0,0.8887,11.6344,8.8485
footstep,800337,Foley Footsteps Grass Foley Makers,3,a deep low boom or rumble,121,0,0.5254,11.0573,6.353
footstep,804977,"footsteps, carpet, shuffle1",1,a falling whoosh that fades away,85,0,0.6151,10.5712,9.7782
footstep,804978,"footsteps, carpet, shuffle2",1,a falling whoosh that fades away,85,0,0.6427,10.5993,9.75
footstep,804982,"footsteps, tile, shufle",3,a deep low boom or rumble,121,0,0.8766,15.2328,5.4765
footstep,804983,"footsteps, tile, shufle2",3,a deep low boom or rumble,121,0,0.7887,15.2377,5.3717
footstep,807853,"FEETAnml-Samsung Galaxy Smartphone, CU_Dog, Looped_Nicholas Judy_TDC",0,a short clean tap or click,123,1,0.6054,13.6862,6.3697
footstep,807862,"FEETHmn-MCU_Footsteps, On Grass_Nicholas Judy_TDC",2,repeated rhythmic steps,123,0,0.8813,10.878,9.489
footstep,807868,"FEETHmn-Samsung Galaxy Smartphone, MCU_Footsteps On Concrete_Nicholas Judy_TDC",0,a short clean tap or click,123,1,0.859,13.8661,6.3533
footstep,807870,"FEETHmn-Samsung Galaxy Smartphone_Walking Upstairs, Reverberant Hallway, Looped_Nicholas Judy_TDC",0,a short clean tap or click,123,1,0.8368,13.9276,6.3938
footstep,810112,"OBJWhled-Samsung Galaxy Smartphone, Footsteps Perspective_Shopping Cart Wheels Rolling, Looped_Nicholas Judy_TDC",0,a short clean tap or click,123,1,0.588,13.1017,6.8506
footstep,811940,Footsteps in hallway,0,a short clean tap or click,123,1,0.8173,14.3456,6.3376
footstep,812363,"Knocking once on wood, single footstep",6,a dry organic recorded thud,109,0,0.5106,12.3349,4.1979
footstep,813053,Big robot footstep 002,6,a dry organic recorded thud,109,0,0.5238,10.0824,4.0982
footstep,813054,Big robot footstep 003,6,a dry organic recorded thud,109,0,0.42,10.0682,4.2286
footstep,813055,Big robot footstep 004,6,a dry organic recorded thud,109,0,0.3764,10.0411,4.1868
footstep,813056,Big robot footstep,6,a dry organic recorded thud,109,0,0.2288,10.0147,4.1137
footstep,813620,"Footsteps - Metal, Car, Plane, Sheet, Boat",6,a dry organic recorded thud,109,0,0.5128,11.5448,4.964
footstep,813621,"Footsteps - Dirt, Grass, Ground, Nature",4,a crunchy gritty texture,90,0,0.7947,10.3677,6.1178
footstep,813622,"Footsteps - Stone, Rock, Concrete, Cement",3,a deep low boom or rumble,121,0,0.6169,10.4355,6.044
footstep,814259,LoFiFootstep_Gravel_Walking-01,6,a dry organic recorded thud,109,0,0.7325,10.7284,3.3339
footstep,814260,LoFiFootstep_Gravel_Walking-02,6,a dry organic recorded thud,109,0,0.7768,10.6882,3.3267
footstep,814261,LoFiFootstep_Gravel_Walking-03,6,a dry organic recorded thud,109,0,0.6822,10.6877,3.2967
footstep,814262,LoFiFootstep_Gravel_Walking-04,6,a dry organic recorded thud,109,0,0.7173,10.698,3.3247
footstep,814263,LoFiFootstep_Gravel_Walking-05,6,a dry organic recorded thud,109,0,0.7278,10.6837,3.2842
footstep,814264,LoFiFootstep_Gravel_Walking-06,6,a dry organic recorded thud,109,0,0.719,10.7062,3.2701
footstep,814265,LoFiFootstep_Gravel_Walking-07,6,a dry organic recorded thud,109,0,0.7058,10.6701,3.2752
footstep,814266,LoFiFootstep_Gravel_Walking-08,6,a dry organic recorded thud,109,0,0.6644,10.6219,3.3585
footstep,814451,Walking on wood floor,0,a short clean tap or click,123,1,0.8318,13.6507,5.4767
footstep,814452,Walking on wood floor,0,a short clean tap or click,123,1,0.8144,12.928,5.673
footstep,814453,Walking on wood floor,0,a short clean tap or click,123,1,0.8121,13.8005,5.4709
footstep,814467,WAlking_on_stonefixed__koa,6,a dry organic recorded thud,109,0,0.5566,12.9816,5.3367
footstep,815039,Big robot footstep 005,6,a dry organic recorded thud,109,0,0.4435,10.018,4.2577
footstep,816017,Dry Footsteps Loop,3,a deep low boom or rumble,121,0,0.7197,10.3384,6.0154
footstep,816018,Footsteps w Clothes Loop,0,a short clean tap or click,123,1,0.7584,14.3043,5.5489
footstep,816019,FPS Footsteps Loop,3,a deep low boom or rumble,121,0,0.7652,13.9182,3.7765
footstep,818562,Footsteps On Gravel,4,a crunchy gritty texture,90,0,0.7396,10.367,6.6703
footstep,819796,Footsteps and creaky hinge on Keno Hill,0,a short clean tap or click,123,1,0.568,14.0398,5.3245
footstep,823843,Wet feet walking on the floor,0,a short clean tap or click,123,1,0.6424,14.8551,5.687
footstep,824290,Walking march texture,2,repeated rhythmic steps,123,0,0.6721,11.8054,8.5121
footstep,832881,Walking,6,a dry organic recorded thud,109,0,0.16,9.8801,4.8251
footstep,83361,Walking in gravel.WAV,2,repeated rhythmic steps,123,0,0.8356,11.4767,8.6141
footstep,835102,Walking on wet asphalt,2,repeated rhythmic steps,123,0,0.7636,11.9439,8.2324
footstep,837688,Footsteps in wet gravel and mud,2,repeated rhythmic steps,123,0,0.6904,10.7654,9.15
footstep,837689,Footsteps in wet gravel and mud 2,4,a crunchy gritty texture,90,0,0.5854,10.4842,9.2269
footstep,838664,Walking on snow,2,repeated rhythmic steps,123,0,0.665,11.3064,8.1862
footstep,841836,Walking in grass,2,repeated rhythmic steps,123,0,0.8139,10.7976,9.2926
footstep,842188,Footstep Leaves,3,a deep low boom or rumble,121,0,0.7442,14.6373,3.8594
footstep,843011,walking without shoes,0,a short clean tap or click,123,1,0.7319,13.2452,5.753
footstep,844090,footsteps,0,a short clean tap or click,123,1,0.6269,12.9443,5.9153
footstep,845047,Retro-Styled Footsteps - Metal,6,a dry organic recorded thud,109,0,0.6542,10.908,3.4423
footstep,845090,Retro-Styled Footsteps - Wood,6,a dry organic recorded thud,109,0,0.74,10.9192,3.467
footstep,847090,Footsteps,3,a deep low boom or rumble,121,0,0.759,14.4069,6.1391
footstep,848694,SFX_Footsteps_Shoes_Normal_01,0,a short clean tap or click,123,1,0.739,13.8747,5.478
footstep,848695,SFX_Footsteps_Shoes_Normal_02,0,a short clean tap or click,123,1,0.7521,13.9442,5.5082
footstep,848696,SFX_Footsteps_Slippers_Normal,6,a dry organic recorded thud,109,0,0.6496,13.2381,5.3396
footstep,848697,SFX_Footsteps_Slippers_Tired,0,a short clean tap or click,123,1,0.7431,13.8315,5.5232
footstep,849568,walking on grasss,2,repeated rhythmic steps,123,0,0.6935,11.4193,9.8689
footstep,854616,Fs_Sand_01,5,a single sharp instant crack,99,0,0.6368,9.1123,5.9104
footstep,854617,Fs_Sand_02,5,a single sharp instant crack,99,0,0.5343,9.064,5.9786
footstep,854618,Fs_Sand_03,5,a single sharp instant crack,99,0,0.6924,8.9992,6.0849
footstep,854619,Fs_Wet_Soil_01,5,a single sharp instant crack,99,0,0.7132,8.6343,6.5936
footstep,854620,Fs_Wet_Soil_02,5,a single sharp instant crack,99,0,0.7384,8.8805,6.3513
footstep,854621,Fs_Wet_Soil_03,5,a single sharp instant crack,99,0,0.5266,8.84,6.3235
footstep,859913,Walking on gravel,2,repeated rhythmic steps,123,0,0.8385,10.8845,8.6241
footstep,861817,walk1 (concrete),0,a short clean tap or click,123,1,0.9039,14.1516,6.6988
footstep,863142,Walking in slippers (SoundAction 164),0,a short clean tap or click,123,1,0.7195,12.8833,5.8732
footstep,863177,Walking in bushes (SoundAction 199),2,repeated rhythmic steps,123,0,0.702,10.1459,9.215
footstep,866956,FEETMis Squicy Footsteps,6,a dry organic recorded thud,109,0,0.5297,13.2003,4.3168
footstep,90336,Walking small street 100214.wav,0,a short clean tap or click,123,1,0.7752,14.3599,7.03
footstep,94323,fotsteg i djupsnö 2.wav,2,repeated rhythmic steps,123,0,0.6202,11.3415,8.1127
footstep,94340,fotsteg på trä och snö 1.wav,5,a single sharp instant crack,99,0,0.7034,8.4449,5.8407
footstep,94348,steg på trä 1.wav,6,a dry organic recorded thud,109,0,0.6614,12.2612,5.8217
glass,106881,200 pounds stepping on a glass object.aif,1,a dry organic recorded thud,81,0,0.683,4.1234,5.7274
glass,115916,"Glass Hits floor, breaks, shatters.wav",2,a single sharp instant crack,163,1,0.8519,2.1744,6.7418
glass,118198,Bottle Smash.aif,2,a single sharp instant crack,163,1,0.9283,2.6605,5.1015
glass,118515,Windshield_Hit_02.wav,7,a bright high-pitched metallic ring,110,0,0.6283,2.0301,6.243
glass,126877,breaking glass 1.wav,2,a single sharp instant crack,163,1,0.927,3.1426,5.7778
glass,126878,breaking glass 2.wav,2,a single sharp instant crack,163,1,0.8179,2.3401,6.1436
glass,127542,Glass-Hit2.wav,5,a crunchy gritty texture,99,0,0.6457,0.5533,4.2073
glass,127543,Glass-Hit.wav,1,a dry organic recorded thud,81,0,0.7512,0.5823,4.4732
glass,127545,Glass-Handling.wav,5,a crunchy gritty texture,99,0,0.6374,0.0861,3.7853
glass,141563,Glass Break,7,a bright high-pitched metallic ring,110,0,0.6958,0.6533,8.1427
glass,145558,Glass Break 01.wav,7,a bright high-pitched metallic ring,110,0,0.8517,1.0699,6.585
glass,145559,Glass Break 02.wav,2,a single sharp instant crack,163,1,0.8163,0.7559,6.3202
glass,145565,Glass Strike 04.wav,3,a deep low boom or rumble,43,0,0.655,6.5345,7.8945
glass,145566,Glass Strike 03.wav,3,a deep low boom or rumble,43,0,0.5764,6.4748,7.9485
glass,145567,Glass Strike 02.wav,3,a deep low boom or rumble,43,0,0.5799,6.5024,7.9115
glass,145568,Glass Strike 01.wav,3,a deep low boom or rumble,43,0,0.6686,6.8111,7.2533
glass,145569,Glass Strike 08.wav,3,a deep low boom or rumble,43,0,0.6047,6.6141,7.804
glass,145570,Glass Strike 07.wav,3,a deep low boom or rumble,43,0,0.7335,6.5677,7.8394
glass,145572,Glass Strike 05.wav,3,a deep low boom or rumble,43,0,0.6491,6.5465,7.8783
glass,145573,Glass Strikes 02.wav,3,a deep low boom or rumble,43,0,0.6075,6.5177,7.9073
glass,145574,Glass Strikes 01.wav,3,a deep low boom or rumble,43,0,0.6968,6.5512,7.8823
glass,148072,LIGHTBULB SMASH 004.wav,6,a synthetic electronic sound effect,102,0,0.7894,4.3661,4.2774
glass,148073,LIGHTBULB SMASH 003.wav,6,a synthetic electronic sound effect,102,0,0.8364,4.4873,4.2837
glass,148074,LIGHTBULB SMASH 002.wav,6,a synthetic electronic sound effect,102,0,0.8092,4.4728,4.3338
glass,148075,LIGHTBULB SMASH 001.wav,6,a synthetic electronic sound effect,102,0,0.8693,4.5494,4.3179
glass,152396,big smash,7,a bright high-pitched metallic ring,110,0,0.7488,1.0471,7.8905
glass,154466,Glass Breaking_1-2.aif,1,a dry organic recorded thud,81,0,0.6241,3.0473,6.2959
glass,156578,"Picture frame dropped on wood floor, shatters.wav",4,a long sustained shattering with debris,109,0,0.8629,1.53,6.7943
glass,156579,"Pick up shattered picture frame, glass shards.wav",5,a crunchy gritty texture,99,0,0.4414,-0.4595,3.6279
glass,158140,Epic Logo Intro part 2: Glass and Machine,7,a bright high-pitched metallic ring,110,0,0.6374,-0.0353,7.6397
glass,158142,"Epic Logo Intro Complete: Explosion, Gas, Glass and Machine",7,a bright high-pitched metallic ring,110,0,0.6745,0.4261,8.0106
glass,160759,Smashing-glass,2,a single sharp instant crack,163,1,0.9273,2.2303,6.6624
glass,161309,Bottle breaking.aif,2,a single sharp instant crack,163,1,0.7778,1.9943,6.1063
glass,161719,Item Drop (Fiberglass).wav,7,a bright high-pitched metallic ring,110,0,0.7186,1.4203,8.2124
glass,162169,Bottle breaking 2.aif,4,a long sustained shattering with debris,109,0,0.8563,1.8344,6.5016
glass,164462,Glass Hit FF221.aif,2,a single sharp instant crack,163,1,0.868,3.2202,5.514
glass,164538,Hammer and Bottle Smash FF196.aif,2,a single sharp instant crack,163,1,0.8539,2.8099,5.6816
glass,164540,Hammer and Bottle Smash FF198.aif,2,a single sharp instant crack,163,1,0.8433,2.7795,5.6344
glass,164541,Hammer and Bottle Smash FF199.aif,2,a single sharp instant crack,163,1,0.8641,2.7584,5.6142
glass,164542,Hammer and Bottle Smash FF200.aif,2,a single sharp instant crack,163,1,0.8412,2.7108,5.7792
glass,171994,glass1.wav,2,a single sharp instant crack,163,1,0.8794,3.4224,5.932
glass,171996,big smash with glass break.wav,4,a long sustained shattering with debris,109,0,0.8941,0.2641,7.4351
glass,171998,glass4.wav,1,a dry organic recorded thud,81,0,0.8945,3.9483,6.0385
glass,172000,glass2.wav,2,a single sharp instant crack,163,1,0.9014,3.9039,6.3221
glass,173557,004.wav,4,a long sustained shattering with debris,109,0,0.8871,-0.5952,6.9271
glass,173558,003.wav,4,a long sustained shattering with debris,109,0,0.9209,-0.2704,6.5852
glass,173559,002.wav,4,a long sustained shattering with debris,109,0,0.8974,-0.4519,6.6651
glass,173560,001.wav,4,a long sustained shattering with debris,109,0,0.8933,-0.5539,6.9204
glass,173577,006-02.wav,2,a single sharp instant crack,163,1,0.861,-0.5811,6.7664
glass,173579,005.wav,4,a long sustained shattering with debris,109,0,0.8887,-0.6426,6.8039
glass,173585,025.wav,4,a long sustained shattering with debris,109,0,0.8197,-0.5753,6.8507
glass,173586,026.wav,4,a long sustained shattering with debris,109,0,0.7717,-0.6351,6.8466
glass,173587,036-01.wav,7,a bright high-pitched metallic ring,110,0,0.4871,2.216,6.1625
glass,173592,020.wav,4,a long sustained shattering with debris,109,0,0.8589,-0.6168,6.9002
glass,173593,017.wav,4,a long sustained shattering with debris,109,0,0.9171,-0.4546,7.0231
glass,173594,018.wav,4,a long sustained shattering with debris,109,0,0.8703,-0.6763,6.7932
glass,173624,031.wav,0,a short clean tap or click,43,0,0.2597,0.8668,5.9514
glass,174747,glass breaking.aif,2,a single sharp instant crack,163,1,0.8011,3.0869,7.1799
glass,174750,accidental glass breaking.aif,1,a dry organic recorded thud,81,0,0.731,3.5806,6.8567
glass,176575,glass breaking in reverse,0,a short clean tap or click,43,0,0.4638,0.6498,8.5535
glass,178582,Kicking in a glass door,7,a bright high-pitched metallic ring,110,0,0.7867,0.7623,6.1178
glass,17914,fallingmetalgrid10.wav,7,a bright high-pitched metallic ring,110,0,0.6243,1.3488,8.1258
glass,179224,Bouncing lightbulb 2,1,a dry organic recorded thud,81,0,0.749,4.726,5.301
glass,179225,Bouncing lightbulb 1,1,a dry organic recorded thud,81,0,0.7032,5.0986,5.0541
glass,179226,Bouncing heineken glass,3,a deep low boom or rumble,43,0,0.7262,5.7496,5.2936
glass,179227,Breaking glass 3,6,a synthetic electronic sound effect,102,0,0.9123,4.9923,4.298
glass,179229,Breaking glass 1,6,a synthetic electronic sound effect,102,0,0.7802,6.226,4.779
glass,179230,Breaking glass 10,6,a synthetic electronic sound effect,102,0,0.9346,4.4687,4.3723
glass,179231,Breaking glass 7,6,a synthetic electronic sound effect,102,0,0.892,5.1905,4.4222
glass,179233,Breaking glass 5,6,a synthetic electronic sound effect,102,0,0.8673,5.8685,4.785
glass,179235,Breaking glass 9,2,a single sharp instant crack,163,1,0.8571,5.4006,4.6809
glass,179236,Breaking glass 8,6,a synthetic electronic sound effect,102,0,0.8809,5.1779,4.4064
glass,179237,Dropping glass 2,2,a single sharp instant crack,163,1,0.8641,5.4631,4.7429
glass,179238,Dropping glass 2,6,a synthetic electronic sound effect,102,0,0.8019,5.5108,4.7234
glass,179239,Breaking glass 11,6,a synthetic electronic sound effect,102,0,0.8703,5.3897,4.5597
glass,179240,Breaking glass 12,2,a single sharp instant crack,163,1,0.8926,5.274,4.6416
glass,179241,Breaking glass 14,6,a synthetic electronic sound effect,102,0,0.8377,5.4636,4.5839
glass,179242,Breaking glass 13,6,a synthetic electronic sound effect,102,0,0.8404,5.0715,4.3303
glass,179249,Breaking saucer,6,a synthetic electronic sound effect,102,0,0.8682,5.8683,4.7277
glass,179250,Breaking plate 2,2,a single sharp instant crack,163,1,0.8811,3.4458,7.1793
glass,179251,Breaking plate 1,4,a long sustained shattering with debris,109,0,0.8365,5.5886,4.672
glass,179258,Dropping glass shard 4,2,a single sharp instant crack,163,1,0.7059,5.6702,4.9757
glass,179259,Dropping glass shard 3,6,a synthetic electronic sound effect,102,0,0.8256,5.6252,4.803
glass,179260,Dropping glass shard 2,6,a synthetic electronic sound effect,102,0,0.7484,5.7704,4.8355
glass,179261,Dropping glass shard 1,1,a dry organic recorded thud,81,0,0.8519,3.465,5.3979
glass,179262,Dropping a saucer shard,5,a crunchy gritty texture,99,0,0.5532,5.7543,4.9262
glass,179263,Dropping glass shard 5,6,a synthetic electronic sound effect,102,0,0.8606,4.8105,4.3532
glass,179264,Exploding lightbulb 2,2,a single sharp instant crack,163,1,0.8547,5.3748,4.6356
glass,179265,Exploding lightbulb 1,6,a synthetic electronic sound effect,102,0,0.8655,4.1631,4.4031
glass,182896,light-bulb smash.wav,7,a bright high-pitched metallic ring,110,0,0.6545,0.6046,8.2677
glass,189575,Breaking Glass.wav,2,a single sharp instant crack,163,1,0.894,3.4451,4.4826
glass,194682,BreakingVase04.wav,2,a single sharp instant crack,163,1,0.931,2.6027,5.0061
glass,194683,BreakingVase03.wav,2,a single sharp instant crack,163,1,0.9041,2.6729,5.0411
glass,194684,BreakingVase02.wav,2,a single sharp instant crack,163,1,0.9035,2.6096,5.133
glass,194685,BreakingVase01.wav,2,a single sharp instant crack,163,1,0.8931,2.6277,5.0093
glass,199906,Breaking Glass Stereo,6,a synthetic electronic sound effect,102,0,0.8521,-0.2843,5.4697
glass,20133,breaking_glass.wav,4,a long sustained shattering with debris,109,0,0.8645,0.5968,7.5426
glass,201919,GELIS_Hugo_2013_2014_son2.wav,1,a dry organic recorded thud,81,0,0.6193,0.7514,4.2451
glass,202093,Bottle Shattering.wav,2,a single sharp instant crack,163,1,0.9588,2.326,6.1747
glass,203368,glass-shattering-hit_01.ogg,5,a crunchy gritty texture,99,0,0.8174,0.0026,4.2472
glass,203369,glass-in-bucket_3thumps.ogg,4,a long sustained shattering with debris,109,0,0.8411,-0.1986,5.1727
glass,203370,glass-in-bucket_01.ogg,2,a single sharp instant crack,163,1,0.8247,-0.2416,5.1027
glass,203371,glass-explosion_01.ogg,7,a bright high-pitched metallic ring,110,0,0.8015,0.2092,6.1986
glass,203372,glass-shattering_04.ogg,5,a crunchy gritty texture,99,0,0.8602,-0.1451,4.8036
glass,203373,glass-shattering_03.ogg,5,a crunchy gritty texture,99,0,0.865,-0.2478,4.736
glass,203374,glass-shattering_02.ogg,5,a crunchy gritty texture,99,0,0.8801,-0.2196,4.5386
glass,203375,glass-shattering_01.ogg,4,a long sustained shattering with debris,109,0,0.8638,-0.1476,5.1641
glass,203376,glass_broken_shifting.ogg,5,a crunchy gritty texture,99,0,0.7743,-0.2574,4.9972
glass,203377,glass-shattering_05.ogg,5,a crunchy gritty texture,99,0,0.8662,-0.5794,4.3653
glass,203378,glass_shard_bounce_2.ogg,5,a crunchy gritty texture,99,0,0.7651,0.4948,4.5679
glass,203379,glass_shard_bounce.ogg,5,a crunchy gritty texture,99,0,0.8212,0.0846,4.6367
glass,203380,glass_shard_bounce_3.ogg,5,a crunchy gritty texture,99,0,0.7952,0.4489,4.7419
glass,203381,glass_shard_bounce_4.ogg,5,a crunchy gritty texture,99,0,0.5182,0.5739,3.551
glass,203382,Empty milk bottles being knocked over.mp3,1,a dry organic recorded thud,81,0,0.6289,3.6901,6.776
glass,204115,glass01.flac,2,a single sharp instant crack,163,1,0.7652,1.1356,6.7518
glass,204116,glass01-proc.flac,7,a bright high-pitched metallic ring,110,0,0.8517,1.0079,6.8443
glass,204117,glass-hit01.flac,7,a bright high-pitched metallic ring,110,0,0.4872,6.4464,7.9675
glass,204118,glass-hit.flac,7,a bright high-pitched metallic ring,110,0,0.5782,6.4615,7.9477
glass,204119,glass03.flac,2,a single sharp instant crack,163,1,0.8615,1.0624,6.5231
glass,204120,glass03-proc.flac,2,a single sharp instant crack,163,1,0.8672,0.9184,6.6777
glass,204121,glass02.flac,2,a single sharp instant crack,163,1,0.8771,1.0536,6.5719
glass,204122,glass02-proc.flac,2,a single sharp instant crack,163,1,0.8678,0.9227,6.688
glass,204123,glass04.flac,2,a single sharp instant crack,163,1,0.8701,1.0245,6.5896
glass,204124,glass04-proc.flac,2,a single sharp instant crack,163,1,0.8777,0.9821,6.6198
glass,204129,glass16.flac,5,a crunchy gritty texture,99,0,0.7896,0.6774,4.365
glass,204133,glass10-proc.flac,4,a long sustained shattering with debris,109,0,0.9043,1.0314,6.6144
glass,204134,glass10.flac,2,a single sharp instant crack,163,1,0.8854,1.2746,6.3118
glass,204185,breaking_glass1.wav,2,a single sharp instant crack,163,1,0.9179,3.6508,6.2053
glass,208696,Glass smash under boot (+ footsteps),1,a dry organic recorded thud,81,0,0.6103,2.9795,6.6386
glass,212698,Breaking a glass bottle,1,a dry organic recorded thud,81,0,0.7865,2.4747,6.0545
glass,214336,Breaking a Vase (remix),4,a long sustained shattering with debris,109,0,0.8348,2.0346,5.3428
glass,216279,Breaking_Glass_20.wav,6,a synthetic electronic sound effect,102,0,0.8595,5.4133,1.8651
glass,216280,Breaking_Glass_21.wav,6,a synthetic electronic sound effect,102,0,0.8104,5.4016,1.8441
glass,216281,Breaking_Glass_13.wav,6,a synthetic electronic sound effect,102,0,0.9169,5.2172,2.1899
glass,216282,Breaking_Glass_12.wav,6,a synthetic electronic sound effect,102,0,0.8132,5.4186,2.0108
glass,216283,Breaking_Glass_11.wav,6,a synthetic electronic sound effect,102,0,0.8502,5.4512,2.0108
glass,216284,Breaking_Glass_10.wav,6,a synthetic electronic sound effect,102,0,0.8596,5.3154,2.1058
glass,216285,Breaking_Glass_17.wav,6,a synthetic electronic sound effect,102,0,0.8544,5.4,1.8702
glass,216286,Breaking_Glass_16.wav,6,a synthetic electronic sound effect,102,0,0.8704,5.4375,1.9107
glass,216287,Breaking_Glass_15.wav,6,a synthetic electronic sound effect,102,0,0.8358,5.2128,2.1229
glass,216288,Breaking_Glass_14.wav,6,a synthetic electronic sound effect,102,0,0.8171,5.3142,1.815
glass,216289,Breaking_Glass_19.wav,6,a synthetic electronic sound effect,102,0,0.9382,5.263,2.151
glass,216290,Breaking_Glass_18.wav,6,a synthetic electronic sound effect,102,0,0.804,5.5153,1.86
glass,216291,Breaking_Glass_03.wav,6,a synthetic electronic sound effect,102,0,0.9115,5.1695,2.1777
glass,216292,Breaking_Glass_02.wav,6,a synthetic electronic sound effect,102,0,0.8619,5.3387,1.8824
glass,216293,Breaking_Glass_01.wav,6,a synthetic electronic sound effect,102,0,0.854,5.2655,2.1103
glass,216294,Breaking_Glass_07.wav,6,a synthetic electronic sound effect,102,0,0.8799,5.279,2.1105
glass,216295,Breaking_Glass_06.wav,6,a synthetic electronic sound effect,102,0,0.8878,5.2145,2.0708
glass,216296,Breaking_Glass_05.wav,6,a synthetic electronic sound effect,102,0,0.866,5.4248,1.8749
glass,216297,Breaking_Glass_04.wav,6,a synthetic electronic sound effect,102,0,0.8724,5.3877,2.0043
glass,216298,Breaking_Glass_09.wav,6,a synthetic electronic sound effect,102,0,0.9307,5.2517,2.0242
glass,216299,Breaking_Glass_08.wav,6,a synthetic electronic sound effect,102,0,0.9196,5.2501,2.096
glass,216300,Hitting_Glass_05.wav,6,a synthetic electronic sound effect,102,0,0.8501,5.5032,2.2602
glass,216301,Hitting_Glass_04.wav,6,a synthetic electronic sound effect,102,0,0.8189,5.6535,2.204
glass,216302,Hitting_Glass_03.wav,6,a synthetic electronic sound effect,102,0,0.7518,5.6506,2.1584
glass,216303,Hitting_Glass_02.wav,6,a synthetic electronic sound effect,102,0,0.8052,5.7453,2.2416
glass,216304,Hitting_Glass_01.wav,3,a deep low boom or rumble,43,0,0.6185,5.6611,2.1626
glass,216748,Chemistry table crash.wav,7,a bright high-pitched metallic ring,110,0,0.8115,0.5654,8.1147
glass,219837,Glass Drop 4,7,a bright high-pitched metallic ring,110,0,0.694,-0.1835,7.304
glass,219838,Glass Drop 3,7,a bright high-pitched metallic ring,110,0,0.8178,0.014,7.3206
glass,219839,Glass Drop 2,7,a bright high-pitched metallic ring,110,0,0.6519,0.5183,7.0229
glass,219840,Glass Drop 1,7,a bright high-pitched metallic ring,110,0,0.6598,0.5525,6.9863
glass,219842,Glass Drop 7,2,a single sharp instant crack,163,1,0.8354,0.0086,6.6094
glass,219843,Glass Drop 6,4,a long sustained shattering with debris,109,0,0.8547,-0.0448,7.1432
glass,219844,Glass Drop 5,4,a long sustained shattering with debris,109,0,0.8429,-0.0047,6.8703
glass,219845,Glass Shatter 2,4,a long sustained shattering with debris,109,0,0.7883,-0.307,7.4307
glass,219846,Glass Shatter 1,4,a long sustained shattering with debris,109,0,0.9318,0.2325,6.4291
glass,219847,Glass Shatter 3,4,a long sustained shattering with debris,109,0,0.8279,-0.2745,7.3874
glass,219940,Glass Shatter Mix,4,a long sustained shattering with debris,109,0,0.8874,-0.3527,7.3953
glass,221528,Glass Break,2,a single sharp instant crack,163,1,0.9033,2.2708,5.5098
glass,221529,Glass Shards 1,0,a short clean tap or click,43,0,0.711,-0.355,5.1296
glass,221530,Glass Break 4,7,a bright high-pitched metallic ring,110,0,0.6201,1.4506,5.9077
glass,221531,Glass Break 3,4,a long sustained shattering with debris,109,0,0.6802,1.8052,6.0214
glass,221532,Glass Break 2,4,a long sustained shattering with debris,109,0,0.7411,0.1777,5.1997
glass,221533,Glass Shards 5,0,a short clean tap or click,43,0,0.6979,-0.3884,5.0716
glass,221534,Glass Shards 4,0,a short clean tap or click,43,0,0.5518,-0.5588,4.8474
glass,221535,Glass Shards 3,0,a short clean tap or click,43,0,0.7537,-0.384,5.0554
glass,221536,Glass Shards 2,0,a short clean tap or click,43,0,0.6506,-0.404,5.1371
glass,223552,Glass Bottle Break.wav,4,a long sustained shattering with debris,109,0,0.6782,1.918,6.0751
glass,232176,glass break,2,a single sharp instant crack,163,1,0.8416,2.2313,4.9706
glass,233605,Breaking Glass #3.wav,7,a bright high-pitched metallic ring,110,0,0.7389,2.0887,8.1953
glass,233606,Breaking Glass #2.wav,2,a single sharp instant crack,163,1,0.8549,1.9195,8.0508
glass,233607,Breaking Glass #1.wav,7,a bright high-pitched metallic ring,110,0,0.8049,2.0613,8.1836
glass,238025,egg  break on  glass bowl 01 140219_0092.wav,1,a dry organic recorded thud,81,0,0.3612,3.1806,4.1338
glass,244238,Glass Smash.wav,2,a single sharp instant crack,163,1,0.9114,0.4135,6.1608
glass,245166,Toilet Bowl Breaking.wav,1,a dry organic recorded thud,81,0,0.8182,3.435,5.9903
glass,245167,Glass Breaking.wav,1,a dry organic recorded thud,81,0,0.8401,3.9995,5.8591
glass,245410,breaking glass.wav,2,a single sharp instant crack,163,1,0.9004,0.1467,6.1519
glass,249548,glass_break1,1,a dry organic recorded thud,81,0,0.7392,3.4968,6.9516
glass,249549,glass_break2,1,a dry organic recorded thud,81,0,0.799,3.3204,7.19
glass,249873,CRASH!.wav,7,a bright high-pitched metallic ring,110,0,0.8448,2.3351,8.2075
glass,249874,CRASH!.mp3,7,a bright high-pitched metallic ring,110,0,0.8573,2.2632,8.257
glass,250709,Glass break 2,2,a single sharp instant crack,163,1,0.8724,2.7299,6.6537
glass,250710,Glass break 1,2,a single sharp instant crack,163,1,0.7912,3.072,7.7505
glass,254721,breaking window 001 141113_0451.wav,7,a bright high-pitched metallic ring,110,0,0.8056,0.2967,6.9422
glass,255114,breaking window 003 141113_0451.wav,4,a long sustained shattering with debris,109,0,0.8447,0.8673,6.7209
glass,255182,breaking window 004 141113_0451.wav,7,a bright high-pitched metallic ring,110,0,0.6688,0.2079,6.8756
glass,256993,breaking window 001 141113_0452.wav,7,a bright high-pitched metallic ring,110,0,0.825,0.3427,6.9563
glass,257496,breaking window 002 141113_0452.wav,7,a bright high-pitched metallic ring,110,0,0.7606,1.1632,7.0304
glass,257791,breaking window 004 141113_0452.wav,7,a bright high-pitched metallic ring,110,0,0.5289,1.0859,7.1673
glass,260432,Glass Break - Small Jar 02,6,a synthetic electronic sound effect,102,0,0.8524,4.3483,4.8668
glass,260433,Glass Break - Small Jar 01,2,a single sharp instant crack,163,1,0.8942,3.7983,5.1204
glass,260434,Glass Break - Medium Jar,2,a single sharp instant crack,163,1,0.8693,3.5629,5.3849
glass,267889,Breaking-Glass.wav,2,a single sharp instant crack,163,1,0.8549,0.3523,5.002
glass,269617,"Glass,Shatter,Beer,Bottle.wav",2,a single sharp instant crack,163,1,0.5849,3.0854,4.8051
glass,270515,"Pullo, lasipullo rikki, lasi / A full bottle falls and breaks on the floor, water splashes, splinters of glass chink, mix",4,a long sustained shattering with debris,109,0,0.7415,1.4579,7.3584
glass,270815,"Pullo, lasipullo rikki / A full glass bottle breaks on the street, 2 x",1,a dry organic recorded thud,81,0,0.7443,4.8243,3.6365
glass,270816,"Pullo, lasipullo rikki / Glass bottle breaks on the street, a few versions",1,a dry organic recorded thud,81,0,0.8086,4.8024,3.7376
glass,272065,Thrown Object,4,a long sustained shattering with debris,109,0,0.7561,1.8489,6.3428
glass,272489,Glass_breaking_with_water_layered.wav,7,a bright high-pitched metallic ring,110,0,0.7181,2.0711,4.9135
glass,273647,Glass Bottle Shatter.wav,6,a synthetic electronic sound effect,102,0,0.8421,4.8646,4.1719
glass,276937,breaking_glass_mirror_Oktava_MK-012.wav,2,a single sharp instant crack,163,1,0.8446,2.1007,4.9064
glass,276938,breaking_glass_mirror_Rode_NTG3.wav,4,a long sustained shattering with debris,109,0,0.8145,2.0994,4.83
glass,276939,breaking_glass_mirror_Audio_Technica_MB2K.wav,2,a single sharp instant crack,163,1,0.8524,2.0187,4.9039
glass,278152,Day 1 1st July qubodup Glass Explosion,7,a bright high-pitched metallic ring,110,0,0.6982,-0.0427,8.2527
glass,30356,Casse03.wav,7,a bright high-pitched metallic ring,110,0,0.5449,1.2247,8.5351
glass,315646,Glas_Window_Drop_Slices_On_Floor_01.clip.wav,4,a long sustained shattering with debris,109,0,0.8532,-0.4775,7.1544
glass,315647,Glas_Multiple_Slices_Drop_On_Floor_Debris_01.wav,4,a long sustained shattering with debris,109,0,0.8023,1.3886,7.1127
glass,319730,Snap.wav,7,a bright high-pitched metallic ring,110,0,0.4466,3.0495,7.3095
glass,320167,small-shot-glass-breaking.wav,2,a single sharp instant crack,163,1,0.865,2.9894,6.9946
glass,321143,Concrete and Glass breaking in dumpster,4,a long sustained shattering with debris,109,0,0.773,-0.5766,7.049
glass,321640,Large_Glass_Break.MP3,6,a synthetic electronic sound effect,102,0,0.8531,5.0022,4.2501
glass,321641,Glass_Breaking.mp3,7,a bright high-pitched metallic ring,110,0,0.8655,0.7201,7.7816
glass,322602,Small Glass Break,2,a single sharp instant crack,163,1,0.8508,3.0526,4.9621
glass,322603,Glass Break,4,a long sustained shattering with debris,109,0,0.8669,1.8867,7.7335
glass,328938,Glass Being Knocked over.wav,1,a dry organic recorded thud,81,0,0.6653,3.6915,6.9401
glass,330800,Shattering Glass (Small),1,a dry organic recorded thud,81,0,0.8014,3.9997,7.5544
glass,33629,bulb_smash.mp3,7,a bright high-pitched metallic ring,110,0,0.8446,0.9912,7.2495
glass,336425,Glass Shattering and Falling,7,a bright high-pitched metallic ring,110,0,0.6846,2.3685,6.2054
glass,341070,breaking glass,2,a single sharp instant crack,163,1,0.902,2.7761,5.0568
glass,34201,glass_house1.wav,4,a long sustained shattering with debris,109,0,0.9036,0.046,6.4447
glass,34202,glass_house2.wav,7,a bright high-pitched metallic ring,110,0,0.6051,-0.1072,8.2625
glass,344265,"Glass Smash, Bottle, D.wav",2,a single sharp instant crack,163,1,0.8699,3.6332,7.6611
glass,344266,"Glass Smash, Bottle, C.wav",2,a single sharp instant crack,163,1,0.8128,3.8183,7.7873
glass,344267,"Glass Smash, Bottle, B.wav",1,a dry organic recorded thud,81,0,0.6581,3.8947,7.7273
glass,344268,"Glass Smash, Bottle, A.wav",4,a long sustained shattering with debris,109,0,0.8029,3.6394,7.8027
glass,344269,"Glass Smash, Bottle, H.wav",4,a long sustained shattering with debris,109,0,0.8257,3.8625,7.7607
glass,344270,"Glass Smash, Bottle, G.wav",2,a single sharp instant crack,163,1,0.8998,3.6283,7.759
glass,344271,"Glass Smash, Bottle, F.wav",2,a single sharp instant crack,163,1,0.8696,3.839,7.693
glass,344272,"Glass Smash, Bottle, E.wav",4,a long sustained shattering with debris,109,0,0.7268,3.7204,7.9071
glass,346172,Glass Break 002.wav,7,a bright high-pitched metallic ring,110,0,0.7412,2.3012,8.1016
glass,346173,Glass Break 001.wav,2,a single sharp instant crack,163,1,0.8667,2.0725,7.0014
glass,347495,"Lasia rikki, ikkunalasi / Glass break, window panes break on the floor, edit",4,a long sustained shattering with debris,109,0,0.823,1.276,7.4682
glass,348106,"Lasia rikki, ikkunalasi / Glass break, window panes break on the floor one after another, edit",4,a long sustained shattering with debris,109,0,0.7583,1.4649,7.3662
glass,349240,Glass Break 2,4,a long sustained shattering with debris,109,0,0.8518,1.8572,6.6576
glass,349246,Break of a Small Part of a Lightbulb that Falls on the Ground,7,a bright high-pitched metallic ring,110,0,0.827,1.9184,7.8343
glass,349905,Slow Motion Glass Shatter,7,a bright high-pitched metallic ring,110,0,0.6826,0.9804,8.5562
glass,352331,break a glass vase,1,a dry organic recorded thud,81,0,0.7012,1.9401,7.2688
glass,353626,Smashing Glass,7,a bright high-pitched metallic ring,110,0,0.8515,1.813,8.4623
glass,356312,Copa Rota - 2.aif,4,a long sustained shattering with debris,109,0,0.7591,-0.2287,7.6275
glass,35649,WEIRD SYNTH STING 01.wav,0,a short clean tap or click,43,0,0.2655,-0.4065,10.7957
glass,362310,"Pullo rikki / Bottle falls and breaks on the floor, splinters of glass chink, echoing",4,a long sustained shattering with debris,109,0,0.841,3.6833,7.8388
glass,367448,trencadissa.wav,7,a bright high-pitched metallic ring,110,0,0.8161,0.5888,7.5888
glass,367760,FX - Clankibuzz Hit.wav,0,a short clean tap or click,43,0,0.6352,-0.4649,10.8713
glass,367761,FX -  Lacrimaton.wav,0,a short clean tap or click,43,0,0.5256,-0.4073,10.8949
glass,367762,FX -  Lacrimaton (2).wav,0,a short clean tap or click,43,0,0.5199,-0.4142,10.8199
glass,367763,FX -  Deatomiser.wav,0,a short clean tap or click,43,0,0.5441,-0.4788,10.8636
glass,367764,FX - Impedance.wav,0,a short clean tap or click,43,0,0.5174,-0.4688,10.8756
glass,367765,FX - Electroceramics.wav,0,a short clean tap or click,43,0,0.5717,-0.4929,10.8981
glass,367766,FX - Electroceramics III.wav,0,a short clean tap or click,43,0,0.6076,-0.478,10.888
glass,367767,FX - Electroceramics II.wav,0,a short clean tap or click,43,0,0.6077,-0.4566,10.8625
glass,367768,FX - Whir Tinkle Hit.wav,0,a short clean tap or click,43,0,0.6213,-0.3862,10.7682
glass,367769,FX - Laser Vent.wav,0,a short clean tap or click,43,0,0.669,-0.4466,10.8452
glass,368324,Glass Hit (12).wav,5,a crunchy gritty texture,99,0,0.9116,-1.3873,3.8026
glass,368328,Glass Hit (16).wav,5,a crunchy gritty texture,99,0,0.8218,-0.9337,3.9486
glass,368330,Glass Hit (14).wav,5,a crunchy gritty texture,99,0,0.861,-1.534,3.6729
glass,368331,Glass Hit (13).wav,5,a crunchy gritty texture,99,0,0.8915,-1.4571,3.7976
glass,368333,Glass Hit (17).wav,5,a crunchy gritty texture,99,0,0.9159,-1.1532,3.9678
glass,368334,Glass Hit (35).wav,5,a crunchy gritty texture,99,0,0.897,-1.3422,3.5002
glass,368335,Glass Hit (36).wav,5,a crunchy gritty texture,99,0,0.8197,-1.4544,3.5871
glass,368336,Glass Hit (3).wav,5,a crunchy gritty texture,99,0,0.824,-1.5324,3.6323
glass,368337,Glass Hit (30).wav,5,a crunchy gritty texture,99,0,0.8763,-1.3843,3.841
glass,368338,Glass Hit (28).wav,5,a crunchy gritty texture,99,0,0.8145,-1.5874,3.617
glass,368340,Glass Hit (33).wav,5,a crunchy gritty texture,99,0,0.7742,-1.0745,3.2918
glass,368341,Glass Hit (34).wav,5,a crunchy gritty texture,99,0,0.8473,-1.568,3.5866
glass,368342,Glass Hit (31).wav,5,a crunchy gritty texture,99,0,0.8217,-1.2936,3.4362
glass,368343,Glass Hit (32).wav,5,a crunchy gritty texture,99,0,0.8627,-1.1561,3.2847
glass,368344,Glass Hit (21).wav,5,a crunchy gritty texture,99,0,0.9397,-1.0656,3.7641
glass,368345,Glass Hit (20).wav,6,a synthetic electronic sound effect,102,0,0.8361,-1.4153,3.8752
glass,368347,Glass Hit (19).wav,5,a crunchy gritty texture,99,0,0.8185,-1.2695,3.8912
glass,368349,Glass Hit (24).wav,5,a crunchy gritty texture,99,0,0.8372,-1.0885,3.5759
glass,368350,Glass Hit (23).wav,5,a crunchy gritty texture,99,0,0.8316,-1.492,3.7022
glass,368352,Glass Hit (27).wav,5,a crunchy gritty texture,99,0,0.8812,-1.5584,3.9213
glass,368353,Glass Hit (26).wav,5,a crunchy gritty texture,99,0,0.7996,-1.0239,3.5868
glass,368354,Glass Hit (5).wav,5,a crunchy gritty texture,99,0,0.9321,-1.0611,3.8376
glass,368355,Glass Hit (4).wav,5,a crunchy gritty texture,99,0,0.8186,-1.3967,3.8486
glass,368356,Glass Hit (7).wav,5,a crunchy gritty texture,99,0,0.7895,-1.4493,3.8164
glass,369070,Breaking_Mirror.wav,4,a long sustained shattering with debris,109,0,0.8788,0.7893,7.5305
glass,371091,glass break 4.wav,4,a long sustained shattering with debris,109,0,0.8701,-0.0326,5.9201
glass,371092,glass break 3.wav,4,a long sustained shattering with debris,109,0,0.8541,0.1574,5.5541
glass,371093,glass break 2.wav,4,a long sustained shattering with debris,109,0,0.8631,0.3446,5.9995
glass,371094,Glass Break 1.wav,4,a long sustained shattering with debris,109,0,0.9072,1.8378,6.7122
glass,375115,glass_break (glass_break.wav),2,a single sharp instant crack,163,1,0.8305,3.9659,5.3532
glass,375116,glass_break (glass_break2.wav),2,a single sharp instant crack,163,1,0.8362,4.0729,5.2014
glass,375117,glass_break (glass_break3.wav),1,a dry organic recorded thud,81,0,0.8161,4.1862,5.2627
glass,375118,glass_break (glass_break4.wav),2,a single sharp instant crack,163,1,0.7944,4.152,5.2523
glass,375119,glass_break (glass_break5.wav),2,a single sharp instant crack,163,1,0.9039,3.9561,5.3655
glass,375120,glass_break (glass_break6.wav),2,a single sharp instant crack,163,1,0.8515,3.9403,5.4211
glass,375121,glass_break (glass_break7.wav),2,a single sharp instant crack,163,1,0.8928,3.9098,5.4507
glass,375122,glass_break (glass_break8.wav),2,a single sharp instant crack,163,1,0.8204,3.9866,5.4166
glass,376462,breaking_glass.wav,6,a synthetic electronic sound effect,102,0,0.8836,3.8046,4.4066
glass,376607,Window hit without breaking.wav,7,a bright high-pitched metallic ring,110,0,0.4918,0.8874,7.489
glass,378321,broken_glass.wav,2,a single sharp instant crack,163,1,0.8836,3.0812,7.6931
glass,378568,Glass Breaking,2,a single sharp instant crack,163,1,0.8902,2.4764,5.6989
glass,379190,015-rozbiti sklenice od dzemu.wav,1,a dry organic recorded thud,81,0,0.7757,3.7558,6.7007
glass,382732,Flashbulb heavy,7,a bright high-pitched metallic ring,110,0,0.5707,1.8906,6.3566
glass,383977,glass change jar,5,a crunchy gritty texture,99,0,0.638,0.4322,3.4039
glass,383978,bottle break,4,a long sustained shattering with debris,109,0,0.8032,0.1975,5.3329
glass,383980,plastic trash bin hit 1,3,a deep low boom or rumble,43,0,0.5944,7.3518,6.8277
glass,383981,three dull drum hits with bell jingle on third hit,4,a long sustained shattering with debris,109,0,0.5954,0.7809,5.8582
glass,383982,digging through trash,0,a short clean tap or click,43,0,0.4483,0.5678,5.5916
glass,383983,creaking thud,0,a short clean tap or click,43,0,0.2813,0.8665,5.7954
glass,383984,glass change jar swizzle loop,5,a crunchy gritty texture,99,0,0.5363,0.4711,3.4012
glass,383986,heavy hit with jingle ding,3,a deep low boom or rumble,43,0,0.4974,0.7083,5.7593
glass,383987,tin foil movement,0,a short clean tap or click,43,0,0.5544,0.4646,5.9828
glass,383988,glass and scrap metal trash hit,4,a long sustained shattering with debris,109,0,0.7349,-0.0103,4.9513
glass,383990,light thud with jingle echo effect,0,a short clean tap or click,43,0,0.5715,0.5785,5.4743
glass,383991,two heavy hits with glass debris on second hit,3,a deep low boom or rumble,43,0,0.6238,1.1221,5.9202
glass,383993,loose change cup jingling (close to mic),5,a crunchy gritty texture,99,0,0.5996,0.548,3.5124
glass,383994,quick glass shot,5,a crunchy gritty texture,99,0,0.5788,0.4534,3.463
glass,383995,rhythmic change jar loop,0,a short clean tap or click,43,0,0.4498,0.5962,3.5253
glass,383996,scrap door hit,0,a short clean tap or click,43,0,0.4649,0.5621,5.6454
glass,383997,quiet bongo-like hit,0,a short clean tap or click,43,0,0.4296,0.6543,5.6504
glass,383998,multiple percussion freeform,5,a crunchy gritty texture,99,0,0.6986,-0.0215,3.7178
glass,383999,plastic trash bin hit 3,3,a deep low boom or rumble,43,0,0.5535,7.3035,7.0278
glass,384000,loose change jar jingling with stereo panning effect (close to mic),5,a crunchy gritty texture,99,0,0.6227,0.4687,3.3427
glass,384001,glass or spray paint can jingling (close to mic),5,a crunchy gritty texture,99,0,0.6159,0.5537,3.3266
glass,386906,Broken Glass.wav,5,a crunchy gritty texture,99,0,0.7775,-0.728,4.3183
glass,387177,Smashing a glass,2,a single sharp instant crack,163,1,0.8649,2.1287,7.0352
glass,387349,Powerful Crush,4,a long sustained shattering with debris,109,0,0.9006,1.8725,7.2124
glass,389793,Breaking Glass Window.wav,4,a long sustained shattering with debris,109,0,0.6921,0.4291,6.111
glass,389804,Shattering Glass.wav,4,a long sustained shattering with debris,109,0,0.7082,1.873,6.8011
glass,390700,Breaking Glass 12.mp3,1,a dry organic recorded thud,81,0,0.8744,2.4647,7.3607
glass,390701,Breaking Glass 11.mp3,2,a single sharp instant crack,163,1,0.9325,2.122,6.7618
glass,390702,Breaking Glass 10.mp3,2,a single sharp instant crack,163,1,0.9246,2.1867,7.0534
glass,390703,Breaking Glass 1.MP3,1,a dry organic recorded thud,81,0,0.8702,2.1374,7.4844
glass,390704,Breaking Glass 16.mp3,2,a single sharp instant crack,163,1,0.8089,2.4253,7.6159
glass,390705,Breaking Glass 15.mp3,2,a single sharp instant crack,163,1,0.8842,2.3902,7.3294
glass,390706,Breaking Glass 14.mp3,4,a long sustained shattering with debris,109,0,0.9125,2.0832,7.0755
glass,390707,Breaking Glass 13.mp3,1,a dry organic recorded thud,81,0,0.8201,2.3521,7.5951
glass,390708,Breaking Glass 18.mp3,2,a single sharp instant crack,163,1,0.8637,2.2822,7.3085
glass,390709,Breaking Glass 17.mp3,2,a single sharp instant crack,163,1,0.9382,2.312,6.9518
glass,390714,Breaking Glass 7.mp3,7,a bright high-pitched metallic ring,110,0,0.8479,1.6158,7.6111
glass,390715,Breaking Glass 8.mp3,7,a bright high-pitched metallic ring,110,0,0.8869,2.2066,7.4165
glass,390716,Breaking Glass 5.mp3,4,a long sustained shattering with debris,109,0,0.9199,1.9956,7.0044
glass,390718,Breaking Glass 9.mp3,2,a single sharp instant crack,163,1,0.9145,2.2386,7.0331
glass,390719,Breaking Glass 21.mp3,1,a dry organic recorded thud,81,0,0.808,2.4475,7.5886
glass,390720,Breaking Glass 20.mp3,4,a long sustained shattering with debris,109,0,0.8847,2.1779,7.1804
glass,390721,Breaking Glass 2.mp3,1,a dry organic recorded thud,81,0,0.774,2.4425,7.527
glass,390722,Breaking Glass 19.mp3,2,a single sharp instant crack,163,1,0.895,2.347,7.2305
glass,390723,Breaking Glass 25.mp3,4,a long sustained shattering with debris,109,0,0.6689,2.5506,7.4844
glass,390725,Breaking Glass 24.mp3,1,a dry organic recorded thud,81,0,0.8568,2.5203,7.447
glass,390726,Breaking Glass 23.mp3,1,a dry organic recorded thud,81,0,0.7972,2.4114,7.4743
glass,390727,Breaking Glass 22.mp3,1,a dry organic recorded thud,81,0,0.8765,2.3995,7.4834
glass,390728,Breaking Glass 4.mp3,1,a dry organic recorded thud,81,0,0.8412,2.5799,7.6715
glass,390729,Breaking Glass 3.mp3,4,a long sustained shattering with debris,109,0,0.8993,2.077,7.0598
glass,390734,Dumping Glass in Trash Can 1.mp3,7,a bright high-pitched metallic ring,110,0,0.7851,0.3673,6.9972
glass,390736,Dumping Glass in Trash Can 2.mp3,5,a crunchy gritty texture,99,0,0.6603,0.2278,6.4986
glass,391327,China Cup Breaks,2,a single sharp instant crack,163,1,0.886,2.5675,5.7194
glass,391916,VidrioRoto.wav,0,a short clean tap or click,43,0,0.5794,0.83,3.9265
glass,401619,Bottle Smash,2,a single sharp instant crack,163,1,0.8062,5.2383,1.8435
glass,404923,breaking glass with feet.wav,1,a dry organic recorded thud,81,0,0.7954,3.021,6.3587
glass,406112,Smash.wav,1,a dry organic recorded thud,81,0,0.8264,3.3378,6.1773
glass,406256,bottle break outside (pseudo-stereo edit),4,a long sustained shattering with debris,109,0,0.7677,1.6925,7.0636
glass,406257,bottle break outside,4,a long sustained shattering with debris,109,0,0.7748,1.6242,6.9782
glass,407431,bottle break.wav,1,a dry organic recorded thud,81,0,0.8027,3.698,4.9156
glass,407985,59.wav,0,a short clean tap or click,43,0,0.5394,0.7756,3.8755
glass,411698,GlassHit.wav,0,a short clean tap or click,43,0,0.4929,3.2295,7.3787
glass,41348,glass shatter.wav,2,a single sharp instant crack,163,1,0.8877,3.7617,5.2884
glass,415482,Glass falling with water,2,a single sharp instant crack,163,1,0.5888,2.9496,4.2021
glass,416387,"Big Impact, Hit and Glass shatter",7,a bright high-pitched metallic ring,110,0,0.4724,-0.0256,8.248
glass,418194,Hard Glass Impact,7,a bright high-pitched metallic ring,110,0,0.6231,1.8443,7.2045
glass,419638,07 - Glass shattering.wav,2,a single sharp instant crack,163,1,0.8421,3.4255,4.2525
glass,422623,Crack and Crunch,1,a dry organic recorded thud,81,0,0.5282,3.3186,6.3556
glass,422633,Break something (ice/glass/...),6,a synthetic electronic sound effect,102,0,0.7468,4.8054,3.6473
glass,427689,08-Vidrio.wav,0,a short clean tap or click,43,0,0.5638,0.8506,3.952
glass,427788,Metal To Glass05 (Broke It).wav,7,a bright high-pitched metallic ring,110,0,0.554,0.3078,5.1535
glass,42900,glass break 2.wav,2,a single sharp instant crack,163,1,0.814,3.3062,4.3186
glass,42901,glass break 3.wav,2,a single sharp instant crack,163,1,0.8884,1.7378,5.5649
glass,42902,glass break 4.wav,2,a single sharp instant crack,163,1,0.8068,0.1307,4.9278
glass,42903,glass break 5.wav,2,a single sharp instant crack,163,1,0.8662,1.2283,5.5876
glass,42904,glass break.wav,4,a long sustained shattering with debris,109,0,0.9218,1.822,6.8191
glass,42907,wine glass break.wav,2,a single sharp instant crack,163,1,0.8701,1.1686,5.5787
glass,42908,wine glass falls.wav,7,a bright high-pitched metallic ring,110,0,0.6755,1.734,8.3604
glass,434437,Glass Smash 12,2,a single sharp instant crack,163,1,0.8782,4.1175,6.4327
glass,434438,Glass Smash 11,2,a single sharp instant crack,163,1,0.911,4.058,6.3674
glass,434439,Glass Smash 10,1,a dry organic recorded thud,81,0,0.8927,4.3026,6.3887
glass,434440,Glass Smash 1,1,a dry organic recorded thud,81,0,0.8675,4.2069,6.403
glass,434441,Glass Smash 2,2,a single sharp instant crack,163,1,0.8917,4.1702,6.4352
glass,434442,Glass Smash 15,2,a single sharp instant crack,163,1,0.8964,4.0302,6.4669
glass,434443,Glass Smash 14,1,a dry organic recorded thud,81,0,0.8756,4.2477,6.3918
glass,434444,Glass Smash 13,1,a dry organic recorded thud,81,0,0.9088,4.1037,6.1835
glass,434445,Glass Smash 4,1,a dry organic recorded thud,81,0,0.7044,4.2774,6.4407
glass,434446,Glass Smash 3,1,a dry organic recorded thud,81,0,0.8658,4.1985,6.5528
glass,434447,Glass Smash 8,1,a dry organic recorded thud,81,0,0.8695,4.3233,6.3802
glass,434448,Glass Smash 7,1,a dry organic recorded thud,81,0,0.7678,4.2329,6.2637
glass,434449,Glass Smash 6,1,a dry organic recorded thud,81,0,0.851,4.3792,6.4604
glass,434450,Glass Smash 5,1,a dry organic recorded thud,81,0,0.8614,4.1362,6.5605
glass,434451,Glass Smash 9,1,a dry organic recorded thud,81,0,0.8308,4.3685,6.3706
glass,437623,A glass door shatters and breaks,7,a bright high-pitched metallic ring,110,0,0.6893,2.4594,6.8641
glass,438328,G26-11-Glass Globe Break.wav,7,a bright high-pitched metallic ring,110,0,0.7266,1.3893,7.6285
glass,440773,smashing glass.wav,2,a single sharp instant crack,163,1,0.9321,2.5847,5.2124
glass,443299,Glass Breaking SFX.wav,1,a dry organic recorded thud,81,0,0.7682,3.8446,6.1305
glass,444134,Glass Shatter 1,1,a dry organic recorded thud,81,0,0.8849,3.8755,5.7978
glass,444135,Glass Shatter 2,1,a dry organic recorded thud,81,0,0.8294,3.9471,5.7782
glass,444136,Glass Shatter 3,2,a single sharp instant crack,163,1,0.8442,3.8564,5.1941
glass,444448,Jar smash,7,a bright high-pitched metallic ring,110,0,0.9048,1.2551,8.2582
glass,444889,Smashing a Bottle,2,a single sharp instant crack,163,1,0.8113,2.1191,4.9452
glass,444897,Optical Disc Thrown Against a Wall,7,a bright high-pitched metallic ring,110,0,0.6137,1.2275,7.9017
glass,445821,stepping on glass,0,a short clean tap or click,43,0,0.3595,3.1587,6.308
glass,445840,hitting glass bottle agaist a wall .wav,3,a deep low boom or rumble,43,0,0.629,5.1876,6.717
glass,445847,stepping on glass.wav,1,a dry organic recorded thud,81,0,0.7096,3.2949,6.2161
glass,446137,Glass Shatter,2,a single sharp instant crack,163,1,0.7797,3.5694,4.5718
glass,447699,glass - baby food jar - smashed on concrete.wav,6,a synthetic electronic sound effect,102,0,0.8025,6.0272,4.799
glass,448004,break-window.mp3,4,a long sustained shattering with debris,109,0,0.7916,0.3053,8.0069
glass,452667,window break with axe glass shatter in trailer.wav,4,a long sustained shattering with debris,109,0,0.8929,0.4742,6.4639
glass,453499,neon tube smash explode shatter glass debris.flac,4,a long sustained shattering with debris,109,0,0.8747,2.5426,5.1649
glass,465946,Glass Breaking,2,a single sharp instant crack,163,1,0.9241,2.5511,5.7207
glass,467298,Christmas ornament box slam.wav,4,a long sustained shattering with debris,109,0,0.7477,0.8079,5.9488
glass,468163,35-PlatoRompiéndose.wav,0,a short clean tap or click,43,0,0.4961,0.6519,4.0265
glass,468571,141_SecuelasVidrios1.wav,5,a crunchy gritty texture,99,0,0.6115,0.3916,3.7483
glass,468572,142_SecuelasVidrios2.wav,0,a short clean tap or click,43,0,0.6066,0.293,5.0037
glass,468600,166_Vidrios1.wav,5,a crunchy gritty texture,99,0,0.7617,0.335,4.184
glass,470161,32_Vidrio_Roto2.wav,4,a long sustained shattering with debris,109,0,0.7019,1.3172,5.4046
glass,470162,31_Vidrio_Roto1.wav,4,a long sustained shattering with debris,109,0,0.7689,0.9406,5.194
glass,470898,Vidrios_Rotos.wav,2,a single sharp instant crack,163,1,0.7719,1.1795,4.8444
glass,471979,Broken glasses,7,a bright high-pitched metallic ring,110,0,0.6244,2.4485,7.8095
glass,483363,Glass broken.mp3,2,a single sharp instant crack,163,1,0.8936,2.3621,6.8985
glass,485073,Shadoks Swoosh and Hit 3,7,a bright high-pitched metallic ring,110,0,0.568,1.1464,8.1644
glass,485436,Door Slam.wav,0,a short clean tap or click,43,0,0.5199,0.5713,6.2764
glass,485518,Cristales rotos.wav,7,a bright high-pitched metallic ring,110,0,0.8013,2.1712,8.3069
glass,485528,CRISTAL.wav,7,a bright high-pitched metallic ring,110,0,0.7353,2.331,8.1803
glass,485537,paisaje-sonoro-uem-cristal05.WAV,5,a crunchy gritty texture,99,0,0.7725,-0.0252,4.0868
glass,485551,paisaje-sonoro-uem-VidrioRoto.wav,1,a dry organic recorded thud,81,0,0.7777,2.4433,8.2039
glass,486166,Glass breaking,2,a single sharp instant crack,163,1,0.9052,2.5847,5.1331
glass,487137,R28-11-Glass Windows Break.wav,4,a long sustained shattering with debris,109,0,0.7119,0.4703,7.902
glass,491051,Glass breaking,2,a single sharp instant crack,163,1,0.9401,2.5052,6.6673
glass,501236,Drop Small Object Onto Tile.wav,1,a dry organic recorded thud,81,0,0.3857,3.2793,6.6705
glass,513294,sci-fi glass,7,a bright high-pitched metallic ring,110,0,0.691,1.4798,8.6734
glass,51734,pied sur Neon Eclate.wav,1,a dry organic recorded thud,81,0,0.7495,2.4647,6.0723
glass,519341,40x40cm_WindowGlass_PVC_1.wav,7,a bright high-pitched metallic ring,110,0,0.8844,1.8569,8.6022
glass,519342,40x40cm_WindowGlass_Carpet_3.wav,7,a bright high-pitched metallic ring,110,0,0.8588,1.9256,8.5231
glass,519343,40x40cm_WindowGlass_Carpet_2.wav,7,a bright high-pitched metallic ring,110,0,0.9296,1.8515,8.4957
glass,519344,40x40cm_WindowGlass_Carpet_1.wav,7,a bright high-pitched metallic ring,110,0,0.9152,2.0105,8.6264
glass,519345,Jar720ml_PVC_2.wav,7,a bright high-pitched metallic ring,110,0,0.8756,2.193,8.5604
glass,519346,Jar720ml_PVC_1.wav,7,a bright high-pitched metallic ring,110,0,0.8997,2.1518,8.5798
glass,519347,40x40cm_WindowGlass_PVC_3.wav,7,a bright high-pitched metallic ring,110,0,0.8985,1.9251,8.5195
glass,519348,40x40cm_WindowGlass_PVC_2.wav,7,a bright high-pitched metallic ring,110,0,0.9118,1.9248,8.6046
glass,519350,Jar720ml_PVC_3.wav,7,a bright high-pitched metallic ring,110,0,0.8776,2.4377,8.4459
glass,521339,ZXAudiocraft - Glass - Coconut Shaker 011.wav,5,a crunchy gritty texture,99,0,0.7908,-0.9692,3.2257
glass,521340,ZXAudiocraft - Glass - Break 017.wav,4,a long sustained shattering with debris,109,0,0.8797,1.2336,5.5128
glass,521341,ZXAudiocraft - Glass - Break 005.wav,4,a long sustained shattering with debris,109,0,0.8727,1.5528,6.5832
glass,521342,ZXAudiocraft - Glass - Break 003.wav,2,a single sharp instant crack,163,1,0.8041,1.7029,5.4483
glass,521343,ZXAudiocraft - Glass - Hit 032.wav,2,a single sharp instant crack,163,1,0.8204,1.0934,4.4861
glass,521344,ZXAudiocraft - Glass - Hit 030.wav,2,a single sharp instant crack,163,1,0.8006,2.4265,8.0467
glass,521345,ZXAudiocraft - Glass - Debris 023.wav,5,a crunchy gritty texture,99,0,0.8765,-0.9947,3.0779
glass,521346,ZXAudiocraft - Glass - Debris 014.wav,5,a crunchy gritty texture,99,0,0.7884,-0.4104,3.1576
glass,521347,ZXAudiocraft - Glass - Misc 067.wav,5,a crunchy gritty texture,99,0,0.8216,0.131,4.2927
glass,521348,ZXAudiocraft - Glass - Misc 003.wav,5,a crunchy gritty texture,99,0,0.7655,-0.8897,3.1203
glass,523062,"Glass Smash 1 (loud, clipped)",4,a long sustained shattering with debris,109,0,0.8094,0.1558,6.7264
glass,523063,Glass Smash 2,4,a long sustained shattering with debris,109,0,0.7923,-0.0334,6.8899
glass,527740,Hey - Men Shouting together - Jewish Wedding,0,a short clean tap or click,43,0,0.2514,-0.733,6.7371
glass,528260,Glass Smash 3,5,a crunchy gritty texture,99,0,0.829,-0.5912,4.5051
glass,529144,Glass Smash 4,4,a long sustained shattering with debris,109,0,0.8788,0.0079,6.5812
glass,529301,Glass Break.boaay,7,a bright high-pitched metallic ring,110,0,0.6859,1.8054,7.845
glass,530116,Vial Breakage,4,a long sustained shattering with debris,109,0,0.806,0.33,5.5028
glass,530392,Glass Recycle 2nd Rec.mp3,4,a long sustained shattering with debris,109,0,0.7831,1.3047,7.4479
glass,531733,Glass Smash 5,4,a long sustained shattering with debris,109,0,0.8653,-0.2712,6.961
glass,534534,Bể Ly,2,a single sharp instant crack,163,1,0.8628,3.3566,4.1746
glass,536763,Glass.ogg,4,a long sustained shattering with debris,109,0,0.8488,0.0621,7.8341
glass,538018,recycling glass.wav,7,a bright high-pitched metallic ring,110,0,0.8643,0.5318,6.7997
glass,538208,Glass.wav,2,a single sharp instant crack,163,1,0.8221,2.3003,5.3146
glass,540450,Breaking Glass 1,7,a bright high-pitched metallic ring,110,0,0.9165,1.5333,8.4779
glass,540451,Breaking Glass 2,7,a bright high-pitched metallic ring,110,0,0.8272,1.5165,8.2175
glass,540970,MEYER_Thomas_2020_2021_BrokenGlass.wav,7,a bright high-pitched metallic ring,110,0,0.8282,1.7662,8.2848
glass,541601,Shattering Chandelier.mp3,7,a bright high-pitched metallic ring,110,0,0.7947,0.2408,7.9653
glass,544094,breaking a glass.mp3,1,a dry organic recorded thud,81,0,0.7286,4.238,7.2272
glass,544105,Glass Breaking.wav,1,a dry organic recorded thud,81,0,0.847,2.8628,5.9184
glass,546657,Throwing Garbage.wav,0,a short clean tap or click,43,0,0.6418,0.0884,5.847
glass,546661,Breaking Glass 03.wav,1,a dry organic recorded thud,81,0,0.7026,0.9961,4.5867
glass,546662,Breaking Glass 06.wav,5,a crunchy gritty texture,99,0,0.7225,0.9538,4.4254
glass,546663,Breaking Glass 04.wav,2,a single sharp instant crack,163,1,0.8322,3.4954,4.2623
glass,546664,Breaking Glass 09.wav,0,a short clean tap or click,43,0,0.6652,0.2674,4.4587
glass,546665,Breaking Glass 08.wav,5,a crunchy gritty texture,99,0,0.7926,0.0848,4.3256
glass,546666,Breaking Glass 05.wav,5,a crunchy gritty texture,99,0,0.8906,0.0215,4.3787
glass,546667,Breaking Glass 07.wav,5,a crunchy gritty texture,99,0,0.722,0.3093,4.3701
glass,546668,Breaking Glass 10.wav,4,a long sustained shattering with debris,109,0,0.8676,-0.0752,5.7488
glass,546669,Breaking Glass 02.wav,2,a single sharp instant crack,163,1,0.8385,0.1301,4.9216
glass,546670,Breaking Glass 01.wav,5,a crunchy gritty texture,99,0,0.8238,0.1937,4.4738
glass,546671,Breaking Glass Mix.wav,4,a long sustained shattering with debris,109,0,0.904,-0.13,5.5325
glass,548230,glass brake.wav,2,a single sharp instant crack,163,1,0.9051,3.1196,4.646
glass,548231,glass 3.wav,2,a single sharp instant crack,163,1,0.8726,3.2457,4.851
glass,548232,glass 2.wav,2,a single sharp instant crack,163,1,0.8965,2.9926,4.4164
glass,554563,Glass Shatter 3.wav,2,a single sharp instant crack,163,1,0.9034,2.3805,4.5909
glass,554564,Glass Shatter 2.wav,2,a single sharp instant crack,163,1,0.9368,2.4088,4.4531
glass,554565,Glass Shatter 1.wav,2,a single sharp instant crack,163,1,0.9107,2.6091,4.4589
glass,554566,Glass Shatter  4.wav,2,a single sharp instant crack,163,1,0.8402,2.4626,4.3926
glass,554568,Glass Shatter 7.wav,2,a single sharp instant crack,163,1,0.8893,2.5115,4.3583
glass,554569,Glass Shatter 6.wav,2,a single sharp instant crack,163,1,0.8961,2.3768,4.4647
glass,554570,Glass Shatter 5.wav,2,a single sharp instant crack,163,1,0.8897,2.4441,4.4124
glass,556557,breaking glass.mp3,1,a dry organic recorded thud,81,0,0.8526,3.7078,5.794
glass,558969,Fluorescent Lightbulb Break.wav,4,a long sustained shattering with debris,109,0,0.8771,-0.5432,7.1457
glass,559358,glass shattered in container sound effect,2,a single sharp instant crack,163,1,0.8896,2.1713,5.4124
glass,560766,Breaking Glass 1.mp3,6,a synthetic electronic sound effect,102,0,0.7939,4.8516,3.451
glass,560767,Breaking Glass 2,6,a synthetic electronic sound effect,102,0,0.7155,4.872,3.4475
glass,560768,Breaking Glass 3,6,a synthetic electronic sound effect,102,0,0.7973,4.8089,3.5395
glass,56262,Shatter.wav,7,a bright high-pitched metallic ring,110,0,0.6104,0.3222,5.2072
glass,565182,Distant Indoor Glass Breaking,4,a long sustained shattering with debris,109,0,0.7975,1.1956,5.2732
glass,565634,Lightbulb Break 2B.wav,6,a synthetic electronic sound effect,102,0,0.7908,6.5012,4.8163
glass,565635,Lightbulb Break 2A.wav,6,a synthetic electronic sound effect,102,0,0.7552,5.3455,4.6202
glass,565636,Lightbulb Break 2.wav,6,a synthetic electronic sound effect,102,0,0.8428,6.0281,4.7329
glass,565637,Lightbulb Break 1.wav,6,a synthetic electronic sound effect,102,0,0.8006,6.4123,4.7833
glass,565638,Lightbulb Break 3.wav,6,a synthetic electronic sound effect,102,0,0.806,6.4796,4.7842
glass,566197,Glass_Smash.wav,4,a long sustained shattering with debris,109,0,0.865,1.4654,5.7338
glass,566446,break03.wav,2,a single sharp instant crack,163,1,0.8894,3.1224,4.0986
glass,566447,break02.wav,2,a single sharp instant crack,163,1,0.8736,3.2104,4.0512
glass,566448,break01.wav,2,a single sharp instant crack,163,1,0.8693,3.3236,4.2193
glass,566450,break07.wav,2,a single sharp instant crack,163,1,0.9209,3.3393,4.2111
glass,566451,break06.wav,2,a single sharp instant crack,163,1,0.8477,3.1915,4.0688
glass,566452,break05.wav,2,a single sharp instant crack,163,1,0.8287,3.3252,4.0213
glass,566453,break04.wav,2,a single sharp instant crack,163,1,0.8737,3.2668,4.0098
glass,569562,Glass Break Impact,4,a long sustained shattering with debris,109,0,0.8049,-0.2899,7.5628
glass,569682,GlassShatter.mp3,4,a long sustained shattering with debris,109,0,0.8717,1.4809,6.6707
glass,574812,Glass Breaking,7,a bright high-pitched metallic ring,110,0,0.8483,0.8247,8.0222
glass,583065,FX SaSc Glass Tiles Shatter Crash.wav,2,a single sharp instant crack,163,1,0.8383,0.6731,6.1743
glass,587927,BROKEN PLATE GLASS WINDOW.wav,7,a bright high-pitched metallic ring,110,0,0.7003,1.5673,8.5482
glass,587928,BROKEN CAR WINDOW.wav,7,a bright high-pitched metallic ring,110,0,0.772,1.679,8.4842
glass,592388,Car Crash (with Glass),4,a long sustained shattering with debris,109,0,0.741,-0.0562,7.2441
glass,592672,OWI - Glass hit sound effect,1,a dry organic recorded thud,81,0,0.53,4.6918,5.361
glass,593135,Glass Breaking.wav,1,a dry organic recorded thud,81,0,0.6148,3.1557,7.0206
glass,594134,Glass Shatter sound.wav,6,a synthetic electronic sound effect,102,0,0.7531,4.0253,7.5262
glass,594506,Glass breaking 21100214.wav,2,a single sharp instant crack,163,1,0.8799,3.2236,7.0617
glass,607291,glass.mp3,0,a short clean tap or click,43,0,0.6963,1.2974,4.9915
glass,608677,Small Crack,7,a bright high-pitched metallic ring,110,0,0.6316,1.5615,8.696
glass,608680,Dropping a Metal Spoon,7,a bright high-pitched metallic ring,110,0,0.7791,1.5987,8.5807
glass,608685,Wham n Shatter,7,a bright high-pitched metallic ring,110,0,0.8317,1.8381,8.6212
glass,609634,Arrow Pull Back and Twang and Crash.wav,7,a bright high-pitched metallic ring,110,0,0.6566,0.509,8.1806
glass,609936,Funny Running Footsteps Slip into Glass Bottles and Crash.wav,7,a bright high-pitched metallic ring,110,0,0.6917,0.7986,8.1359
glass,610184,028 vidrio quebrandose 2-EQ37B_01.wav,2,a single sharp instant crack,163,1,0.6952,5.6907,2.202
glass,610189,028 vidrio quebrandose 2-MDelay3_01.wav,2,a single sharp instant crack,163,1,0.6738,5.6833,2.1959
glass,613311,Windowcrash.wav,4,a long sustained shattering with debris,109,0,0.88,0.0279,6.5444
glass,613879,window breaking,7,a bright high-pitched metallic ring,110,0,0.8461,0.9357,8.0033
glass,620502,"Flying, then crash SFX.mp3",4,a long sustained shattering with debris,109,0,0.866,0.4668,8.023
glass,629625,broken_glass_1.wav,7,a bright high-pitched metallic ring,110,0,0.7806,1.3444,8.212
glass,634487,sound1.mp3,0,a short clean tap or click,43,0,0.3299,3.0693,7.5255
glass,638636,Broken Metallic.wav,5,a crunchy gritty texture,99,0,0.6228,-0.4198,5.8458
glass,638637,Break and Crumble.wav,1,a dry organic recorded thud,81,0,0.6792,4.4257,4.6076
glass,638644,Broken Rattle.wav,5,a crunchy gritty texture,99,0,0.5225,-0.2293,5.906
glass,638645,Smashed Pottery.wav,5,a crunchy gritty texture,99,0,0.7125,-0.306,5.8214
glass,638648,Shatter.wav,6,a synthetic electronic sound effect,102,0,0.8258,4.4893,4.7394
glass,638649,Trashy Smash.wav,4,a long sustained shattering with debris,109,0,0.7799,-0.199,5.9534
glass,648134,Window break.wav,4,a long sustained shattering with debris,109,0,0.8323,0.2599,8.0461
glass,654285,Glass bottle breaking.wav,2,a single sharp instant crack,163,1,0.8538,2.3615,4.9252
glass,655846,OWI Breaking Glass Bottle.wav,6,a synthetic electronic sound effect,102,0,0.8206,3.9155,7.4565
glass,660214,Heavy glass break 1,7,a bright high-pitched metallic ring,110,0,0.8758,1.5134,8.6073
glass,668924,Glass Breaking 01 - [SKETCHY DOG],4,a long sustained shattering with debris,109,0,0.7369,4.099,7.4492
glass,668927,Glass Breaking 02 - [SKETCHY DOG],4,a long sustained shattering with debris,109,0,0.7273,4.2977,7.2487
glass,671082,break.wav,0,a short clean tap or click,43,0,0.6066,1.4877,8.6575
glass,673770,Glass Breaking,7,a bright high-pitched metallic ring,110,0,0.8063,1.0893,7.9604
glass,673977,BreakingGlass.wav,2,a single sharp instant crack,163,1,0.8463,4.1518,6.4416
glass,68463,generic glass break.wav,7,a bright high-pitched metallic ring,110,0,0.6915,1.3981,8.055
glass,686350,Glass Breaking.mp3,4,a long sustained shattering with debris,109,0,0.6721,3.2563,7.9486
glass,68653,Breaking3Glasses.wav,2,a single sharp instant crack,163,1,0.9099,2.7669,5.3212
glass,68654,BreakingGlass.wav,2,a single sharp instant crack,163,1,0.9046,2.7267,5.2335
glass,686609,Glass Broken,4,a long sustained shattering with debris,109,0,0.8677,-0.5329,7.1525
glass,686849,glass shatter,5,a crunchy gritty texture,99,0,0.6831,-0.8518,3.2838
glass,701710,Big Mirror Crashing in Other Room,7,a bright high-pitched metallic ring,110,0,0.3955,0.7559,7.6826
glass,707018,Breacking Glass.wav,2,a single sharp instant crack,163,1,0.8698,2.3399,6.1069
glass,707019,Breaking Mug.wav,2,a single sharp instant crack,163,1,0.8814,2.6153,6.1204
glass,707435,crash.wav,7,a bright high-pitched metallic ring,110,0,0.4231,2.2504,7.619
glass,707436,crash2.wav,7,a bright high-pitched metallic ring,110,0,0.5437,1.8793,6.2957
glass,707935,Beer Bottle Dropped On Concrete Floor,2,a single sharp instant crack,163,1,0.8393,3.714,6.9834
glass,707936,Beer Bottle Thrown With Force On Concrete Floor,2,a single sharp instant crack,163,1,0.889,3.6728,7.0317
glass,708465,Glass_Smashing_Slow_1,2,a single sharp instant crack,163,1,0.7967,5.3404,4.7417
glass,708472,Openning_and_closing_glasses_case_1,0,a short clean tap or click,43,0,0.1744,3.4648,6.2862
glass,708481,Smashing_Glass_Fast_1,2,a single sharp instant crack,163,1,0.8823,2.1869,4.9106
glass,71947,bm_Glass_Break.wav,2,a single sharp instant crack,163,1,0.8101,2.0036,6.3477
glass,721363,LargeGlassHobSplashSheildSmashedByHammer01,2,a single sharp instant crack,163,1,0.7688,2.2014,4.7628
glass,735003,Breaking Glass Jar on Cement,1,a dry organic recorded thud,81,0,0.8839,4.5305,5.0127
glass,735633,Glass bottle shatter 1,5,a crunchy gritty texture,99,0,0.8209,3.757,4.8368
glass,735634,Glass bottle shatter 2,2,a single sharp instant crack,163,1,0.8241,4.0371,5.9646
glass,735635,Glass bottle shatter 3,1,a dry organic recorded thud,81,0,0.8055,3.8096,4.9258
glass,735636,Glass bottle shatter 4,2,a single sharp instant crack,163,1,0.8656,3.8187,4.9012
glass,735637,Glass bottle shatter 5,1,a dry organic recorded thud,81,0,0.7488,2.6599,6.335
glass,735638,Glass bottle shatter 6,1,a dry organic recorded thud,81,0,0.8027,3.9088,5.4876
glass,735639,Glass bottle shatter 7,2,a single sharp instant crack,163,1,0.8266,1.267,6.3287
glass,735640,Glass bottle shatter 8,2,a single sharp instant crack,163,1,0.8888,2.5299,6.4279
glass,735641,Glass bottle shatter 9,7,a bright high-pitched metallic ring,110,0,0.8711,1.6668,6.3107
glass,735642,Glass bottle shatter 10,2,a single sharp instant crack,163,1,0.8504,3.9286,5.4644
glass,735850,Smashing Breaking Porcelain Mug 1,1,a dry organic recorded thud,81,0,0.8247,4.4368,5.0271
glass,735851,Smashing Breaking Porcelain Mug 2,1,a dry organic recorded thud,81,0,0.8422,4.9238,4.8999
glass,735852,Smashing Breaking Porcelain Mug 3,6,a synthetic electronic sound effect,102,0,0.8221,4.8016,4.788
glass,735853,Smashing Breaking Porcelain Mug 4,1,a dry organic recorded thud,81,0,0.8179,4.9019,4.8794
glass,735854,Smashing Breaking Porcelain Mug 5,6,a synthetic electronic sound effect,102,0,0.8318,4.4728,4.7486
glass,736530,Smashing Breaking Porcelain Clay Ceramic Pieces 2,1,a dry organic recorded thud,81,0,0.5885,4.6245,5.0404
glass,736531,Smashing Breaking Porcelain Clay Ceramic Pieces 3,1,a dry organic recorded thud,81,0,0.7975,4.6014,5.0054
glass,736532,Smashing Breaking Porcelain Clay Ceramic Pieces 4,1,a dry organic recorded thud,81,0,0.7617,4.6926,5.1199
glass,736533,Smashing Breaking Porcelain Clay Ceramic Pieces 5,2,a single sharp instant crack,163,1,0.8504,4.3883,4.9767
glass,753899,Lightbulb shattering,2,a single sharp instant crack,163,1,0.8716,3.9038,5.1139
glass,757209,Glass Breaking,5,a crunchy gritty texture,99,0,0.7686,-0.132,4.143
glass,757363,Small flourescent light shattering,2,a single sharp instant crack,163,1,0.9186,2.6338,5.2429
glass,758207,Glass panel shattering,4,a long sustained shattering with debris,109,0,0.8139,-0.2246,6.8542
glass,774231,bottle_drop,1,a dry organic recorded thud,81,0,0.7872,3.4456,5.797
glass,774251,glass_break_02,5,a crunchy gritty texture,99,0,0.8735,-1.1545,3.9364
glass,777588,junkyard smash garbage move trash,7,a bright high-pitched metallic ring,110,0,0.8493,1.0248,7.9841
glass,778580,Glass_Foley_Distant_Smash_01,6,a synthetic electronic sound effect,102,0,0.8554,4.0308,4.1901
glass,778581,Glass_Foley_Distant_Smash_02,5,a crunchy gritty texture,99,0,0.736,-0.9403,3.9394
glass,778582,Glass_Foley_Distant_Smash_03,2,a single sharp instant crack,163,1,0.8144,-0.7605,3.8792
glass,778583,Glass_Foley_Distant_Smash_04,5,a crunchy gritty texture,99,0,0.7866,-0.7741,3.8606
glass,778584,Glass_Foley_Distant_Smash_05,2,a single sharp instant crack,163,1,0.8526,-0.7742,3.825
glass,778585,Glass_Shards_Being_Moved_01,5,a crunchy gritty texture,99,0,0.7171,-0.8132,2.9348
glass,778586,Glass_Shards_Being_Moved_02,5,a crunchy gritty texture,99,0,0.5097,-0.6505,2.8256
glass,778587,Glass_Shards_Being_Moved_03,5,a crunchy gritty texture,99,0,0.7749,-0.6821,2.8339
glass,778589,Glass_Shards_Being_Moved_05,5,a crunchy gritty texture,99,0,0.8059,-0.7687,2.964
glass,778590,Glass_Shards_Being_Moved_06,5,a crunchy gritty texture,99,0,0.7461,-0.7649,2.8898
glass,778591,Glass_Shards_Being_Moved_07,5,a crunchy gritty texture,99,0,0.752,-0.7892,2.9624
glass,778592,Glass_Shards_Being_Moved_08,5,a crunchy gritty texture,99,0,0.7561,-0.8131,2.9325
glass,778593,Glass_Shards_Being_Moved_09,5,a crunchy gritty texture,99,0,0.8451,-0.8915,3.4514
glass,778594,Glass_Shards_Crunching_01,5,a crunchy gritty texture,99,0,0.742,-0.1344,2.8251
glass,778595,Glass_Shards_Crunching_02,5,a crunchy gritty texture,99,0,0.6776,-0.2826,2.8253
glass,778596,Glass_Shards_Crunching_03,5,a crunchy gritty texture,99,0,0.7968,-0.3224,2.8271
glass,778597,Glass_Shards_Crunching_04,5,a crunchy gritty texture,99,0,0.8013,-0.2538,2.8137
glass,778598,Glass_Shards_Crunching_05,5,a crunchy gritty texture,99,0,0.5564,-0.2588,2.7324
glass,778599,Glass_Shards_Crunching_06,5,a crunchy gritty texture,99,0,0.6009,-0.2474,2.7216
glass,778600,Glass_Shards_Crunching_07,5,a crunchy gritty texture,99,0,0.6914,-0.2337,2.8586
glass,778601,Glass_Shards_Crunching_08,1,a dry organic recorded thud,81,0,0.6241,3.5281,5.8533
glass,778602,Glass_Shards_Crunching_09,0,a short clean tap or click,43,0,0.2883,-0.277,2.7905
glass,778603,Glass_Shards_Crunching_10,1,a dry organic recorded thud,81,0,0.6338,0.0109,2.8322
glass,778604,Glass_Shards_Impact_01,5,a crunchy gritty texture,99,0,0.8707,-0.9673,3.5468
glass,778605,Glass_Shards_Impact_02,6,a synthetic electronic sound effect,102,0,0.8705,-1.2222,3.4064
glass,778606,Glass_Shards_Impact_03,5,a crunchy gritty texture,99,0,0.8671,-0.8747,3.2557
glass,778607,Glass_Shards_Impact_04,6,a synthetic electronic sound effect,102,0,0.8631,-1.3488,3.4011
glass,778608,Glass_Shards_Impact_05,6,a synthetic electronic sound effect,102,0,0.8654,4.5371,3.8546
glass,784151,Glass break hammer,2,a single sharp instant crack,163,1,0.8526,2.2615,5.6002
glass,78484,Dumpster_Diving.wav,4,a long sustained shattering with debris,109,0,0.8412,0.384,8.0004
glass,789214,Metal impact - Long,0,a short clean tap or click,43,0,0.4019,0.5094,8.5343
glass,792451,Dropping jars into the glass container,4,a long sustained shattering with debris,109,0,0.8064,0.6516,6.7194
glass,805170,Glass Crash,7,a bright high-pitched metallic ring,110,0,0.5537,3.8111,7.8443
glass,805574,Glass bottle tossed into recycling,4,a long sustained shattering with debris,109,0,0.792,0.5722,6.2197
glass,806423,Car windshield crack,4,a long sustained shattering with debris,109,0,0.7172,1.475,6.1348
glass,807437,car crash long 1,7,a bright high-pitched metallic ring,110,0,0.8204,0.4348,8.1095
glass,807438,car crash short 1,7,a bright high-pitched metallic ring,110,0,0.8457,0.9392,8.2891
glass,808170,GLASBrk-CU_Shotglass Break_Nicholas Judy_TDC,7,a bright high-pitched metallic ring,110,0,0.6649,2.654,7.845
glass,808171,GLASBrk_Coca Cola Bottle Smash_Nicholas Judy_TDC,7,a bright high-pitched metallic ring,110,0,0.7982,1.491,8.4729
glass,808172,"GLASBrk_Lightbulb Pop, Shatter, Simulated_Nicholas Judy_TDC",7,a bright high-pitched metallic ring,110,0,0.6984,-0.0911,7.2271
glass,810174,car crash,4,a long sustained shattering with debris,109,0,0.6103,0.1799,7.8689
glass,810333,glass breaking,4,a long sustained shattering with debris,109,0,0.7176,3.5644,7.8936
glass,814954,Ice Shatter SFX,1,a dry organic recorded thud,81,0,0.8023,3.0721,6.4084
glass,822342,Crunchy_Glass_Hit,7,a bright high-pitched metallic ring,110,0,0.8018,0.9836,5.9531
glass,825803,Glass Bottle Shatter,1,a dry organic recorded thud,81,0,0.8272,3.9024,6.0532
glass,834501,A Glass Dropped Outdoors.wav,7,a bright high-pitched metallic ring,110,0,0.5552,1.3671,8.4141
glass,840408,CD Shatter,2,a single sharp instant crack,163,1,0.8037,2.6884,5.373
glass,842519,Jar Shatter,2,a single sharp instant crack,163,1,0.8386,2.3398,5.0797
glass,84536,glass.wav,2,a single sharp instant crack,163,1,0.8843,2.5244,5.2451
glass,84702,"Bottle, Breaking.wav",4,a long sustained shattering with debris,109,0,0.7716,3.891,7.8387
glass,84704,Glass Break 1.wav,4,a long sustained shattering with debris,109,0,0.7961,3.8758,7.8609
glass,84705,Glass Breaking.wav,7,a bright high-pitched metallic ring,110,0,0.8198,2.1014,8.6991
glass,848281,Glass Break 1,7,a bright high-pitched metallic ring,110,0,0.7609,0.9997,4.7193
glass,848282,Glass Break 10,4,a long sustained shattering with debris,109,0,0.8975,1.941,6.7096
glass,848283,Glass Break 2,2,a single sharp instant crack,163,1,0.8918,1.3563,4.9803
glass,848284,Glass Break 3,5,a crunchy gritty texture,99,0,0.7861,0.9836,4.7975
glass,848285,Glass Break 4,2,a single sharp instant crack,163,1,0.8972,2.5559,6.8473
glass,848286,Glass Break 5,1,a dry organic recorded thud,81,0,0.8268,0.9084,4.6771
glass,848287,Glass Break 6,2,a single sharp instant crack,163,1,0.864,1.3936,4.934
glass,848288,Glass Break 7,2,a single sharp instant crack,163,1,0.9167,1.3874,5.0114
glass,848289,Glass Break 8,4,a long sustained shattering with debris,109,0,0.8487,0.3988,6.8318
glass,848290,Glass Break 9,2,a single sharp instant crack,163,1,0.9149,1.2913,4.8592
glass,848312,Glass Smash,4,a long sustained shattering with debris,109,0,0.832,2.0112,5.3729
glass,85107,JK Bottle Break.wav,2,a single sharp instant crack,163,1,0.8904,2.9409,4.5417
glass,85168,jf Glass Breaking.wav,6,a synthetic electronic sound effect,102,0,0.8657,5.1125,4.3894
glass,85184,mp glass break.wav,7,a bright high-pitched metallic ring,110,0,0.712,5.0619,1.7255
glass,853695,Breaking Glass 1,5,a crunchy gritty texture,99,0,0.8603,-1.401,3.4124
glass,853696,Breaking Glass 2,5,a crunchy gritty texture,99,0,0.8648,-1.426,3.2307
glass,853697,Breaking Glass 3,5,a crunchy gritty texture,99,0,0.8411,-1.4486,3.419
glass,853698,Breaking Glass 4,5,a crunchy gritty texture,99,0,0.8259,-1.4895,3.2887
glass,853699,Breaking Glass 5,5,a crunchy gritty texture,99,0,0.8338,-1.4827,3.2598
glass,853700,Breaking Glass 6,5,a crunchy gritty texture,99,0,0.8752,-1.4376,3.2562
glass,853701,Breaking Glass 7,5,a crunchy gritty texture,99,0,0.8035,-1.4958,3.2338
glass,853702,Breaking Glass 8,5,a crunchy gritty texture,99,0,0.8318,-1.2947,3.0559
glass,853703,Breaking Glass 9,5,a crunchy gritty texture,99,0,0.8032,-1.102,2.9901
glass,85550,glass hitting table.aif,7,a bright high-pitched metallic ring,110,0,0.7493,2.0129,8.3837
glass,861042,Hard Glass Break 1,4,a long sustained shattering with debris,109,0,0.7768,1.2484,4.9465
glass,861043,Hard Glass Break 2,2,a single sharp instant crack,163,1,0.8641,1.262,4.893
glass,861044,Hard Glass Break 3,5,a crunchy gritty texture,99,0,0.7634,1.0037,4.7164
glass,862565,Phonk Car Crash Impact 1,7,a bright high-pitched metallic ring,110,0,0.631,-0.0112,8.2708
glass,88797,gb01.aif,3,a deep low boom or rumble,43,0,0.8775,7.4458,6.5351
glass,88798,gb02.aif,3,a deep low boom or rumble,43,0,0.8393,7.5291,6.0045
glass,88799,gb03.aif,3,a deep low boom or rumble,43,0,0.8415,7.4794,6.5506
glass,88800,gb04.aif,6,a synthetic electronic sound effect,102,0,0.8566,7.476,5.2572
glass,88801,gb05.aif,3,a deep low boom or rumble,43,0,0.7596,7.5422,5.5998
glass,88802,gb06.aif,3,a deep low boom or rumble,43,0,0.5726,7.2907,5.2979
glass,88803,gb07.aif,3,a deep low boom or rumble,43,0,0.788,7.4584,5.5621
glass,88804,gb08.aif,3,a deep low boom or rumble,43,0,0.7793,7.4735,5.6006
glass,88805,gb09.aif,6,a synthetic electronic sound effect,102,0,0.5983,7.3667,5.2811
glass,88806,gb10.aif,6,a synthetic electronic sound effect,102,0,0.7857,7.5496,5.3275
glass,88807,gb11.aif,5,a crunchy gritty texture,99,0,0.6124,-0.9643,3.0478
glass,88808,gb12.aif,6,a synthetic electronic sound effect,102,0,0.8465,7.4728,5.2526
glass,88809,gb13.aif,6,a synthetic electronic sound effect,102,0,0.8854,7.5051,5.3086
glass,88951,losnb01.aif,3,a deep low boom or rumble,43,0,0.8868,7.5997,6.8674
glass,88952,losnb02.aif,3,a deep low boom or rumble,43,0,0.8468,7.6,6.7915
glass,88953,losnb03.aif,3,a deep low boom or rumble,43,0,0.8103,7.5702,6.951
glass,88954,losnb04.aif,3,a deep low boom or rumble,43,0,0.8429,7.6331,6.7913
glass,88955,losnb05.aif,3,a deep low boom or rumble,43,0,0.8507,7.6355,6.8967
glass,88956,losnb06.aif,3,a deep low boom or rumble,43,0,0.7542,7.5725,6.1013
glass,88957,losnb07.aif,3,a deep low boom or rumble,43,0,0.8442,7.4446,6.7009
glass,88958,losnb08.aif,3,a deep low boom or rumble,43,0,0.8434,7.5249,6.7413
glass,88959,losnb09.aif,3,a deep low boom or rumble,43,0,0.7366,7.6369,5.8698
glass,89868,soh01.aif,3,a deep low boom or rumble,43,0,0.8806,7.5013,6.879
glass,89869,soh02.aif,3,a deep low boom or rumble,43,0,0.8743,7.45,6.9214
glass,89870,soh03.aif,3,a deep low boom or rumble,43,0,0.8284,7.5647,6.5386
glass,89871,soh04.aif,3,a deep low boom or rumble,43,0,0.9043,7.5206,6.8989
glass,89872,soh05.aif,3,a deep low boom or rumble,43,0,0.9095,7.4854,6.7776
glass,89873,soh06.aif,3,a deep low boom or rumble,43,0,0.8129,7.5835,7.0006
glass,89874,soh07.aif,3,a deep low boom or rumble,43,0,0.771,7.5777,6.9408
glass,89875,soh08.aif,3,a deep low boom or rumble,43,0,0.8999,7.5228,6.8751
glass,89876,soh09.aif,3,a deep low boom or rumble,43,0,0.7052,7.6279,6.0056
glass,89877,soh10.aif,3,a deep low boom or rumble,43,0,0.8668,7.548,6.5567
glass,89878,soh11.aif,3,a deep low boom or rumble,43,0,0.7844,7.5883,6.9516
glass,89887,sos01.aif,6,a synthetic electronic sound effect,102,0,0.773,7.6768,5.6812
glass,89888,sos02.aif,6,a synthetic electronic sound effect,102,0,0.9247,7.7084,5.134
glass,89889,sos03.aif,6,a synthetic electronic sound effect,102,0,0.8674,7.6798,5.129
glass,89890,sos04.aif,6,a synthetic electronic sound effect,102,0,0.8402,7.4146,5.4546
glass,89891,sos05.aif,6,a synthetic electronic sound effect,102,0,0.8403,7.773,5.3517
glass,89892,sos06.aif,6,a synthetic electronic sound effect,102,0,0.8174,7.8321,5.4954
glass,89893,sos07.aif,0,a short clean tap or click,43,0,0.5169,7.7019,5.8632
glass,89894,sos08.aif,6,a synthetic electronic sound effect,102,0,0.8571,7.8765,5.2927
glass,89895,sos09.aif,6,a synthetic electronic sound effect,102,0,0.8125,7.769,5.2019
glass,89896,sos10.aif,6,a synthetic electronic sound effect,102,0,0.8302,7.7388,5.164
glass,89897,sos11.aif,1,a dry organic recorded thud,81,0,0.5313,7.6308,5.8722
glass,89898,sos12.aif,6,a synthetic electronic sound effect,102,0,0.8586,7.6854,5.1765
glass,89899,sos13.aif,6,a synthetic electronic sound effect,102,0,0.8338,7.857,5.3396
glass,89900,sos14.aif,6,a synthetic electronic sound effect,102,0,0.9193,7.7871,5.2062
glass,89901,sos15.aif,6,a synthetic electronic sound effect,102,0,0.9175,7.744,5.1453
glass,89902,sos16.aif,6,a synthetic electronic sound effect,102,0,0.8747,7.7049,5.1348
glass,89903,sos17.aif,6,a synthetic electronic sound effect,102,0,0.8316,7.835,5.456
glass,89904,sos18.aif,6,a synthetic electronic sound effect,102,0,0.6932,7.9121,5.4161
glass,89905,sos19.aif,6,a synthetic electronic sound effect,102,0,0.882,7.6309,5.4002
glass,89906,sos20.aif,6,a synthetic electronic sound effect,102,0,0.9112,7.7557,5.0631
glass,93022,glass.wav,7,a bright high-pitched metallic ring,110,0,0.7969,1.2996,8.4615
glass,95078,THE CRASH.wav,7,a bright high-pitched metallic ring,110,0,0.4885,-0.0928,8.2787
glass,96927,staklo gazenje.wav,1,a dry organic recorded thud,81,0,0.8635,3.8847,6.0278
glass,97669,light bulbs break.wav,6,a synthetic electronic sound effect,102,0,0.818,3.9864,7.552
glass,977,RBH Glass_Break 01.wav,6,a synthetic electronic sound effect,102,0,0.9156,3.9702,4.3967
glass,978,RBH Glass_Break 02.wav,6,a synthetic electronic sound effect,102,0,0.8621,7.1257,5.0238
glass,979,RBH Glass_Break 03.wav,6,a synthetic electronic sound effect,102,0,0.8801,7.2517,4.9614
glass,980,RBH Glass_Break 04.wav,6,a synthetic electronic sound effect,102,0,0.8429,3.3625,4.7951
glass,98054,wine bottle break 1.wav,6,a synthetic electronic sound effect,102,0,0.8946,4.745,3.9881
glass,98055,wine bottle break 2.wav,6,a synthetic electronic sound effect,102,0,0.8779,4.7974,4.0654
glass,981,RBH Glass_Break 05.wav,6,a synthetic electronic sound effect,102,0,0.7378,7.0161,5.0274
glass,98378,beer bottle break.wav,6,a synthetic electronic sound effect,102,0,0.8361,4.8339,4.1248
impact,107788,hit_001.wav,1,a dry organic recorded thud,335,0,0.5806,0.5321,-2.4204
impact,107789,hit_002.wav,1,a dry organic recorded thud,335,0,0.49,0.3507,-2.3175
impact,108617,Thud-dry.wav,0,a single sharp instant crack,415,1,0.5996,4.9833,-3.1339
impact,113096,ThreeFollowedThuds.wav,0,a single sharp instant crack,415,1,0.2898,4.7978,-0.0923
impact,113150,hits_bathroomStom3.wav,0,a single sharp instant crack,415,1,0.687,6.3914,-0.7623
impact,113152,hits_bathroomStomp1.wav,0,a single sharp instant crack,415,1,0.8075,6.4722,-0.8274
impact,113153,hits_bathroomStomp2.wav,0,a single sharp instant crack,415,1,0.6877,6.1655,-1.091
impact,113154,hits_bathroomStomp4.wav,0,a single sharp instant crack,415,1,0.6761,6.7557,-0.2243
impact,113155,hits_bathroomStomp5.wav,0,a single sharp instant crack,415,1,0.535,6.7143,-0.2002
impact,114014,FollowedThuds2.wav,0,a single sharp instant crack,415,1,0.4862,4.918,-0.1033
impact,114017,MetallicThuds.wav,1,a dry organic recorded thud,335,0,0.4123,4.3469,0.2107
impact,114018,MetallicThuds2.wav,1,a dry organic recorded thud,335,0,0.417,4.3246,0.2628
impact,114019,MetallicThuds3.wav,0,a single sharp instant crack,415,1,0.4356,4.4168,0.193
impact,114039,FollowedThuds3.wav,1,a dry organic recorded thud,335,0,0.3176,4.7443,-0.1036
impact,114040,FollowedThuds4.wav,1,a dry organic recorded thud,335,0,0.3618,4.8479,-0.1172
impact,114041,FollowedThuds5.wav,0,a single sharp instant crack,415,1,0.4451,4.8464,-0.0804
impact,114042,FollowedThuds6.wav,0,a single sharp instant crack,415,1,0.4871,5.314,-0.1938
impact,114182,Thud12.wav,0,a single sharp instant crack,415,1,0.6226,4.5046,0.0781
impact,114184,Thud14.wav,0,a single sharp instant crack,415,1,0.5851,4.3748,0.1647
impact,114189,GlassThud1.wav,0,a single sharp instant crack,415,1,0.4251,4.4011,0.1512
impact,114193,GlassThud13.wav,0,a single sharp instant crack,415,1,0.4507,4.3042,0.1905
impact,114194,GlassThud2.wav,0,a single sharp instant crack,415,1,0.4405,4.3523,0.1767
impact,114195,GlassThud3.wav,0,a single sharp instant crack,415,1,0.433,4.3498,0.2068
impact,114202,FollowedGlassThuds.wav,0,a single sharp instant crack,415,1,0.2759,4.2792,0.319
impact,114203,FollowedGlassThuds2.wav,1,a dry organic recorded thud,335,0,0.3089,4.3404,0.2729
impact,115792,Hit 2.wav,1,a dry organic recorded thud,335,0,0.1967,-0.4294,-1.3029
impact,120267,Heatsink Small - 26 - Audio - Audio 26.wav,0,a single sharp instant crack,415,1,0.1709,6.7395,4.5699
impact,120268,Heatsink Small - 27 - Audio - Audio 27.wav,0,a single sharp instant crack,415,1,0.2995,6.7406,4.6878
impact,120269,Heatsink Small - 28 - Audio - Audio 28.wav,0,a single sharp instant crack,415,1,0.2094,6.7244,4.5597
impact,120270,Heatsink Small - 29 - Audio - Audio 29.wav,0,a single sharp instant crack,415,1,0.2236,6.745,4.5534
impact,120271,Heatsink Small - 30 - Audio - Audio 30.wav,0,a single sharp instant crack,415,1,0.3123,6.754,4.4007
impact,120272,Heatsink Small - 31 - Audio - Audio 31.wav,0,a single sharp instant crack,415,1,0.3254,6.7447,4.3748
impact,122119,Thud_1_Dry.wav,1,a dry organic recorded thud,335,0,0.5457,-0.6374,-2.5946
impact,122120,Thud_1_HighShortReverb.wav,1,a dry organic recorded thud,335,0,0.6105,-0.7356,-2.5974
impact,122121,Thud_1_withLowLongReverb.wav,1,a dry organic recorded thud,335,0,0.5241,-0.7634,-2.6289
impact,122123,Thud_2_HighShortReverb.wav,1,a dry organic recorded thud,335,0,0.5514,-0.6779,-2.6586
impact,122125,Thud_3_HighShortReverb.wav,1,a dry organic recorded thud,335,0,0.5628,-0.7216,-2.5894
impact,122127,Thud_4_LowLongReverb.wav,1,a dry organic recorded thud,335,0,0.5145,-0.7965,-2.6488
impact,122590,Thud_4_HighShortReverb.wav,1,a dry organic recorded thud,335,0,0.5565,-0.7735,-2.5761
impact,124517,st_hitting_veneziane.aiff,0,a single sharp instant crack,415,1,0.4329,8.0811,-1.1048
impact,127148,bass metal thud.wav,1,a dry organic recorded thud,335,0,0.4681,3.4284,4.3695
impact,136824,INDUSTHIT009,1,a dry organic recorded thud,335,0,0.6444,0.6309,-2.5142
impact,144203,Appliance-Clothes_Dryer-Door-Hit-01.wav,0,a single sharp instant crack,415,1,0.5314,6.1366,1.3091
impact,144209,Appliance-Clothes_Dryer-Door-Hit-04.wav,0,a single sharp instant crack,415,1,0.4609,6.3077,1.839
impact,146977,Desk Thud.wav,0,a single sharp instant crack,415,1,0.5709,5.5967,-1.457
impact,146982,Chair-Folding_Chair-Metal-Person-Sit-01.wav,0,a single sharp instant crack,415,1,0.394,6.5472,-2.6438
impact,146983,Chair-Folding_Chair-Metal-Person-Sit-02.wav,0,a single sharp instant crack,415,1,0.3965,6.5851,-2.5601
impact,149418,ApplesDroppingThudinaForest.wav,0,a single sharp instant crack,415,1,0.2737,5.3767,-2.866
impact,150383,Hit-rub_003.wav,0,a single sharp instant crack,415,1,0.3969,5.1326,-0.964
impact,150384,Hit-rub_002.wav,1,a dry organic recorded thud,335,0,0.3406,4.9513,-0.7631
impact,150385,Hit-rub_001.wav,0,a single sharp instant crack,415,1,0.4071,5.0766,-0.9123
impact,157409,C-SPENCE_KICK01.wav,1,a dry organic recorded thud,335,0,0.3741,2.0751,-3.461
impact,158923,Jembay Hit 1 Center.wav,0,a single sharp instant crack,415,1,0.4619,9.664,5.1936
impact,158924,Jembay Hit 1 Center closed .wav,0,a single sharp instant crack,415,1,0.5187,9.7376,5.1426
impact,158927,Jembay Hit 10 Center.wav,0,a single sharp instant crack,415,1,0.4297,9.7466,5.342
impact,158930,Jembay Hit 11 Center.wav,0,a single sharp instant crack,415,1,0.3837,9.6989,5.2657
impact,158938,Jembay Hit 9 Center.wav,0,a single sharp instant crack,415,1,0.328,9.719,5.2912
impact,158941,Jembay Hit 3 Center.wav,0,a single sharp instant crack,415,1,0.4303,9.6735,5.2489
impact,158945,Jembay Hit 4 Center.wav,0,a single sharp instant crack,415,1,0.5829,9.6641,5.1966
impact,158948,Jembay Hit 8 Center.wav,0,a single sharp instant crack,415,1,0.5374,9.6743,5.2386
impact,158952,Jembay Hit 12 Center.wav,0,a single sharp instant crack,415,1,0.4132,9.7036,5.2928
impact,158959,Djembe Hit 2 Center.wav,0,a single sharp instant crack,415,1,0.4884,9.7149,5.2206
impact,158960,Djembe Hit 7 Center.wav,0,a single sharp instant crack,415,1,0.4537,9.7588,5.1589
impact,158966,Djembe Hit 6 Center.wav,0,a single sharp instant crack,415,1,0.5632,9.6826,5.2114
impact,160760,object-hit,0,a single sharp instant crack,415,1,0.4962,5.4498,-2.9749
impact,160883,Obscure SFX - Hit #1,1,a dry organic recorded thud,335,0,0.4969,0.0746,-1.471
impact,164218,Thud_metallic_3.wav,0,a single sharp instant crack,415,1,0.5599,8.5218,1.232
impact,164219,Thud_metallic_2.wav,0,a single sharp instant crack,415,1,0.6514,8.4455,1.1792
impact,164220,Thud_metallic_1.wav,0,a single sharp instant crack,415,1,0.6255,8.3114,1.2118
impact,164563,Door impact 4.wav,0,a single sharp instant crack,415,1,0.5762,7.4102,-2.2191
impact,164564,Door impact 3.wav,0,a single sharp instant crack,415,1,0.6053,7.3599,-2.3412
impact,164565,Door impact 2.wav,0,a single sharp instant crack,415,1,0.6377,7.4014,-2.2888
impact,164566,Door impact 1.wav,0,a single sharp instant crack,415,1,0.5114,7.3706,-2.3192
impact,164567,Door impact 8.wav,0,a single sharp instant crack,415,1,0.542,7.4302,-2.3359
impact,164568,Door impact 7.wav,0,a single sharp instant crack,415,1,0.5886,7.4495,-2.261
impact,164569,Door impact 6.wav,0,a single sharp instant crack,415,1,0.6932,7.386,-2.2635
impact,164570,Door impact 5.wav,0,a single sharp instant crack,415,1,0.4565,7.4106,-2.2867
impact,171074,stfire_pc1f143_thud.wav,0,a single sharp instant crack,415,1,0.4515,6.0311,-0.2731
impact,190020,Hit on wood - 2,0,a single sharp instant crack,415,1,0.6992,6.4857,-0.4118
impact,190022,Hit on metal - 1,0,a single sharp instant crack,415,1,0.4243,5.898,0.8572
impact,190023,Hit on wood - 7,0,a single sharp instant crack,415,1,0.6999,6.416,-0.6176
impact,190024,Hit on wood - 6,0,a single sharp instant crack,415,1,0.6981,6.5662,-0.3549
impact,190025,Hit on wood - 5,0,a single sharp instant crack,415,1,0.657,6.3719,-0.4876
impact,190026,Theatre 3 hits,0,a single sharp instant crack,415,1,0.4271,6.3838,-0.4539
impact,190027,Hits on wood,0,a single sharp instant crack,415,1,0.4074,6.3776,-0.339
impact,198868,Door-ThudWhamWhack,0,a single sharp instant crack,415,1,0.5107,5.9238,-2.0766
impact,202106,Wood Thud Underfoot.wav,0,a single sharp instant crack,415,1,0.5006,6.7459,-2.6668
impact,203039,Dropping Body on Hard Ground.wav,0,a single sharp instant crack,415,1,0.4765,6.7729,-3.0056
impact,208912,saucepan4hits.wav,0,a single sharp instant crack,415,1,0.348,6.4161,3.9882
impact,220075,Hit+mouv_short03.wav,0,a single sharp instant crack,415,1,0.3615,5.6961,2.5777
impact,220076,Hit_loin_short01.wav,0,a single sharp instant crack,415,1,0.3942,5.8392,2.4774
impact,220077,Hit+mouv_short01.wav,0,a single sharp instant crack,415,1,0.3519,5.7214,2.5456
impact,220078,Hit+mouv_short02.wav,0,a single sharp instant crack,415,1,0.4367,5.7685,2.5282
impact,220079,Hit_loin_short04.wav,0,a single sharp instant crack,415,1,0.3344,5.7892,2.5153
impact,220081,Hit_loin_short02.wav,0,a single sharp instant crack,415,1,0.3103,5.8567,2.4026
impact,220082,Hit_loin_short03.wav,0,a single sharp instant crack,415,1,0.3861,5.818,2.5364
impact,220097,RevHit_short02.wav,0,a single sharp instant crack,415,1,0.4279,5.772,2.5381
impact,220098,RevHit_short01.wav,0,a single sharp instant crack,415,1,0.4549,5.7781,2.4899
impact,220100,RevHit_short03.wav,0,a single sharp instant crack,415,1,0.36,5.7244,2.5044
impact,239087,Drum / thud (movie-trailer jump-scene style),1,a dry organic recorded thud,335,0,0.696,0.2714,-1.4408
impact,240281,thuds.wav,0,a single sharp instant crack,415,1,0.453,6.049,-2.4748
impact,240991,book-impact-01.aif,0,a single sharp instant crack,415,1,0.578,5.7166,-3.1371
impact,240992,book-impact-08.aif,0,a single sharp instant crack,415,1,0.6682,5.8416,-3.3095
impact,240993,book-impact-07.aif,0,a single sharp instant crack,415,1,0.5881,5.9845,-3.4252
impact,240996,book-impact-10.aif,0,a single sharp instant crack,415,1,0.6374,6.0022,-3.4582
impact,240997,book-impact-09.aif,0,a single sharp instant crack,415,1,0.5943,5.9794,-3.4214
impact,244983,ANI Big Pipe Hit,0,a single sharp instant crack,415,1,0.4791,6.1512,1.7982
impact,246278,D Guitar Chord Hit Percussion.wav,1,a dry organic recorded thud,335,0,0.2865,3.4437,4.5087
impact,246279,C Guitar Chord Hit Percussion.wav,1,a dry organic recorded thud,335,0,0.4023,3.4897,4.5357
impact,246280,B Guitar Chord Hit Percussion.wav,0,a single sharp instant crack,415,1,0.3945,3.4556,4.5009
impact,246281,A Guitar Chord Hit Percussion.wav,0,a single sharp instant crack,415,1,0.4083,3.4992,4.5586
impact,246282,Guitar Snare High Hit.wav,0,a single sharp instant crack,415,1,0.5942,6.4065,-0.7526
impact,246283,G Guitar Chord Hit Percussion.wav,0,a single sharp instant crack,415,1,0.4435,3.5734,4.6304
impact,246284,F Guitar Chord Hit Percussion.wav,0,a single sharp instant crack,415,1,0.3494,3.5009,4.5702
impact,246285,E Guitar Chord Hit Percussion.wav,0,a single sharp instant crack,415,1,0.2736,3.514,4.5821
impact,246287,Guitar Snare Mid Hit.wav,0,a single sharp instant crack,415,1,0.6297,6.4623,-0.618
impact,246288,Open E Guitar Chord Hit Percussion.wav,0,a single sharp instant crack,415,1,0.2756,3.4589,4.5234
impact,257928,Body Thud.wav,1,a dry organic recorded thud,335,0,0.601,5.1487,-1.6209
impact,263620,metal thud,0,a single sharp instant crack,415,1,0.5866,7.6404,-1.1955
impact,266345,Metal thud and slide.wav,0,a single sharp instant crack,415,1,0.2273,6.3383,1.8807
impact,275160,Thud.wav,0,a single sharp instant crack,415,1,0.7695,6.1904,-1.2431
impact,276600,body_hit.wav,1,a dry organic recorded thud,335,0,0.5083,5.0296,-2.0608
impact,27725,Hits02.wav,1,a dry organic recorded thud,335,0,0.411,0.6515,1.8918
impact,27726,Hits03.wav,1,a dry organic recorded thud,335,0,0.2971,0.7095,2.0747
impact,27727,Hits04.wav,1,a dry organic recorded thud,335,0,0.309,0.7017,2.0602
impact,27729,Hits06.wav,1,a dry organic recorded thud,335,0,0.3302,0.5961,2.0855
impact,27730,Hits07.wav,1,a dry organic recorded thud,335,0,0.5024,0.6428,2.0917
impact,27731,Hits08.wav,1,a dry organic recorded thud,335,0,0.3732,0.6567,2.1514
impact,27733,Hits10.wav,1,a dry organic recorded thud,335,0,0.403,0.5789,2.1455
impact,27734,Hits11.wav,1,a dry organic recorded thud,335,0,0.3563,0.6528,2.1902
impact,27735,Hits12.wav,1,a dry organic recorded thud,335,0,0.472,0.5989,2.1301
impact,27742,Hits13.wav,1,a dry organic recorded thud,335,0,0.2928,0.4912,1.7639
impact,27743,Hits14.wav,1,a dry organic recorded thud,335,0,0.3102,0.7115,2.226
impact,27744,Hits15.wav,1,a dry organic recorded thud,335,0,0.3529,0.442,1.8086
impact,27745,Hits16.wav,1,a dry organic recorded thud,335,0,0.3732,0.7263,1.9759
impact,27746,Hits17.wav,1,a dry organic recorded thud,335,0,0.306,0.7334,2.1131
impact,27747,Hits18.wav,1,a dry organic recorded thud,335,0,0.4253,0.731,1.9151
impact,27748,Hits19.wav,1,a dry organic recorded thud,335,0,0.2891,0.7807,2.1106
impact,27749,Hits20.wav,1,a dry organic recorded thud,335,0,0.3162,0.8181,2.1657
impact,27750,Hits21.wav,1,a dry organic recorded thud,335,0,0.3859,0.7107,1.9508
impact,27751,Hits22.wav,1,a dry organic recorded thud,335,0,0.1694,0.6728,1.9097
impact,27752,Hits23.wav,1,a dry organic recorded thud,335,0,0.2462,0.4548,1.7327
impact,27753,Hits24.wav,1,a dry organic recorded thud,335,0,0.2659,0.3678,1.6886
impact,27754,Hits25.wav,1,a dry organic recorded thud,335,0,0.3696,0.4468,1.7577
impact,28175,Hits26.wav,1,a dry organic recorded thud,335,0,0.3816,0.842,0.8881
impact,28176,Hits27.wav,1,a dry organic recorded thud,335,0,0.3513,0.7024,0.9865
impact,28177,Hits28.wav,1,a dry organic recorded thud,335,0,0.0705,0.9584,0.9943
impact,28178,Hits29.wav,1,a dry organic recorded thud,335,0,0.2478,1.0074,0.8934
impact,28180,Hits31.wav,1,a dry organic recorded thud,335,0,0.212,1.0589,0.8962
impact,28181,Hits32.wav,1,a dry organic recorded thud,335,0,0.2536,3.9252,0.0506
impact,28194,Hits33.wav,1,a dry organic recorded thud,335,0,0.6239,1.0863,-0.2198
impact,28195,Hits34.wav,1,a dry organic recorded thud,335,0,0.5731,0.9936,-0.2422
impact,30235,Hits40.wav,1,a dry organic recorded thud,335,0,0.4934,4.8554,-1.1897
impact,320108,Horror SFX 2.wav,1,a dry organic recorded thud,335,0,0.5534,5.0582,-1.5288
impact,330997,Stick Hitting a Dreadlock (Small thud),0,a single sharp instant crack,415,1,0.6693,6.2364,-0.9126
impact,332661,big thud.wav,1,a dry organic recorded thud,335,0,0.5596,5.4018,-1.247
impact,332667,big thud3.wav,0,a single sharp instant crack,415,1,0.5159,5.3164,-1.139
impact,332668,big thud2.wav,0,a single sharp instant crack,415,1,0.5987,5.5502,-1.3001
impact,333618,Home-Made Inception Boom Thud Hit,1,a dry organic recorded thud,335,0,0.5297,-0.1225,-2.0258
impact,334391,DirectHit3_uni.wav,0,a single sharp instant crack,415,1,0.5309,6.2541,-2.2979
impact,334411,Hits2_omni.wav,0,a single sharp instant crack,415,1,0.2549,7.3549,0.8312
impact,334419,MetalHit2_boom.wav,0,a single sharp instant crack,415,1,0.5919,6.0508,1.552
impact,334420,MetalHit1_boom.wav,0,a single sharp instant crack,415,1,0.4416,5.9573,1.7668
impact,334428,SoftHit1_uni.wav,0,a single sharp instant crack,415,1,0.4191,6.2819,-2.9092
impact,336487,Boom_01.wav,0,a single sharp instant crack,415,1,0.5735,5.4897,-1.1291
impact,339114,thud.wav,1,a dry organic recorded thud,335,0,0.6023,4.9225,-1.9486
impact,339832,thud.ogg,0,a single sharp instant crack,415,1,0.3578,4.9656,-1.9248
impact,340279,Medium_Impact_Man_OS.wav,0,a single sharp instant crack,415,1,0.5122,5.4084,-2.34
impact,340285,Medium_Impact_Girl_OS.wav,0,a single sharp instant crack,415,1,0.444,5.5133,-2.4545
impact,340287,Deep_Impact_Girl_OS.wav,0,a single sharp instant crack,415,1,0.5603,5.5635,-2.3456
impact,342530,Light Thud 4,0,a single sharp instant crack,415,1,0.5352,6.6183,-2.9733
impact,342531,Light Thud 3,0,a single sharp instant crack,415,1,0.5336,6.6087,-2.8965
impact,342532,Light Thud 2,0,a single sharp instant crack,415,1,0.6024,6.7272,-2.9227
impact,342533,Light Thud 1,0,a single sharp instant crack,415,1,0.6713,6.8681,-1.8731
impact,342534,Medium Thud 2,0,a single sharp instant crack,415,1,0.6296,6.8675,-1.9037
impact,342535,Medium Thud 1,0,a single sharp instant crack,415,1,0.6594,6.7782,-2.4657
impact,342536,Plastic Thud 4,0,a single sharp instant crack,415,1,0.3875,6.8357,-1.6745
impact,342537,Plastic Thud 3,0,a single sharp instant crack,415,1,0.4274,6.8763,-1.7169
impact,342538,Plastic Thud 2,0,a single sharp instant crack,415,1,0.3249,6.829,-1.7526
impact,342539,Plastic Thud 1,0,a single sharp instant crack,415,1,0.4358,6.8332,-1.7332
impact,344677,Crash Thud ,1,a dry organic recorded thud,335,0,0.402,4.4697,-1.3698
impact,345440,Thud_01,1,a dry organic recorded thud,335,0,0.7137,4.2367,-2.1038
impact,345460,Thud_02,1,a dry organic recorded thud,335,0,0.4965,4.3021,-2.1506
impact,34815,crash_1_hit_1.wav,1,a dry organic recorded thud,335,0,0.2948,5.2786,1.913
impact,34816,crash_1_hit_1_cut.wav,0,a single sharp instant crack,415,1,0.2517,5.2444,1.9262
impact,34817,crash_1_hit_2.wav,1,a dry organic recorded thud,335,0,0.3707,5.2595,1.9128
impact,34819,crash_2_hit_1.wav,0,a single sharp instant crack,415,1,0.361,5.3186,1.8377
impact,34820,crash_2_hit_2.wav,0,a single sharp instant crack,415,1,0.4598,5.3639,1.9183
impact,34822,crash_3_hit_1_cut.wav,0,a single sharp instant crack,415,1,0.2246,5.2588,1.9126
impact,38004,large glass a 1.wav,0,a single sharp instant crack,415,1,0.2649,6.6942,4.8242
impact,38005,large glass a 2.wav,0,a single sharp instant crack,415,1,0.3597,6.6969,4.8136
impact,38006,large glass b 1.wav,0,a single sharp instant crack,415,1,0.3923,6.7304,4.7629
impact,38007,large glass b 2.wav,0,a single sharp instant crack,415,1,0.4078,6.7015,4.8045
impact,38008,large glass b 3.wav,0,a single sharp instant crack,415,1,0.3202,6.6958,4.8128
impact,381585,snd_ImpactHeavyMetal01.wav,0,a single sharp instant crack,415,1,0.6061,8.8605,-1.6907
impact,381586,snd_ImpactHeavyWall03.wav,0,a single sharp instant crack,415,1,0.5302,8.9332,-2.1901
impact,381587,snd_ImpactHeavyWall02.wav,0,a single sharp instant crack,415,1,0.5869,8.8487,-2.1356
impact,381588,snd_ImpactHeavyWall01.wav,0,a single sharp instant crack,415,1,0.6322,8.9261,-2.1835
impact,381589,snd_ImpactHeavyMetal05.wav,0,a single sharp instant crack,415,1,0.5446,8.695,-1.8577
impact,381591,snd_ImpactHeavyWall04.wav,0,a single sharp instant crack,415,1,0.5306,8.8011,-2.27
impact,381595,snd_ImpactSmallMetal02.wav,0,a single sharp instant crack,415,1,0.3816,9.2699,-2.1577
impact,381596,snd_ImpactSmallMetal03.wav,0,a single sharp instant crack,415,1,0.3926,9.2289,-2.1472
impact,381597,snd_ImpactSmallWood06.wav,0,a single sharp instant crack,415,1,0.553,8.8831,-1.7014
impact,381598,snd_ImpactNormalWood01.wav,0,a single sharp instant crack,415,1,0.6102,8.9936,-1.9737
impact,381599,snd_ImpactNormalWood02.wav,0,a single sharp instant crack,415,1,0.7457,8.7853,-1.7924
impact,381600,snd_ImpactMediumWall04.wav,0,a single sharp instant crack,415,1,0.668,8.5566,-2.1028
impact,381601,snd_ImpactMediumWall05.wav,0,a single sharp instant crack,415,1,0.546,8.832,-2.0575
impact,381602,snd_ImpactNormalWood05.wav,0,a single sharp instant crack,415,1,0.6459,8.9288,-1.8489
impact,381603,snd_ImpactSmallMetal01.wav,0,a single sharp instant crack,415,1,0.4855,9.1257,-2.0615
impact,381604,snd_ImpactNormalWood03.wav,0,a single sharp instant crack,415,1,0.7185,8.8519,-1.8384
impact,381606,snd_ImpactSmallWood05.wav,0,a single sharp instant crack,415,1,0.4174,8.8338,-1.795
impact,381607,snd_ImpactMediumMetal02.wav,0,a single sharp instant crack,415,1,0.6507,8.8276,-2.1209
impact,381608,snd_ImpactMediumMetal01.wav,0,a single sharp instant crack,415,1,0.6625,8.9582,-1.9914
impact,381609,snd_ImpactHeavyWood03.wav,0,a single sharp instant crack,415,1,0.4977,8.9276,-1.7224
impact,381611,snd_ImpactMediumWall01.wav,0,a single sharp instant crack,415,1,0.6471,8.6659,-2.1057
impact,381612,snd_ImpactMediumMetal05.wav,0,a single sharp instant crack,415,1,0.43,9.2675,-2.2497
impact,381613,snd_ImpactMediumMetal04.wav,0,a single sharp instant crack,415,1,0.516,9.1499,-2.1778
impact,381615,snd_ImpactMediumWall03.wav,0,a single sharp instant crack,415,1,0.4807,8.7612,-2.1378
impact,381616,snd_ImpactMediumWall02.wav,0,a single sharp instant crack,415,1,0.7207,8.4462,-2.238
impact,381618,snd_ImpactSmallWall04.wav,0,a single sharp instant crack,415,1,0.5076,8.8809,-1.9729
impact,381619,snd_ImpactSmallMetal05.wav,0,a single sharp instant crack,415,1,0.3316,9.2538,-2.2378
impact,381620,snd_ImpactSmallMetal04.wav,0,a single sharp instant crack,415,1,0.4778,9.2239,-2.1887
impact,381621,snd_ImpactSmallMetal07.wav,0,a single sharp instant crack,415,1,0.4814,9.2716,-2.2187
impact,381622,snd_ImpactSmallMetal06.wav,0,a single sharp instant crack,415,1,0.4596,9.273,-2.2588
impact,381623,snd_ImpactSmallWall01.wav,0,a single sharp instant crack,415,1,0.4932,8.7658,-1.723
impact,381624,snd_ImpactSmallMetal08.wav,0,a single sharp instant crack,415,1,0.4862,9.2537,-2.2176
impact,383983,creaking thud,0,a single sharp instant crack,415,1,0.5264,6.7718,-3.7947
impact,383990,light thud with jingle echo effect,0,a single sharp instant crack,415,1,0.4116,5.9418,-2.9419
impact,386047,JumpThud003.wav,0,a single sharp instant crack,415,1,0.5769,7.0597,-2.9311
impact,386048,JumpThud002.wav,0,a single sharp instant crack,415,1,0.5362,7.1444,-3.0939
impact,386049,JumpThud001.wav,0,a single sharp instant crack,415,1,0.5042,7.1039,-2.9935
impact,386312,Impact wrench - Run on bench,0,a single sharp instant crack,415,1,-0.0861,5.0153,0.5131
impact,386313,Impact wrench - Run on bench short,1,a dry organic recorded thud,335,0,0.1749,4.927,0.4225
impact,386315,Impact wrench - Chicago Pneumatic model A - Start on bench 1,0,a single sharp instant crack,415,1,0.3452,5.0943,0.4286
impact,387478,Dart-Thud-1,0,a single sharp instant crack,415,1,0.7755,6.2737,-0.7017
impact,387479,Dart Thud 3,0,a single sharp instant crack,415,1,0.7336,6.0668,-0.9897
impact,387480,Dart Thud 2,0,a single sharp instant crack,415,1,0.7403,6.2364,-0.6938
impact,403842,20 thud.wav,0,a single sharp instant crack,415,1,0.4632,7.0966,-3.0543
impact,405535,Thud 4.wav,0,a single sharp instant crack,415,1,0.7815,6.5675,-0.8491
impact,405536,Thud 3.wav,0,a single sharp instant crack,415,1,0.7631,6.5697,-0.8865
impact,405537,Thud 2.wav,0,a single sharp instant crack,415,1,0.7217,6.5803,-0.8883
impact,405539,Thud1.wav,0,a single sharp instant crack,415,1,0.8141,6.523,-0.9101
impact,406260,hit - hollow 01.wav,0,a single sharp instant crack,415,1,0.7189,7.7658,1.1515
impact,406261,hit - glass - window 01.wav,0,a single sharp instant crack,415,1,0.5635,7.527,1.3443
impact,406262,hit - clay - clay stool 02.wav,0,a single sharp instant crack,415,1,0.4587,8.1376,1.1623
impact,406263,hit - clay - clay stool 01.wav,0,a single sharp instant crack,415,1,0.4596,8.1079,1.1946
impact,406267,hit - hollow 02.wav,0,a single sharp instant crack,415,1,0.5768,7.6644,1.0404
impact,406270,hit - wooden 04.wav,0,a single sharp instant crack,415,1,0.611,7.695,1.2018
impact,406271,hit - wooden 03.wav,0,a single sharp instant crack,415,1,0.5605,7.7141,1.1314
impact,406272,hit - wooden 02.wav,0,a single sharp instant crack,415,1,0.5536,7.6567,1.1515
impact,406273,hit - wooden 01.wav,0,a single sharp instant crack,415,1,0.4865,7.6127,1.1469
impact,406274,hit - wooden 08.wav,0,a single sharp instant crack,415,1,0.547,7.7424,1.2693
impact,406275,hit - wooden 07.wav,0,a single sharp instant crack,415,1,0.5911,7.7097,1.1943
impact,406276,hit - wooden 06.wav,0,a single sharp instant crack,415,1,0.5493,7.761,1.2083
impact,406277,hit - wooden 05.wav,0,a single sharp instant crack,415,1,0.5861,7.7408,1.2137
impact,406278,hit - wooden 09.wav,0,a single sharp instant crack,415,1,0.6381,7.8828,1.3268
impact,406281,hit - wooden - tree 02.wav,0,a single sharp instant crack,415,1,0.5839,8.1864,1.1171
impact,406282,hit - wooden - tree 01.wav,0,a single sharp instant crack,415,1,0.5696,8.2567,1.1057
impact,406487,hit - metallic - basketball hoop supports 02.wav,0,a single sharp instant crack,415,1,0.4437,6.253,1.9556
impact,406488,hit - metallic - basketball hoop supports 01.wav,0,a single sharp instant crack,415,1,0.4472,6.2867,1.9203
impact,406490,hit - metallic - basketball hoop pipe 01.wav,0,a single sharp instant crack,415,1,0.338,6.2778,2.0187
impact,406491,hit - metallic - lawn chair 01.wav,0,a single sharp instant crack,415,1,0.5604,8.3725,1.1981
impact,406492,hit - metallic - garbage can 01.wav,0,a single sharp instant crack,415,1,0.6238,6.3656,1.7529
impact,406494,hit - metallic - cage 01.wav,0,a single sharp instant crack,415,1,0.4575,6.1981,2.2643
impact,406526,hit - metallic - trailer - back of metal trailer 03.wav,0,a single sharp instant crack,415,1,0.2993,6.0828,2.2861
impact,406527,hit - metallic - trailer - back of metal trailer 02.wav,0,a single sharp instant crack,415,1,0.3562,6.0502,2.301
impact,406528,hit - metallic - trailer - back of metal trailer 01.wav,0,a single sharp instant crack,415,1,0.371,6.1059,2.3718
impact,406554,hit - metallic - natural gas tank 01.wav,0,a single sharp instant crack,415,1,0.5518,6.1488,1.6553
impact,406555,hit - metallic - metal pipe 02.wav,0,a single sharp instant crack,415,1,0.6373,8.1879,1.221
impact,406556,hit - metallic - metal pipe 01.wav,0,a single sharp instant crack,415,1,0.6095,8.2368,1.2304
impact,406557,hit - metallic - metal gate.wav,0,a single sharp instant crack,415,1,0.3824,6.3442,1.9055
impact,406559,hit - metallic - trailer - metal fender 02.wav,0,a single sharp instant crack,415,1,0.3516,6.1466,2.0908
impact,406560,hit - metallic - trailer - metal fender 01.wav,0,a single sharp instant crack,415,1,0.4925,6.2891,1.9315
impact,406561,hit - metallic - natural gas tank 02.wav,0,a single sharp instant crack,415,1,0.559,6.2039,1.802
impact,406562,hit - metallic 01.wav,0,a single sharp instant crack,415,1,0.6086,6.3983,1.8781
impact,410513,"Snare Drum, Single Hit, A (H4n).wav",0,a single sharp instant crack,415,1,0.2689,6.5641,1.8074
impact,410515,"Snare Drum, Multi Hits, A (H4n).wav",0,a single sharp instant crack,415,1,0.2014,6.5271,1.7074
impact,412125,Grassy thud,0,a single sharp instant crack,415,1,0.4208,6.3008,-3.1877
impact,414834,HIT me.mp3,1,a dry organic recorded thud,335,0,0.6965,-0.2596,-2.1129
impact,414853,rock hit.mp3,0,a single sharp instant crack,415,1,0.3193,4.5792,-1.823
impact,41632,thud.wav,0,a single sharp instant crack,415,1,0.545,5.2728,-1.8201
impact,424983,mixing_bowl_clunk.wav,0,a single sharp instant crack,415,1,0.628,6.9725,0.8332
impact,429161,bass impact 1.wav,1,a dry organic recorded thud,335,0,0.4122,5.2502,-1.4466
impact,429163,Thud with treble.wav,0,a single sharp instant crack,415,1,0.6416,5.2264,-1.3809
impact,429166,generic impact 1.wav,1,a dry organic recorded thud,335,0,0.5018,4.8014,-1.8276
impact,432561,dhunhero_slamlaptop.aiff,0,a single sharp instant crack,415,1,0.4007,6.3084,-2.4231
impact,43600,object falls (2).wav,0,a single sharp instant crack,415,1,0.397,6.632,-2.9745
impact,43601,object falls (3).wav,0,a single sharp instant crack,415,1,0.5285,6.5879,-3.0495
impact,43602,object falls (4).wav,0,a single sharp instant crack,415,1,0.4141,6.545,-2.7766
impact,43605,sandbag (2).wav,0,a single sharp instant crack,415,1,0.2929,6.489,-2.9676
impact,443494,thud2.wav,0,a single sharp instant crack,415,1,0.6196,6.292,-1.495
impact,445775,Metal thud.WAV,0,a single sharp instant crack,415,1,0.7762,7.3082,-1.3751
impact,447892,SYNTH THUD,1,a dry organic recorded thud,335,0,0.5406,0.1951,-1.1762
impact,447922,"Thud / Falling on wooden floor / Snapping, breaking neck",0,a single sharp instant crack,415,1,0.4724,4.9887,-1.7193
impact,449955,Wooden Thud (Mono),0,a single sharp instant crack,415,1,0.5528,5.3613,-1.6702
impact,450818,window slide closed slam thud wood glass.wav,0,a single sharp instant crack,415,1,0.3283,8.2224,-2.074
impact,451327,bucket plastic down on hard surface thud on offmic India.flac,0,a single sharp instant crack,415,1,0.6288,8.8452,-1.8176
impact,452504,heel down on floor hit thud.flac,0,a single sharp instant crack,415,1,0.6269,6.1482,-3.1152
impact,454222,thud pint glass beer down on table wood knock door Vows.flac,0,a single sharp instant crack,415,1,0.6813,6.2437,-0.4606
impact,455183,metal hit 2.wav,0,a single sharp instant crack,415,1,0.5043,6.5306,3.9569
impact,455184,metal hit 1.wav,0,a single sharp instant crack,415,1,0.4132,6.8014,3.8702
impact,455190,thud1.wav,0,a single sharp instant crack,415,1,0.4414,5.8311,1.176
impact,455191,thud2.wav,0,a single sharp instant crack,415,1,0.708,5.9103,1.1192
impact,457742,Low Pitch Knocking 1.wav,0,a single sharp instant crack,415,1,0.3244,5.2877,-1.3667
impact,464527,jump.wav,0,a single sharp instant crack,415,1,0.6029,5.8207,-3.1094
impact,464896,Loud Thud,0,a single sharp instant crack,415,1,0.5524,5.6771,-1.2516
impact,466202,Bonk.wav,0,a single sharp instant crack,415,1,0.6237,6.6232,0.8412
impact,466351,Thump.wav,0,a single sharp instant crack,415,1,0.5205,6.3919,-3.596
impact,467038,Buzzing Thud.wav,0,a single sharp instant crack,415,1,0.42,6.9935,-1.9012
impact,467041,Deep Thud.wav,0,a single sharp instant crack,415,1,0.6635,6.9372,-1.8382
impact,467045,Thuds.wav,0,a single sharp instant crack,415,1,0.4789,7.5898,-1.7599
impact,467052,Single Thud.wav,0,a single sharp instant crack,415,1,0.5702,7.2821,-1.881
impact,478011,01152015,1,a dry organic recorded thud,335,0,0.4335,-0.7721,-0.5399
impact,484380,BLANHKKK MMV.wav,1,a dry organic recorded thud,335,0,0.651,-0.1262,-1.6624
impact,492873,Thud3.wav,1,a dry organic recorded thud,335,0,0.6769,4.8553,-1.6301
impact,492908,Thud2.wav,1,a dry organic recorded thud,335,0,0.5498,4.6256,-1.5285
impact,492927,Thud1.wav,1,a dry organic recorded thud,335,0,0.6215,4.7252,-1.4783
impact,494926,Thud.wav,1,a dry organic recorded thud,335,0,0.4305,5.2921,-2.3397
impact,494930,Thud4.wav,1,a dry organic recorded thud,335,0,0.6746,5.134,-1.763
impact,494931,Thud3.wav,0,a single sharp instant crack,415,1,0.6556,5.3159,-1.4429
impact,494932,Thud2.wav,1,a dry organic recorded thud,335,0,0.492,5.1755,-2.2962
impact,496187,Light Body thud (on clothing),0,a single sharp instant crack,415,1,0.5361,6.2554,-3.1566
impact,497544,Swish hit (13lrs).wav,0,a single sharp instant crack,415,1,0.294,4.1561,-2.5585
impact,497933,7) Plastic bag.WAV,0,a single sharp instant crack,415,1,0.3368,5.7056,-2.0676
impact,514280,Eletro Hit #4,1,a dry organic recorded thud,335,0,0.315,-1.1396,-0.206
impact,516321,Tree Hit and Scrape,0,a single sharp instant crack,415,1,0.4336,5.5462,-1.875
impact,517864,Eletro Hit #7,1,a dry organic recorded thud,335,0,0.3411,-1.0402,-0.3174
impact,51816,thud bassy bump2.aiff,1,a dry organic recorded thud,335,0,0.5583,5.2142,-2.1734
impact,51817,thud bassy slam.aiff,1,a dry organic recorded thud,335,0,0.4273,5.562,-2.4794
impact,520677,Tambourine Hit Horizontal,0,a single sharp instant crack,415,1,0.1084,7.7814,3.3602
impact,527525,Vibrating Thud,1,a dry organic recorded thud,335,0,0.486,1.285,-0.7416
impact,529396,thump_thud_slam_fist_heavy.wav,0,a single sharp instant crack,415,1,0.5219,5.5078,-2.1572
impact,533385,Rattle_Hit_strong.wav,0,a single sharp instant crack,415,1,-0.0721,7.8712,3.1746
impact,533819,"8-bit ""Thud"" SFX",1,a dry organic recorded thud,335,0,0.4915,0.3341,-2.9285
impact,536766,Thud.ogg,0,a single sharp instant crack,415,1,0.5149,5.1289,-2.1139
impact,537213,"Drawer open, drawer close, clang, bang, thud, jangle",0,a single sharp instant crack,415,1,0.2059,8.1369,-2.0317
impact,539177,FX - Stone hitting big stone,0,a single sharp instant crack,415,1,0.5827,5.0424,-2.0783
impact,547040,Hit Swing Sword Small 2,1,a dry organic recorded thud,335,0,0.4409,4.3716,-2.6826
impact,547041,Hit Swing Sword Small 3,1,a dry organic recorded thud,335,0,0.5361,4.3705,-2.7143
impact,547042,Hit Impact Sword 3,1,a dry organic recorded thud,335,0,0.4705,4.329,-2.662
impact,547579,Hitting Cabbage Against Wooden Door Frame 3.wav,0,a single sharp instant crack,415,1,0.6063,5.6457,-3.1628
impact,547580,Hitting Cabbage Against Wooden Door Frame 1.wav,0,a single sharp instant crack,415,1,0.5642,5.8442,-3.1773
impact,547583,Dropping Compost Bag on Floor.wav,0,a single sharp instant crack,415,1,0.4752,5.5326,-2.8828
impact,547584,Dropping Plastic Brick in Grit.wav,0,a single sharp instant crack,415,1,0.46,5.7573,-2.7284
impact,547593,Closing Bathroom Cabinet Door.wav,0,a single sharp instant crack,415,1,0.7237,6.2268,-0.7204
impact,554145,"Swish hit. Metal impact(11lrs,mltprcssng).wav",1,a dry organic recorded thud,335,0,0.4852,4.246,-2.5887
impact,556914,03_D#_death_metal_guitar_hit.wav,1,a dry organic recorded thud,335,0,0.5328,-1.8006,0.2106
impact,556915,02_D_death_metal_guitar_hit.wav,1,a dry organic recorded thud,335,0,0.598,-1.7487,0.1793
impact,556916,01_C#_death_metal_guitar_hit.wav,1,a dry organic recorded thud,335,0,0.5783,-1.6938,0.1339
impact,556917,00_C_death_metal_guitar_hit.wav,1,a dry organic recorded thud,335,0,0.5926,-1.8017,0.1904
impact,556918,04_E._death_metal_guitar_hit.wav,1,a dry organic recorded thud,335,0,0.5,-1.8296,0.2398
impact,556920,12_C_death_metal_guitar_hit.wav,1,a dry organic recorded thud,335,0,0.5093,-1.7865,0.2617
impact,556922,13_C#_death_metal_guitar_hit.wav,1,a dry organic recorded thud,335,0,0.4543,-1.8307,0.2384
impact,556923,08_G#_death_metal_guitar_hit.wav,1,a dry organic recorded thud,335,0,0.5153,-1.8126,0.222
impact,556924,07_G_death_metal_guitar_hit.wav,1,a dry organic recorded thud,335,0,0.4691,-1.854,0.2507
impact,556925,06_F#_death_metal_guitar_hit.wav,1,a dry organic recorded thud,335,0,0.4977,-1.832,0.2357
impact,556926,05_F_death_metal_guitar_hit.wav,1,a dry organic recorded thud,335,0,0.4869,-1.7988,0.2211
impact,556927,10_Bb_death_metal_guitar_hit.wav,1,a dry organic recorded thud,335,0,0.4861,-1.8793,0.2851
impact,560333,Battering End of Battery into Wooden Panel 4.wav,0,a single sharp instant crack,415,1,0.5691,7.9661,1.2667
impact,560334,Battering End of Battery into Wooden Panel 3.wav,0,a single sharp instant crack,415,1,0.5899,7.9418,1.2999
impact,560335,Battering End of Battery into Wooden Panel 2.wav,0,a single sharp instant crack,415,1,0.5795,8.0635,1.2621
impact,560336,Battering End of Battery into Wooden Panel 1.wav,0,a single sharp instant crack,415,1,0.5802,7.9396,1.2676
impact,561608,"Drumstick, wood, hit, tap stick-001.wav",0,a single sharp instant crack,415,1,0.4368,9.7627,2.0827
impact,561611,"Drumstick, wood, hit, tap stick-004.wav",0,a single sharp instant crack,415,1,0.446,9.7295,2.0485
impact,561612,"Drumstick, wood, hit, tap stick-005.wav",0,a single sharp instant crack,415,1,0.4089,9.7944,2.0984
impact,561615,"Drumstick, wood, hit, tap, stick, drop, Impact, scrape-001.wav",0,a single sharp instant crack,415,1,0.3061,9.9616,2.2169
impact,561617,"Drumstick, wood, hit, tap, stick, drop, Impact, scrape-003.wav",0,a single sharp instant crack,415,1,0.4088,9.9461,2.2286
impact,561618,"Drumstick, wood, hit, tap, stick, drop, Impact, scrape-004.wav",0,a single sharp instant crack,415,1,0.3709,9.9478,2.2325
impact,561619,"Drumstick, wood, hit, tap, stick, drop, Impact, scrape-005.wav",0,a single sharp instant crack,415,1,0.2659,9.9404,2.239
impact,561622,"Drumstick, wood, hit, tap, stick, drop, Impact, scrape-008.wav",0,a single sharp instant crack,415,1,0.3778,9.9472,2.238
impact,561623,"Drumstick, wood, hit, tap, stick, drop, Impact, scrape-009.wav",0,a single sharp instant crack,415,1,0.3155,9.9539,2.213
impact,561625,"Drumstick, wood, hit, tap, stick, drop, Impact-002.wav",0,a single sharp instant crack,415,1,0.3549,9.9631,2.2532
impact,561627,"Drumstick, wood, hit, tap, stick, drop, Impact-004.wav",0,a single sharp instant crack,415,1,0.2558,9.9299,2.2565
impact,561628,"Drumstick, wood, hit, tap, stick, drop, Impact-005.wav",0,a single sharp instant crack,415,1,0.4305,9.934,2.2192
impact,561638,"Drumstick, wood, tap, stick, Doube Hit-001.wav",0,a single sharp instant crack,415,1,0.3681,9.763,2.0741
impact,561639,"Drumstick, wood, tap, stick, series of Hits.wav",0,a single sharp instant crack,415,1,0.4057,9.6937,2.0284
impact,561654,Hit Punch cloth pillow bedding-029.wav,0,a single sharp instant crack,415,1,0.4905,6.4062,-3.6972
impact,561655,Hit Punch cloth pillow bedding-030.wav,0,a single sharp instant crack,415,1,0.4222,6.5491,-3.8383
impact,561656,Hit Punch cloth pillow bedding-031.wav,0,a single sharp instant crack,415,1,0.5062,6.5857,-3.8131
impact,562008,"Metalic hit, ring, bell, drinkbottle, hit_96Khz_Mono_ZoomH4n_NT5-001.wav",0,a single sharp instant crack,415,1,0.4264,6.538,4.0627
impact,562009,"Metalic hit, ring, bell, drinkbottle, hit_96Khz_Mono_ZoomH4n_NT5-003.wav",0,a single sharp instant crack,415,1,0.4236,6.4676,3.9532
impact,562010,"Metalic hit, ring, bell, drinkbottle, hit_96Khz_Mono_ZoomH4n_NT5-005.wav",0,a single sharp instant crack,415,1,0.4631,6.4704,3.9483
impact,562011,"Metalic hit, ring, bell, drinkbottle, hit_96Khz_Mono_ZoomH4n_NT5-007.wav",0,a single sharp instant crack,415,1,0.4688,6.4773,3.9593
impact,562012,"Metalic hit, ring, bell, drinkbottle, multiple hits_96Khz_Mono_ZoomH4n_NT5.wav",0,a single sharp instant crack,415,1,0.4151,6.4496,3.9429
impact,562041,Pillow hit Single Hit punch whack 002.wav,0,a single sharp instant crack,415,1,0.5503,6.0886,-3.5581
impact,562042,Pillow hit Single Hit punch whack 004.wav,0,a single sharp instant crack,415,1,0.5122,5.9974,-3.4987
impact,562043,Pillow hit Single Hit punch whack 007.wav,0,a single sharp instant crack,415,1,0.4856,6.0255,-3.6135
impact,562044,Pillow hit Single Hit punch whack 014.wav,0,a single sharp instant crack,415,1,0.5973,6.0823,-3.5927
impact,562083,thud bang close hit.wav,0,a single sharp instant crack,415,1,0.4924,7.7497,-2.2927
impact,563172,Sword_Hit_Wood_2.wav,0,a single sharp instant crack,415,1,0.6027,4.4935,0.0523
impact,563223,1 Can hit tile floor.wav,0,a single sharp instant crack,415,1,0.2782,6.4177,3.8735
impact,568376,Eletro Hit #8,1,a dry organic recorded thud,335,0,0.4465,-1.322,-0.0699
impact,570534,Laying Down Large Stone on Pile of Large Stones 1.wav,0,a single sharp instant crack,415,1,0.3922,8.3251,-0.5552
impact,571697,Cotton Thud 6.wav,0,a single sharp instant crack,415,1,0.432,6.5719,-3.8953
impact,571698,Cotton Thud 7.wav,0,a single sharp instant crack,415,1,0.4112,6.7313,-3.944
impact,571703,Pillow Hitting Floor 4.wav,0,a single sharp instant crack,415,1,0.4272,6.5354,-3.8077
impact,571704,Pillow Hitting Floor 7.wav,0,a single sharp instant crack,415,1,0.4972,6.6608,-4.1017
impact,571707,Hand Thud 8.wav,0,a single sharp instant crack,415,1,0.3215,6.8534,-4.4111
impact,571716,Cotton Thud 3.wav,0,a single sharp instant crack,415,1,0.3959,6.768,-4.168
impact,571717,Cotton Thud 2.wav,0,a single sharp instant crack,415,1,0.5316,6.7643,-4.0596
impact,571718,Cotton Thud 1.wav,0,a single sharp instant crack,415,1,0.3526,6.73,-4.0958
impact,571721,Cotton Thud 5.wav,0,a single sharp instant crack,415,1,0.3324,6.6472,-3.9579
impact,571722,Cotton Thud 4.wav,0,a single sharp instant crack,415,1,0.394,6.6836,-4.0744
impact,571724,Hand Thud 4.wav,0,a single sharp instant crack,415,1,0.2853,6.8196,-4.3695
impact,571725,Hand Thud 3.wav,0,a single sharp instant crack,415,1,0.2335,6.8278,-4.3683
impact,571733,Hand Thud 10.wav,0,a single sharp instant crack,415,1,0.4013,6.8919,-4.4412
impact,571734,Hand Thud 1.wav,0,a single sharp instant crack,415,1,0.3058,6.8249,-4.3672
impact,571735,Hand Thud 2.wav,0,a single sharp instant crack,415,1,0.3493,6.8024,-4.3499
impact,571736,Hand Thud 11.wav,0,a single sharp instant crack,415,1,0.4153,6.925,-4.4731
impact,572753,Knocking into Pile of Large Stones 1.wav,0,a single sharp instant crack,415,1,0.3486,8.263,-0.6802
impact,572754,Scraping and Clunking Large Stone 1.wav,0,a single sharp instant crack,415,1,0.2668,8.2461,-0.7365
impact,572758,Stepping on Pile of Large Stones 1.wav,0,a single sharp instant crack,415,1,0.2581,8.1986,-0.74
impact,574445,Kicking Large Stones Down Shoreline on Stony Beach 5.wav,0,a single sharp instant crack,415,1,0.365,8.3077,-0.5685
impact,574446,Kicking Large Stones Down Shoreline on Stony Beach 4.wav,0,a single sharp instant crack,415,1,0.2495,8.2834,-0.3861
impact,574447,Kicking Large Stones Down Shoreline on Stony Beach 3.wav,0,a single sharp instant crack,415,1,0.3299,8.3212,-0.3555
impact,574448,Kicking Large Stones Down Shoreline on Stony Beach 1.wav,0,a single sharp instant crack,415,1,0.369,8.3033,-0.3846
impact,574449,Pushing Large Stones Down Shoreline on Stony Beach 2.wav,0,a single sharp instant crack,415,1,0.2993,8.3301,-0.3659
impact,574450,Pushing Large Stones Down Shoreline on Stony Beach 1.wav,0,a single sharp instant crack,415,1,0.4128,8.3575,-0.5335
impact,581558,Metal Bars_Hit1.wav,0,a single sharp instant crack,415,1,0.4124,7.3334,3.6391
impact,581559,Metal Bars_Hit4.wav,0,a single sharp instant crack,415,1,0.3511,7.3726,3.5973
impact,581560,Metal Bars_Hit3.wav,0,a single sharp instant crack,415,1,0.3485,7.3694,3.5928
impact,581561,Metal Bars_Hit2.wav,0,a single sharp instant crack,415,1,0.3575,7.367,3.6159
impact,581562,Metal Bars_Hit10.wav,0,a single sharp instant crack,415,1,0.3646,7.3089,3.6636
impact,581563,Metal Bars_Hit6.wav,0,a single sharp instant crack,415,1,0.3726,7.341,3.6387
impact,581564,Metal Bars_Hit5.wav,0,a single sharp instant crack,415,1,0.3434,7.2359,3.7162
impact,581565,Metal Bars_Hit8.wav,0,a single sharp instant crack,415,1,0.3727,7.3673,3.6114
impact,581566,Metal Bars_Hit7.wav,0,a single sharp instant crack,415,1,0.3605,7.2807,3.6837
impact,581568,Metal Bars_Hit9.wav,0,a single sharp instant crack,415,1,0.3292,7.3878,3.5916
impact,584293,Falling Thud,0,a single sharp instant crack,415,1,0.4999,5.5386,-2.5053
impact,584731,thud hits wav,0,a single sharp instant crack,415,1,0.3752,5.1561,-1.014
impact,585258,metal-multi-hits.mp3,0,a single sharp instant crack,415,1,0.3708,6.69,3.9614
impact,585575,Metal Thud,0,a single sharp instant crack,415,1,0.6118,6.452,3.8124
impact,588504,MetalGateUnlock.wav,0,a single sharp instant crack,415,1,0.3744,8.0611,-1.8322
impact,588508,SlidingDoorWithThud.wav,0,a single sharp instant crack,415,1,0.3195,8.0756,-2.0247
impact,594623,Kicking rock wall and almost falling.,0,a single sharp instant crack,415,1,0.5011,6.235,-2.6783
impact,610164,009 Pies corriendo 1/thud.wav,0,a single sharp instant crack,415,1,0.5142,6.6766,-2.747
impact,610165,009 Pies coriendo 2/thud.wav,0,a single sharp instant crack,415,1,0.536,6.8401,-2.6127
impact,610168,011 caida/thud.wav,0,a single sharp instant crack,415,1,0.6714,6.9608,-2.4388
impact,610169,010 choque 1/thud.wav,0,a single sharp instant crack,415,1,0.7279,7.0985,-2.0162
impact,610186,027 golpe madera contra metal 2-PitchII_01.wav,0,a single sharp instant crack,415,1,0.4172,5.2698,-2.6857
impact,613290,bassy-thud.wav,0,a single sharp instant crack,415,1,0.4941,5.5664,-1.4212
impact,616199,Bumping Against Metal 2.wav,1,a dry organic recorded thud,335,0,0.5498,0.9825,-1.212
impact,616200,Bumps Against Metal 2.wav,1,a dry organic recorded thud,335,0,0.4832,1.0886,-0.8133
impact,616204,Sub Bass Kick Drum 8.wav,1,a dry organic recorded thud,335,0,0.4713,2.0957,-3.5015
impact,616205,Sub Bass Kick Drum 7.wav,1,a dry organic recorded thud,335,0,0.4467,2.0899,-3.4567
impact,616206,Sub Bass Kick Drum 6.wav,1,a dry organic recorded thud,335,0,0.4806,2.1258,-3.4113
impact,616207,Sub Bass Kick Drum 4.wav,1,a dry organic recorded thud,335,0,0.5041,2.0114,-3.5698
impact,616295,Dull_Thud_01.flac,0,a single sharp instant crack,415,1,0.6497,6.3396,1.1191
impact,620353,Whoosh+Sword_Hit Metal.wav,1,a dry organic recorded thud,335,0,0.3076,4.2587,-2.5991
impact,620354,Whoosh+Sword_Hit Flesh.wav,1,a dry organic recorded thud,335,0,0.4207,4.5783,-3.0103
impact,620355,Whoosh+Sword_Hit Armor.wav,0,a single sharp instant crack,415,1,0.3759,4.4554,-2.6593
impact,620434,Opening Garage Door Handle 9.wav,0,a single sharp instant crack,415,1,0.5083,7.9938,-1.6934
impact,620435,Opening Garage Door Handle 8.wav,0,a single sharp instant crack,415,1,0.54,7.9764,-1.6604
impact,620829,Bumping Cable Against Middle of Garage Door 1.wav,0,a single sharp instant crack,415,1,0.6069,6.3898,-3.352
impact,620830,Low Metal Thud 2.wav,0,a single sharp instant crack,415,1,0.6221,6.1334,1.4376
impact,625817,clap pool ball.wav,1,a dry organic recorded thud,335,0,0.435,0.4919,-1.286
impact,629976,Clothed Body Hit 2.wav,0,a single sharp instant crack,415,1,0.4686,5.9898,-2.977
impact,629977,Clothed Body Hit 1 .wav,0,a single sharp instant crack,415,1,0.5815,6.3209,-2.8108
impact,632535,cabinet_door_thump.wav,0,a single sharp instant crack,415,1,0.6593,7.3182,-3.0185
impact,637509,dumpster garbage bin lid heavy open thud1.flac,0,a single sharp instant crack,415,1,0.5056,7.5799,-2.1039
impact,637510,dumpster garbage bin lid heavy open thud2.flac,0,a single sharp instant crack,415,1,0.4651,7.7849,-2.0053
impact,637820,slot machine vending hits angry punches thud.flac,0,a single sharp instant crack,415,1,0.5403,6.1962,-1.855
impact,637973,water sink turn tap quick short thud squeak water run a little.flac,0,a single sharp instant crack,415,1,0.2681,6.7636,4.7393
impact,638613,metal-thud.wav,0,a single sharp instant crack,415,1,0.6992,6.004,0.979
impact,640204,Heavy Metal Thud on Ground,1,a dry organic recorded thud,335,0,0.6679,5.0062,-1.7542
impact,640877,thud-hit,1,a dry organic recorded thud,335,0,0.5424,5.4214,-1.2707
impact,648226,ExoForm_Thinking Fish_perc_3.wav,1,a dry organic recorded thud,335,0,0.2694,3.2312,-2.3231
impact,648227,ExoForm_Thinking Fish_perc_4.wav,1,a dry organic recorded thud,335,0,0.4626,2.9004,-2.5919
impact,648228,ExoForm_Thinking Fish_perc_1.wav,1,a dry organic recorded thud,335,0,0.419,0.6731,-2.1599
impact,648229,ExoForm_Thinking Fish_perc_2.wav,1,a dry organic recorded thud,335,0,0.159,3.294,-2.2165
impact,648230,ExoForm_Thinking Fish_perc_5.wav,1,a dry organic recorded thud,335,0,0.3841,3.3884,-2.2662
impact,648231,ExoForm_Thinking Fish_BD_4.wav,0,a single sharp instant crack,415,1,0.382,2.3725,-3.2374
impact,648232,ExoForm_Thinking Fish_BD_3.wav,1,a dry organic recorded thud,335,0,0.4462,2.5298,-3.1166
impact,648233,ExoForm_Thinking Fish_BD_2.wav,1,a dry organic recorded thud,335,0,0.2869,3.1915,-2.3443
impact,648234,ExoForm_110_Thinking Fish_Loop_9.wav,0,a single sharp instant crack,415,1,0.1091,8.1366,-0.4186
impact,648235,ExoForm_Thinking Fish_SN_3.wav,1,a dry organic recorded thud,335,0,0.2345,3.5884,-2.1814
impact,653370,DullThud.wav,0,a single sharp instant crack,415,1,0.6774,6.0817,-0.4726
impact,660770,Hit Impact,1,a dry organic recorded thud,335,0,0.4139,4.4719,-3.0594
impact,669475,Delay Noise Thud,1,a dry organic recorded thud,335,0,0.6435,0.5421,-1.2504
impact,671097,metal_hit_2.wav,0,a single sharp instant crack,415,1,0.4875,5.5638,1.1064
impact,67350,Stapler_Hands_03.wav,0,a single sharp instant crack,415,1,0.1541,7.4063,0.7448
impact,676461,Hit 1,0,a single sharp instant crack,415,1,0.3535,4.8539,-3.3227
impact,676462,Hit 2,0,a single sharp instant crack,415,1,0.3447,4.7607,-3.2169
impact,676463,Hit 3,0,a single sharp instant crack,415,1,0.3387,4.7332,-3.2678
impact,676464,Hit 4,1,a dry organic recorded thud,335,0,0.4179,4.7162,-3.2793
impact,676465,Hit 5,1,a dry organic recorded thud,335,0,0.5537,4.5388,-3.2431
impact,676466,Hit 6,0,a single sharp instant crack,415,1,0.5196,5.0526,-3.1629
impact,678424,hardhit3 (full hard hits).mp3,0,a single sharp instant crack,415,1,0.6061,5.4984,-1.4047
impact,679461,metal_door_close.wav,0,a single sharp instant crack,415,1,0.2077,8.0317,-1.6721
impact,679774,Quiet Thud,0,a single sharp instant crack,415,1,0.396,6.0043,-2.3464
impact,680412,Metal Pot Hit 2.wav,0,a single sharp instant crack,415,1,0.4247,6.4146,3.8802
impact,682643,MetalThud.wav,0,a single sharp instant crack,415,1,0.7565,7.4152,-1.4752
impact,686282,slightmetallicthud.mp3,0,a single sharp instant crack,415,1,0.6064,5.9664,1.0306
impact,689246,Rubber Band Thud.wav,1,a dry organic recorded thud,335,0,0.7633,1.0531,-1.4175
impact,690076,Small object hit wood.wav,0,a single sharp instant crack,415,1,0.3843,7.8347,1.3414
impact,697751,METLImpt_Metal Resonant Deep Thud_SDFY_Metal Resonant.wav,0,a single sharp instant crack,415,1,0.518,6.1474,1.3623
impact,707336,"Slamming book closed rapidly, loud.wav",0,a single sharp instant crack,415,1,0.3972,6.0491,-3.3919
impact,70870,Hit avec pedale 1.aif,0,a single sharp instant crack,415,1,0.3353,6.1537,2.0495
impact,70871,Hit avec pedale 2.aif,0,a single sharp instant crack,415,1,0.2657,6.1542,2.0223
impact,709991,Plastic crinkle thud recycling bin,0,a single sharp instant crack,415,1,0.3917,6.2302,-2.1437
impact,711443,object falling on grass,0,a single sharp instant crack,415,1,0.5366,5.9061,-3.2406
impact,712457,woodthud,0,a single sharp instant crack,415,1,0.5302,5.6105,-1.3314
impact,717721,Metal hit with dull ringouts,0,a single sharp instant crack,415,1,0.5923,5.8946,1.0399
impact,723792,Phone falling onto hard carpet,0,a single sharp instant crack,415,1,0.381,6.8715,-3.9035
impact,732684,Wooden Object Thud,0,a single sharp instant crack,415,1,0.5494,7.1125,-2.5054
impact,732783,One Heavy Thud,0,a single sharp instant crack,415,1,0.6306,6.453,-1.4193
impact,746682,Cloth thud3,1,a dry organic recorded thud,335,0,0.5086,5.4316,-2.3889
impact,746683,Cloth thud4,0,a single sharp instant crack,415,1,0.4739,5.9379,-2.84
impact,746684,Cloth thud5,1,a dry organic recorded thud,335,0,0.4945,5.0878,-2.1276
impact,767043,Glass jar thudding against a wooden table,0,a single sharp instant crack,415,1,0.3171,7.6647,1.4046
impact,767058,Metal gate opening and closing,0,a single sharp instant crack,415,1,0.1758,8.2696,-1.6597
impact,781093,videogame sci-fi metalish damage efect,1,a dry organic recorded thud,335,0,0.5148,0.0398,0.6745
impact,781095,videogame sci-fi digital damage efect,1,a dry organic recorded thud,335,0,0.4046,0.282,1.1867
impact,789096,Dull Thud,0,a single sharp instant crack,415,1,0.53,6.1169,-2.8017
impact,790254,Heavy thud,0,a single sharp instant crack,415,1,0.547,5.931,-2.8625
impact,79245,Apple Flicking.wav,0,a single sharp instant crack,415,1,0.3334,7.5779,0.7972
impact,793970,kicks bass impacts subs by CVLTIV8R 129.wav,1,a dry organic recorded thud,335,0,0.6905,0.123,-1.4511
impact,793973,kicks bass impacts subs by CVLTIV8R 131.wav,1,a dry organic recorded thud,335,0,0.5127,2.029,-3.1933
impact,793974,kicks bass impacts subs by CVLTIV8R 132.wav,1,a dry organic recorded thud,335,0,0.6125,1.0763,-2.1162
impact,793975,kicks bass impacts subs by CVLTIV8R 133.wav,1,a dry organic recorded thud,335,0,0.6546,0.7615,-1.0583
impact,793976,kicks bass impacts subs by CVLTIV8R 134.wav,1,a dry organic recorded thud,335,0,0.6802,0.8484,-0.9669
impact,793977,kicks bass impacts subs by CVLTIV8R 135.wav,1,a dry organic recorded thud,335,0,0.7048,1.1833,-2.8314
impact,793979,kicks bass impacts subs by CVLTIV8R 137.wav,1,a dry organic recorded thud,335,0,0.6295,0.8646,-1.1252
impact,793980,kicks bass impacts subs by CVLTIV8R 138.wav,1,a dry organic recorded thud,335,0,0.6853,0.746,-2.6646
impact,793981,kicks bass impacts subs by CVLTIV8R 139.wav,1,a dry organic recorded thud,335,0,0.6672,1.0411,-3.6644
impact,793982,kicks bass impacts subs by CVLTIV8R 14.wav,1,a dry organic recorded thud,335,0,0.8252,1.1666,-2.8453
impact,793984,kicks bass impacts subs by CVLTIV8R 141.wav,1,a dry organic recorded thud,335,0,0.6912,1.541,-3.7894
impact,793985,kicks bass impacts subs by CVLTIV8R 142.wav,0,a single sharp instant crack,415,1,0.6854,6.138,-1.0218
impact,793986,kicks bass impacts subs by CVLTIV8R 143.wav,1,a dry organic recorded thud,335,0,0.607,0.251,-2.1363
impact,793987,kicks bass impacts subs by CVLTIV8R 144.wav,1,a dry organic recorded thud,335,0,0.8045,-0.1138,-2.3682
impact,793988,kicks bass impacts subs by CVLTIV8R 145.wav,1,a dry organic recorded thud,335,0,0.817,-0.1681,-1.7776
impact,793989,kicks bass impacts subs by CVLTIV8R 146.wav,1,a dry organic recorded thud,335,0,0.7346,1.6462,-3.7092
impact,793990,kicks bass impacts subs by CVLTIV8R 147.wav,1,a dry organic recorded thud,335,0,0.712,1.6152,-3.5896
impact,793992,kicks bass impacts subs by CVLTIV8R 149.wav,1,a dry organic recorded thud,335,0,0.4721,0.7325,-3.4265
impact,793993,kicks bass impacts subs by CVLTIV8R 15.wav,1,a dry organic recorded thud,335,0,0.7597,1.3816,-2.4916
impact,793994,kicks bass impacts subs by CVLTIV8R 150.wav,1,a dry organic recorded thud,335,0,0.5553,0.7179,-3.4426
impact,793995,kicks bass impacts subs by CVLTIV8R 151.wav,1,a dry organic recorded thud,335,0,0.4373,2.0277,-3.4343
impact,793996,kicks bass impacts subs by CVLTIV8R 152.wav,1,a dry organic recorded thud,335,0,0.5588,1.1391,-3.322
impact,793997,kicks bass impacts subs by CVLTIV8R 153.wav,1,a dry organic recorded thud,335,0,0.6287,0.6388,-2.7738
impact,793998,kicks bass impacts subs by CVLTIV8R 154.wav,1,a dry organic recorded thud,335,0,0.6712,1.7923,-3.4624
impact,793999,kicks bass impacts subs by CVLTIV8R 155.wav,1,a dry organic recorded thud,335,0,0.7646,0.7526,-3.1618
impact,794001,kicks bass impacts subs by CVLTIV8R 157.wav,1,a dry organic recorded thud,335,0,0.7796,-0.2011,-2.0087
impact,794002,kicks bass impacts subs by CVLTIV8R 158.wav,1,a dry organic recorded thud,335,0,0.4708,1.8786,-3.5092
impact,794003,kicks bass impacts subs by CVLTIV8R 159.wav,1,a dry organic recorded thud,335,0,0.7491,-0.1064,-2.3841
impact,794005,kicks bass impacts subs by CVLTIV8R 160.wav,1,a dry organic recorded thud,335,0,0.4908,0.5007,-2.4471
impact,794006,kicks bass impacts subs by CVLTIV8R 161.wav,1,a dry organic recorded thud,335,0,0.7336,0.5328,-2.5672
impact,794007,kicks bass impacts subs by CVLTIV8R 162.wav,1,a dry organic recorded thud,335,0,0.6795,0.5114,-2.9756
impact,794008,kicks bass impacts subs by CVLTIV8R 163.wav,1,a dry organic recorded thud,335,0,0.5824,1.5526,-3.7229
impact,794009,kicks bass impacts subs by CVLTIV8R 164.wav,1,a dry organic recorded thud,335,0,0.6372,0.2527,-3.0291
impact,794010,kicks bass impacts subs by CVLTIV8R 165.wav,1,a dry organic recorded thud,335,0,0.6109,0.6788,-3.2248
impact,794011,kicks bass impacts subs by CVLTIV8R 166.wav,1,a dry organic recorded thud,335,0,0.6493,1.0599,-3.3553
impact,794012,kicks bass impacts subs by CVLTIV8R 167.wav,1,a dry organic recorded thud,335,0,0.6363,0.9792,-3.2235
impact,794013,kicks bass impacts subs by CVLTIV8R 168.wav,1,a dry organic recorded thud,335,0,0.6113,0.8252,-3.2861
impact,794015,kicks bass impacts subs by CVLTIV8R 17.wav,1,a dry organic recorded thud,335,0,0.5885,0.8475,-2.6082
impact,794016,kicks bass impacts subs by CVLTIV8R 170.wav,1,a dry organic recorded thud,335,0,0.62,1.0578,-3.3555
impact,794017,kicks bass impacts subs by CVLTIV8R 171.wav,1,a dry organic recorded thud,335,0,0.5116,1.4854,-3.7143
impact,794018,kicks bass impacts subs by CVLTIV8R 172.wav,1,a dry organic recorded thud,335,0,0.5912,0.348,-2.9686
impact,794020,kicks bass impacts subs by CVLTIV8R 174.wav,1,a dry organic recorded thud,335,0,0.7347,-0.1501,-1.5293
impact,794021,kicks bass impacts subs by CVLTIV8R 175.wav,1,a dry organic recorded thud,335,0,0.547,1.9369,-3.4762
impact,794022,kicks bass impacts subs by CVLTIV8R 176.wav,1,a dry organic recorded thud,335,0,0.6106,1.5565,-3.157
impact,794023,kicks bass impacts subs by CVLTIV8R 177.wav,1,a dry organic recorded thud,335,0,0.5744,1.3468,-3.4748
impact,794024,kicks bass impacts subs by CVLTIV8R 178.wav,1,a dry organic recorded thud,335,0,0.6614,0.9889,-3.3926
impact,794025,kicks bass impacts subs by CVLTIV8R 179.wav,1,a dry organic recorded thud,335,0,0.5436,1.2195,-3.3397
impact,794026,kicks bass impacts subs by CVLTIV8R 18.wav,1,a dry organic recorded thud,335,0,0.8524,0.7245,-2.6131
impact,794028,kicks bass impacts subs by CVLTIV8R 181.wav,1,a dry organic recorded thud,335,0,0.6261,0.784,-3.5288
impact,794030,kicks bass impacts subs by CVLTIV8R 183.wav,1,a dry organic recorded thud,335,0,0.649,1.1419,-3.0736
impact,794032,kicks bass impacts subs by CVLTIV8R 185.wav,1,a dry organic recorded thud,335,0,0.6653,1.1266,-2.9321
impact,794034,kicks bass impacts subs by CVLTIV8R 187.wav,1,a dry organic recorded thud,335,0,0.6117,1.6144,-3.7866
impact,794035,kicks bass impacts subs by CVLTIV8R 188.wav,1,a dry organic recorded thud,335,0,0.5368,1.7313,-3.7888
impact,794036,kicks bass impacts subs by CVLTIV8R 189.wav,0,a single sharp instant crack,415,1,0.6669,6.0716,-0.9506
impact,794038,kicks bass impacts subs by CVLTIV8R 190.wav,0,a single sharp instant crack,415,1,0.7093,6.2717,-1.0187
impact,794039,kicks bass impacts subs by CVLTIV8R 191.wav,1,a dry organic recorded thud,335,0,0.6593,5.971,-1.0228
impact,794040,kicks bass impacts subs by CVLTIV8R 192.wav,1,a dry organic recorded thud,335,0,0.6982,-0.2208,-2.3977
impact,794041,kicks bass impacts subs by CVLTIV8R 196.wav,1,a dry organic recorded thud,335,0,0.6603,0.1135,-1.1508
impact,794042,kicks bass impacts subs by CVLTIV8R 197.wav,1,a dry organic recorded thud,335,0,0.7022,0.993,-1.4391
impact,794043,kicks bass impacts subs by CVLTIV8R 198.wav,1,a dry organic recorded thud,335,0,0.7099,0.7794,-1.5767
impact,794044,kicks bass impacts subs by CVLTIV8R 199.wav,1,a dry organic recorded thud,335,0,0.7671,0.4226,-2.0285
impact,794045,kicks bass impacts subs by CVLTIV8R 2.wav,1,a dry organic recorded thud,335,0,0.7169,0.6336,-2.9197
impact,794046,kicks bass impacts subs by CVLTIV8R 20.wav,1,a dry organic recorded thud,335,0,0.7029,1.2318,-2.2575
impact,794047,kicks bass impacts subs by CVLTIV8R 200.wav,1,a dry organic recorded thud,335,0,0.7272,0.9289,-1.5175
impact,794049,kicks bass impacts subs by CVLTIV8R 202.wav,1,a dry organic recorded thud,335,0,0.8089,1.2404,-2.3284
impact,794050,kicks bass impacts subs by CVLTIV8R 203.wav,1,a dry organic recorded thud,335,0,0.7454,0.6629,-1.9048
impact,794051,kicks bass impacts subs by CVLTIV8R 204.wav,1,a dry organic recorded thud,335,0,0.6815,0.1726,-0.9667
impact,794052,kicks bass impacts subs by CVLTIV8R 205.wav,1,a dry organic recorded thud,335,0,0.7372,0.7208,-0.8654
impact,794053,kicks bass impacts subs by CVLTIV8R 206.wav,1,a dry organic recorded thud,335,0,0.7606,0.8057,-1.6185
impact,794054,kicks bass impacts subs by CVLTIV8R 207.wav,1,a dry organic recorded thud,335,0,0.7097,-0.1357,-1.5914
impact,794056,kicks bass impacts subs by CVLTIV8R 209.wav,1,a dry organic recorded thud,335,0,0.7106,0.3397,-1.5684
impact,794057,kicks bass impacts subs by CVLTIV8R 21.wav,1,a dry organic recorded thud,335,0,0.7376,0.7213,-2.5163
impact,794058,kicks bass impacts subs by CVLTIV8R 210.wav,1,a dry organic recorded thud,335,0,0.6223,-0.2177,-0.5583
impact,794060,kicks bass impacts subs by CVLTIV8R 212.wav,1,a dry organic recorded thud,335,0,0.8083,0.0633,-1.795
impact,794061,kicks bass impacts subs by CVLTIV8R 213.wav,1,a dry organic recorded thud,335,0,0.5729,0.7821,-3.376
impact,794062,kicks bass impacts subs by CVLTIV8R 214.wav,1,a dry organic recorded thud,335,0,0.6214,0.0274,-1.0377
impact,794063,kicks bass impacts subs by CVLTIV8R 215.wav,1,a dry organic recorded thud,335,0,0.5333,1.0701,-0.5479
impact,794064,kicks bass impacts subs by CVLTIV8R 216.wav,1,a dry organic recorded thud,335,0,0.4465,0.0251,-1.1464
impact,794065,kicks bass impacts subs by CVLTIV8R 217.wav,1,a dry organic recorded thud,335,0,0.5338,1.1968,-3.5773
impact,794066,kicks bass impacts subs by CVLTIV8R 218.wav,1,a dry organic recorded thud,335,0,0.6885,0.0297,-1.2525
impact,794067,kicks bass impacts subs by CVLTIV8R 219.wav,1,a dry organic recorded thud,335,0,0.7564,1.0084,-2.9527
impact,794068,kicks bass impacts subs by CVLTIV8R 22.wav,1,a dry organic recorded thud,335,0,0.7397,0.6766,-1.1625
impact,794069,kicks bass impacts subs by CVLTIV8R 220.wav,1,a dry organic recorded thud,335,0,0.7385,0.131,-1.8495
impact,794070,kicks bass impacts subs by CVLTIV8R 221.wav,1,a dry organic recorded thud,335,0,0.7756,-0.0651,-1.9676
impact,794073,kicks bass impacts subs by CVLTIV8R 224.wav,1,a dry organic recorded thud,335,0,0.7302,-0.0304,-1.8534
impact,794074,kicks bass impacts subs by CVLTIV8R 225.wav,1,a dry organic recorded thud,335,0,0.7075,-0.0037,-1.9155
impact,794076,kicks bass impacts subs by CVLTIV8R 227.wav,1,a dry organic recorded thud,335,0,0.6957,0.8027,-3.3537
impact,794080,kicks bass impacts subs by CVLTIV8R 230.wav,1,a dry organic recorded thud,335,0,0.3896,-0.0744,-2.5263
impact,794081,kicks bass impacts subs by CVLTIV8R 231.wav,1,a dry organic recorded thud,335,0,0.6498,1.1726,-3.0217
impact,794083,kicks bass impacts subs by CVLTIV8R 233.wav,1,a dry organic recorded thud,335,0,0.7007,1.0288,-1.9723
impact,794085,kicks bass impacts subs by CVLTIV8R 235.wav,1,a dry organic recorded thud,335,0,0.6247,0.8966,-3.5438
impact,794087,kicks bass impacts subs by CVLTIV8R 237.wav,1,a dry organic recorded thud,335,0,0.5232,1.5131,-0.8453
impact,794088,kicks bass impacts subs by CVLTIV8R 238.wav,1,a dry organic recorded thud,335,0,0.7993,0.2566,-2.1644
impact,794089,kicks bass impacts subs by CVLTIV8R 239.wav,1,a dry organic recorded thud,335,0,0.7205,0.8059,-3.314
impact,794090,kicks bass impacts subs by CVLTIV8R 24.wav,1,a dry organic recorded thud,335,0,0.6265,1.2331,-3.1011
impact,794092,kicks bass impacts subs by CVLTIV8R 241.wav,1,a dry organic recorded thud,335,0,0.7452,1.4419,-3.4929
impact,794093,kicks bass impacts subs by CVLTIV8R 242.wav,1,a dry organic recorded thud,335,0,0.7952,0.2369,-2.3978
impact,794095,kicks bass impacts subs by CVLTIV8R 244.wav,1,a dry organic recorded thud,335,0,0.8279,0.2446,-1.8933
impact,794096,kicks bass impacts subs by CVLTIV8R 245.wav,1,a dry organic recorded thud,335,0,0.4702,1.6343,-0.7104
impact,794097,kicks bass impacts subs by CVLTIV8R 246.wav,1,a dry organic recorded thud,335,0,0.747,0.8921,-1.6
impact,794098,kicks bass impacts subs by CVLTIV8R 247.wav,1,a dry organic recorded thud,335,0,0.7455,0.5859,-1.502
impact,794099,kicks bass impacts subs by CVLTIV8R 248.wav,1,a dry organic recorded thud,335,0,0.3737,1.5676,-0.6719
impact,794100,kicks bass impacts subs by CVLTIV8R 249.wav,1,a dry organic recorded thud,335,0,0.8749,0.0935,-2.1858
impact,794101,kicks bass impacts subs by CVLTIV8R 25.wav,1,a dry organic recorded thud,335,0,0.8315,0.7525,-1.7153
impact,794102,kicks bass impacts subs by CVLTIV8R 250.wav,1,a dry organic recorded thud,335,0,0.6368,0.137,-1.1935
impact,794103,kicks bass impacts subs by CVLTIV8R 251.wav,1,a dry organic recorded thud,335,0,0.7386,0.2808,-2.0109
impact,794105,kicks bass impacts subs by CVLTIV8R 253.wav,1,a dry organic recorded thud,335,0,0.5614,-1.4314,-0.0226
impact,794106,kicks bass impacts subs by CVLTIV8R 254.wav,1,a dry organic recorded thud,335,0,0.7543,1.0514,-1.4262
impact,794107,kicks bass impacts subs by CVLTIV8R 255.wav,1,a dry organic recorded thud,335,0,0.6626,0.4494,-0.8763
impact,794108,kicks bass impacts subs by CVLTIV8R 256.wav,1,a dry organic recorded thud,335,0,0.6829,0.4029,-1.0383
impact,794109,kicks bass impacts subs by CVLTIV8R 257.wav,1,a dry organic recorded thud,335,0,0.7135,0.9471,-2.8576
impact,794111,kicks bass impacts subs by CVLTIV8R 259.wav,1,a dry organic recorded thud,335,0,0.6923,0.7336,-0.6632
impact,794112,kicks bass impacts subs by CVLTIV8R 26.wav,1,a dry organic recorded thud,335,0,0.6798,0.9228,-1.2498
impact,794113,kicks bass impacts subs by CVLTIV8R 260.wav,1,a dry organic recorded thud,335,0,0.6438,0.9277,-2.3924
impact,794114,kicks bass impacts subs by CVLTIV8R 261.wav,1,a dry organic recorded thud,335,0,0.6382,0.3697,-0.4433
impact,794115,kicks bass impacts subs by CVLTIV8R 262.wav,1,a dry organic recorded thud,335,0,0.4775,1.5591,-0.5519
impact,794116,kicks bass impacts subs by CVLTIV8R 263.wav,1,a dry organic recorded thud,335,0,0.6508,1.3306,-2.3011
impact,794117,kicks bass impacts subs by CVLTIV8R 27.wav,1,a dry organic recorded thud,335,0,0.6757,0.8529,-1.0577
impact,794118,kicks bass impacts subs by CVLTIV8R 28.wav,1,a dry organic recorded thud,335,0,0.5965,-0.053,-0.5308
impact,794120,kicks bass impacts subs by CVLTIV8R 3.wav,1,a dry organic recorded thud,335,0,0.5321,-0.1314,-2.5638
impact,794121,kicks bass impacts subs by CVLTIV8R 30.wav,1,a dry organic recorded thud,335,0,0.437,-1.6746,0.1208
impact,794122,kicks bass impacts subs by CVLTIV8R 31.wav,1,a dry organic recorded thud,335,0,0.7245,0.8153,-0.4404
impact,794123,kicks bass impacts subs by CVLTIV8R 32.wav,1,a dry organic recorded thud,335,0,0.8055,0.9153,-1.0177
impact,794124,kicks bass impacts subs by CVLTIV8R 33.wav,1,a dry organic recorded thud,335,0,0.5855,0.414,-3.3998
impact,794125,kicks bass impacts subs by CVLTIV8R 34.wav,1,a dry organic recorded thud,335,0,0.7643,0.4835,-3.347
impact,794126,kicks bass impacts subs by CVLTIV8R 35.wav,1,a dry organic recorded thud,335,0,0.5699,0.4088,-0.4614
impact,794127,kicks bass impacts subs by CVLTIV8R 36.wav,1,a dry organic recorded thud,335,0,0.5822,0.0993,-0.5593
impact,794128,kicks bass impacts subs by CVLTIV8R 37.wav,1,a dry organic recorded thud,335,0,0.7515,-0.1178,-1.7936
impact,794129,kicks bass impacts subs by CVLTIV8R 38.wav,1,a dry organic recorded thud,335,0,0.6242,0.1583,-0.5498
impact,794130,kicks bass impacts subs by CVLTIV8R 39.wav,1,a dry organic recorded thud,335,0,0.6286,0.4734,-3.343
impact,794131,kicks bass impacts subs by CVLTIV8R 4.wav,1,a dry organic recorded thud,335,0,0.7734,1.0497,-2.904
impact,794132,kicks bass impacts subs by CVLTIV8R 40.wav,1,a dry organic recorded thud,335,0,0.5879,-0.0997,-1.4092
impact,794133,kicks bass impacts subs by CVLTIV8R 41.wav,1,a dry organic recorded thud,335,0,0.5984,0.3976,0.7399
impact,794134,kicks bass impacts subs by CVLTIV8R 42.wav,1,a dry organic recorded thud,335,0,0.4218,-0.245,-0.7365
impact,794135,kicks bass impacts subs by CVLTIV8R 43.wav,1,a dry organic recorded thud,335,0,0.8723,0.693,-1.2757
impact,794136,kicks bass impacts subs by CVLTIV8R 44.wav,1,a dry organic recorded thud,335,0,0.7313,0.6938,-1.6246
impact,794137,kicks bass impacts subs by CVLTIV8R 45.wav,1,a dry organic recorded thud,335,0,0.733,0.3655,-2.2451
impact,794139,kicks bass impacts subs by CVLTIV8R 47.wav,1,a dry organic recorded thud,335,0,0.5909,0.4008,-3.4241
impact,794140,kicks bass impacts subs by CVLTIV8R 48.wav,1,a dry organic recorded thud,335,0,0.2851,0.0916,-0.5738
impact,794141,kicks bass impacts subs by CVLTIV8R 49.wav,1,a dry organic recorded thud,335,0,0.8116,1.041,-2.6745
impact,794142,kicks bass impacts subs by CVLTIV8R 5.wav,1,a dry organic recorded thud,335,0,0.8024,0.8011,-2.6828
impact,794143,kicks bass impacts subs by CVLTIV8R 50.wav,1,a dry organic recorded thud,335,0,0.6369,-0.1751,-1.5965
impact,794144,kicks bass impacts subs by CVLTIV8R 51.wav,1,a dry organic recorded thud,335,0,0.6364,1.0833,-0.8791
impact,794145,kicks bass impacts subs by CVLTIV8R 52.wav,1,a dry organic recorded thud,335,0,0.7617,0.9936,-1.4737
impact,794146,kicks bass impacts subs by CVLTIV8R 53.wav,1,a dry organic recorded thud,335,0,0.6158,0.473,-3.3948
impact,794147,kicks bass impacts subs by CVLTIV8R 54.wav,1,a dry organic recorded thud,335,0,0.7477,-0.2682,-1.9113
impact,794148,kicks bass impacts subs by CVLTIV8R 55.wav,1,a dry organic recorded thud,335,0,0.5813,0.0591,-0.9238
impact,794149,kicks bass impacts subs by CVLTIV8R 56.wav,1,a dry organic recorded thud,335,0,0.3745,0.8972,-2.7885
impact,794150,kicks bass impacts subs by CVLTIV8R 57.wav,1,a dry organic recorded thud,335,0,0.6584,0.5367,-3.4138
impact,794151,kicks bass impacts subs by CVLTIV8R 58.wav,1,a dry organic recorded thud,335,0,0.6912,1.0758,-0.3737
impact,794152,kicks bass impacts subs by CVLTIV8R 59.wav,1,a dry organic recorded thud,335,0,0.6782,0.4921,0.3608
impact,794153,kicks bass impacts subs by CVLTIV8R 6.wav,1,a dry organic recorded thud,335,0,0.7756,0.5454,-3.2703
impact,794154,kicks bass impacts subs by CVLTIV8R 60.wav,1,a dry organic recorded thud,335,0,0.7475,0.9725,-0.9964
impact,794155,kicks bass impacts subs by CVLTIV8R 61.wav,1,a dry organic recorded thud,335,0,0.3341,0.4484,-3.4881
impact,794156,kicks bass impacts subs by CVLTIV8R 62.wav,1,a dry organic recorded thud,335,0,0.7928,0.8868,-1.0118
impact,794157,kicks bass impacts subs by CVLTIV8R 63.wav,1,a dry organic recorded thud,335,0,0.7128,-0.1766,-1.5386
impact,794158,kicks bass impacts subs by CVLTIV8R 64.wav,1,a dry organic recorded thud,335,0,0.6391,0.3525,-0.2057
impact,794159,kicks bass impacts subs by CVLTIV8R 65.wav,1,a dry organic recorded thud,335,0,0.7276,0.3815,-1.5887
impact,794160,kicks bass impacts subs by CVLTIV8R 66.wav,1,a dry organic recorded thud,335,0,0.5773,0.4583,-2.4517
impact,794161,kicks bass impacts subs by CVLTIV8R 67.wav,1,a dry organic recorded thud,335,0,0.5594,0.5289,-2.5765
impact,794162,kicks bass impacts subs by CVLTIV8R 68.wav,1,a dry organic recorded thud,335,0,0.8037,0.3443,-1.6
impact,794163,kicks bass impacts subs by CVLTIV8R 69.wav,1,a dry organic recorded thud,335,0,0.5669,0.0937,-0.6301
impact,794164,kicks bass impacts subs by CVLTIV8R 7.wav,1,a dry organic recorded thud,335,0,0.7445,0.5104,-1.796
impact,794165,kicks bass impacts subs by CVLTIV8R 70.wav,1,a dry organic recorded thud,335,0,0.6907,1.0125,-1.943
impact,794166,kicks bass impacts subs by CVLTIV8R 71.wav,1,a dry organic recorded thud,335,0,0.7033,0.5395,-0.3069
impact,794167,kicks bass impacts subs by CVLTIV8R 72.wav,1,a dry organic recorded thud,335,0,0.7836,0.1796,-1.9009
impact,794168,kicks bass impacts subs by CVLTIV8R 73.wav,1,a dry organic recorded thud,335,0,0.668,1.3193,-1.2317
impact,794169,kicks bass impacts subs by CVLTIV8R 74.wav,1,a dry organic recorded thud,335,0,0.7809,1.1106,-2.4216
impact,794170,kicks bass impacts subs by CVLTIV8R 75.wav,1,a dry organic recorded thud,335,0,0.6972,-0.0237,-1.8379
impact,794172,kicks bass impacts subs by CVLTIV8R 77.wav,1,a dry organic recorded thud,335,0,0.6953,0.0751,-2.5244
impact,794173,kicks bass impacts subs by CVLTIV8R 78.wav,1,a dry organic recorded thud,335,0,0.6601,0.6184,-2.6426
impact,794174,kicks bass impacts subs by CVLTIV8R 79.wav,1,a dry organic recorded thud,335,0,0.728,0.0091,-2.5794
impact,794175,kicks bass impacts subs by CVLTIV8R 8.wav,1,a dry organic recorded thud,335,0,0.7242,1.2639,-2.2318
impact,794177,kicks bass impacts subs by CVLTIV8R 81.wav,1,a dry organic recorded thud,335,0,0.6789,0.8472,-3.3336
impact,794178,kicks bass impacts subs by CVLTIV8R 82.wav,1,a dry organic recorded thud,335,0,0.7958,0.3516,-2.5293
impact,794180,kicks bass impacts subs by CVLTIV8R 84.wav,1,a dry organic recorded thud,335,0,0.7763,0.7973,-0.4648
impact,794181,kicks bass impacts subs by CVLTIV8R 85.wav,1,a dry organic recorded thud,335,0,0.7263,0.1476,-2.6945
impact,794182,kicks bass impacts subs by CVLTIV8R 86.wav,1,a dry organic recorded thud,335,0,0.6633,0.2902,-0.459
impact,794183,kicks bass impacts subs by CVLTIV8R 87.wav,1,a dry organic recorded thud,335,0,0.6393,0.499,-0.2488
impact,794186,kicks bass impacts subs by CVLTIV8R 9.wav,1,a dry organic recorded thud,335,0,0.7846,0.2463,-1.8973
impact,794187,kicks bass impacts subs by CVLTIV8R 90.wav,1,a dry organic recorded thud,335,0,0.6328,1.7122,-3.1956
impact,794188,kicks bass impacts subs by CVLTIV8R 91.wav,1,a dry organic recorded thud,335,0,0.611,1.3239,-3.0089
impact,794190,kicks bass impacts subs by CVLTIV8R 93.wav,1,a dry organic recorded thud,335,0,0.8206,0.7002,-1.5454
impact,794191,kicks bass impacts subs by CVLTIV8R 94.wav,1,a dry organic recorded thud,335,0,0.6243,0.413,-0.4415
impact,794192,kicks bass impacts subs by CVLTIV8R 95.wav,1,a dry organic recorded thud,335,0,0.7371,0.7921,-3.0648
impact,797809,industrial noisy thud,0,a single sharp instant crack,415,1,0.3537,1.4201,-0.1101
impact,820064,Am Orch Hit Infernal Dance [0.706s],1,a dry organic recorded thud,335,0,0.6127,0.1834,0.9042
impact,820065,Am Orch Hit Infernal Dance [1.109s],1,a dry organic recorded thud,335,0,0.5916,0.1855,0.7857
impact,820066,Am Orch Hit Infernal Dance [2.207s],1,a dry organic recorded thud,335,0,0.5809,0.2175,0.7111
impact,820067,Am Orch Hit Infernal Dance [3.082s],1,a dry organic recorded thud,335,0,0.5315,0.2635,0.7528
impact,820068,Cm Orch Hit +3 Infernal Dance [0.706s],1,a dry organic recorded thud,335,0,0.5638,0.1292,0.9056
impact,820069,Cm Orch Hit +3 Infernal Dance [1.109s],1,a dry organic recorded thud,335,0,0.5005,0.1315,0.8199
impact,820070,Cm Orch Hit +3 Infernal Dance [2.207s],1,a dry organic recorded thud,335,0,0.5336,0.1471,0.7628
impact,820071,Cm Orch Hit +3 Infernal Dance [3.082s],1,a dry organic recorded thud,335,0,0.5214,0.1577,0.7526
impact,820072,D#m Orch Hit -6 Infernal Dance [0.706s],1,a dry organic recorded thud,335,0,0.6433,0.1826,0.9253
impact,820073,D#m Orch Hit -6 Infernal Dance [1.109s],1,a dry organic recorded thud,335,0,0.5831,0.1594,0.8367
impact,820074,D#m Orch Hit -6 Infernal Dance [2.207s],1,a dry organic recorded thud,335,0,0.6656,0.2987,0.8458
impact,820075,D#m Orch Hit -6 Infernal Dance [3.082s],1,a dry organic recorded thud,335,0,0.6353,0.366,0.7142
impact,822402,G#m Orch Hit Sinfonietta Op.60 - II [Janáček] stab 3,1,a dry organic recorded thud,335,0,0.5124,0.1585,1.2104
impact,822403,G#m Orch Hit Sinfonietta Op.60 - II [Janáček] stab 4,1,a dry organic recorded thud,335,0,0.3331,0.0135,1.2125
impact,822404,G#m Orch Hit Sinfonietta Op.60 - II [Janáček] stab 6,1,a dry organic recorded thud,335,0,0.5069,0.1626,1.2158
impact,822409,Gsus2 Orch Hit Sym Fantastique Op.14 - IV [Berlioz] stab 3 (short),1,a dry organic recorded thud,335,0,0.5299,0.0459,1.1525
impact,822410,Gsus2 Orch Hit Sym Fantastique Op.14 - IV [Berlioz] stab 3,1,a dry organic recorded thud,335,0,0.4,0.14,1.1826
impact,822413,G5 Orch Hit Mars [Holst] stab 1,1,a dry organic recorded thud,335,0,0.5928,0.1232,0.9804
impact,822414,Eb Orch Hit Sym 5 Op.67 - I [Beethoven] stab 03,1,a dry organic recorded thud,335,0,0.3184,0.1367,1.157
impact,828412,custom_heavy_punch_kick_thud_impact_sound_10022025,0,a single sharp instant crack,415,1,0.5218,5.3388,-2.7458
impact,829590,custom_heavy_whoosh_punch_kick_thud_impact_sound_10022025,1,a dry organic recorded thud,335,0,0.4848,5.1845,-2.6169
impact,837396,RESYNTH IMPACT ONE X,1,a dry organic recorded thud,335,0,0.5188,1.3961,-1.3246
impact,847272,wet clay thud,0,a single sharp instant crack,415,1,0.6364,6.7508,-1.2543
impact,854190,Heavy Footsteps | Crunchy Thuds,0,a single sharp instant crack,415,1,0.399,5.8228,-2.7459
impact,854926,Metal Cylinder 84x163 Hit 1,0,a single sharp instant crack,415,1,0.2964,6.577,4.9958
impact,854927,Metal Cylinder 84x163 Hit 2,0,a single sharp instant crack,415,1,0.2355,6.599,4.9803
impact,854928,Metal Cylinder 84x163 Hit 3,0,a single sharp instant crack,415,1,0.2653,6.5761,5.0168
impact,854929,Metal Cylinder 84x163 Hit 4,0,a single sharp instant crack,415,1,0.2013,6.6468,4.9376
impact,855307,Floppy Bag Taps,0,a single sharp instant crack,415,1,0.5481,5.582,-2.0817
impact,855311,Wooden Clacks,0,a single sharp instant crack,415,1,0.5114,7.887,0.7851
impact,855312,Thick Wooden Thuds,0,a single sharp instant crack,415,1,0.5779,5.7454,-1.8558
impact,864896,Orchestral Hit 4-#A,1,a dry organic recorded thud,335,0,0.4258,0.0373,0.7403
impact,88951,losnb01.aif,0,a single sharp instant crack,415,1,0.3988,8.7717,1.2682
impact,88952,losnb02.aif,0,a single sharp instant crack,415,1,0.435,8.702,1.2188
impact,88953,losnb03.aif,0,a single sharp instant crack,415,1,0.2847,8.7201,1.248
impact,88954,losnb04.aif,0,a single sharp instant crack,415,1,0.4581,8.7145,1.2757
impact,88955,losnb05.aif,0,a single sharp instant crack,415,1,0.3885,8.7523,1.2584
impact,88956,losnb06.aif,0,a single sharp instant crack,415,1,0.1911,8.715,1.1978
impact,88957,losnb07.aif,0,a single sharp instant crack,415,1,0.5062,8.6613,1.1487
impact,88958,losnb08.aif,0,a single sharp instant crack,415,1,0.4862,8.5742,1.1452
impact,89507,BB Hit 70x slower.mp3,1,a dry organic recorded thud,335,0,0.4766,0.3311,1.5969
impact,89508,BB Hit.mp3,0,a single sharp instant crack,415,1,0.4886,4.5304,-1.7185
impact,89509,BB Hit2 70x slower.mp3,1,a dry organic recorded thud,335,0,0.5005,0.3918,1.6558
impact,89510,BB Hit2.mp3,0,a single sharp instant crack,415,1,0.5111,4.5399,-1.5214
impact,89511,BB Hits Bottle1.mp3,0,a single sharp instant crack,415,1,0.5256,4.5899,-1.5664
impact,89512,BB Hits Water Bottle1.mp3,0,a single sharp instant crack,415,1,0.4927,4.5563,-1.5122
impact,96137,Thud2.wav,0,a single sharp instant crack,415,1,0.6147,5.8382,0.869
impact,96138,Thud3.wav,0,a single sharp instant crack,415,1,0.601,5.8972,0.902
whoosh,106907,00.wav,2,a synthetic electronic sound effect,93,0,0.8685,5.5702,2.237
whoosh,106908,01.wav,2,a synthetic electronic sound effect,93,0,0.8666,5.157,2.544
whoosh,106910,03.wav,2,a synthetic electronic sound effect,93,0,0.8666,5.322,2.5333
whoosh,106911,04.wav,2,a synthetic electronic sound effect,93,0,0.8615,4.9177,2.4472
whoosh,106912,05.wav,2,a synthetic electronic sound effect,93,0,0.8399,5.2032,2.5754
whoosh,106913,06.wav,2,a synthetic electronic sound effect,93,0,0.8489,5.2221,2.6386
whoosh,106914,07.wav,2,a synthetic electronic sound effect,93,0,0.8407,5.2133,2.588
whoosh,106915,08.wav,2,a synthetic electronic sound effect,93,0,0.8895,5.3224,2.4641
whoosh,106916,09.wav,2,a synthetic electronic sound effect,93,0,0.8516,5.2479,2.4083
whoosh,106917,10.wav,2,a synthetic electronic sound effect,93,0,0.8112,4.8568,2.64
whoosh,106918,11.wav,2,a synthetic electronic sound effect,93,0,0.842,5.0574,2.4227
whoosh,106919,12.wav,2,a synthetic electronic sound effect,93,0,0.8526,5.2021,2.3873
whoosh,106920,13.wav,2,a synthetic electronic sound effect,93,0,0.8387,4.9985,2.3835
whoosh,106921,14.wav,2,a synthetic electronic sound effect,93,0,0.829,4.9948,2.3673
whoosh,106922,15.wav,2,a synthetic electronic sound effect,93,0,0.8835,5.0792,2.3865
whoosh,106923,16.wav,2,a synthetic electronic sound effect,93,0,0.8497,4.9559,2.2795
whoosh,106924,17.wav,2,a synthetic electronic sound effect,93,0,0.7699,4.8706,2.5041
whoosh,106925,18.wav,2,a synthetic electronic sound effect,93,0,0.8417,4.9736,2.4365
whoosh,106926,19.wav,2,a synthetic electronic sound effect,93,0,0.8867,5.5722,2.1804
whoosh,106927,20.wav,2,a synthetic electronic sound effect,93,0,0.8718,5.4341,2.1936
whoosh,106928,21.wav,2,a synthetic electronic sound effect,93,0,0.8719,5.5638,2.1929
whoosh,106929,22.wav,2,a synthetic electronic sound effect,93,0,0.8763,4.9495,2.4641
whoosh,106930,23.wav,2,a synthetic electronic sound effect,93,0,0.8163,4.9333,2.5103
whoosh,106931,24.wav,2,a synthetic electronic sound effect,93,0,0.8559,5.0388,2.5906
whoosh,106932,25.wav,2,a synthetic electronic sound effect,93,0,0.888,5.4379,2.444
whoosh,106933,26.wav,2,a synthetic electronic sound effect,93,0,0.8841,5.1417,2.3299
whoosh,106934,27.wav,2,a synthetic electronic sound effect,93,0,0.8719,5.6055,2.193
whoosh,106935,28.wav,2,a synthetic electronic sound effect,93,0,0.851,5.5495,2.1986
whoosh,106936,29.wav,2,a synthetic electronic sound effect,93,0,0.8971,5.511,2.298
whoosh,106937,30.wav,2,a synthetic electronic sound effect,93,0,0.9063,5.5649,2.255
whoosh,106938,31.wav,2,a synthetic electronic sound effect,93,0,0.8651,5.6423,2.1496
whoosh,109634,FX - swish.wav,1,a rising whoosh that builds up,224,0,0.2276,-0.6876,7.1528
whoosh,109747,hit with swooshed material.aiff,3,a single sharp instant crack,167,0,0.3384,-1.5147,6.975
whoosh,1255,kleiner.wav,1,a rising whoosh that builds up,224,0,0.596,2.1395,8.8426
whoosh,125611,chopperplate.wav,1,a rising whoosh that builds up,224,0,0.5233,-1.4148,7.8564
whoosh,125612,chopperplate2.wav,3,a single sharp instant crack,167,0,0.6002,-1.5172,7.8592
whoosh,125613,chopperplate3.wav,3,a single sharp instant crack,167,0,0.3099,-1.4695,7.5871
whoosh,12656,Whoosh_Swish_01.wav,0,a falling whoosh that fades away,266,1,0.9017,-4.4953,4.6857
whoosh,12657,Whoosh_Swish_02.wav,0,a falling whoosh that fades away,266,1,0.8862,-5.1701,5.3332
whoosh,12658,Whoosh_Swish_03.wav,0,a falling whoosh that fades away,266,1,0.857,-4.8,4.6014
whoosh,127196,fast simple chop 1.aif,0,a falling whoosh that fades away,266,1,0.7843,-3.4333,4.4596
whoosh,127652,swish.wav,1,a rising whoosh that builds up,224,0,0.4818,1.2576,4.3926
whoosh,135508,backwards swoosh with fast delay.wav,1,a rising whoosh that builds up,224,0,0.6676,-0.7258,5.9163
whoosh,142348,Cartoony whooshes,0,a falling whoosh that fades away,266,1,0.895,-4.7269,5.1687
whoosh,144929,Parketswoosh.wav,1,a rising whoosh that builds up,224,0,0.4205,-1.2841,7.5033
whoosh,149249,Wave Swoosh.aif,1,a rising whoosh that builds up,224,0,0.6519,-0.0677,5.5012
whoosh,157792,airpipe swoosh 02.aiff,3,a single sharp instant crack,167,0,0.4948,-1.935,6.9652
whoosh,162845,Whoosh in-out #5,1,a rising whoosh that builds up,224,0,0.6889,0.1281,5.896
whoosh,162846,Whoosh in-out #4,1,a rising whoosh that builds up,224,0,0.4766,0.1685,5.9274
whoosh,162847,Whoosh in-out #3,1,a rising whoosh that builds up,224,0,0.4162,0.2134,5.874
whoosh,164207,Nighthawk swoosh 2.aif,3,a single sharp instant crack,167,0,0.3961,-2.6254,7.9268
whoosh,165493,WHOOSH 1.wav,3,a single sharp instant crack,167,0,0.7781,-1.7878,6.5923
whoosh,167563,Jet_Whoosh.WAV,1,a rising whoosh that builds up,224,0,0.6496,1.7898,6.9211
whoosh,170516,Rubber Crunch whoosh.wav,3,a single sharp instant crack,167,0,0.4208,-0.2061,7.6933
whoosh,170517,Rubber Crunch whoosh with end punch reverb.wav,3,a single sharp instant crack,167,0,0.5216,-0.2105,7.6496
whoosh,170518,Rubber Crunch  whoosh no punch.wav,3,a single sharp instant crack,167,0,0.4422,-0.2141,7.6857
whoosh,170519,Crunch whoosh with end punch reverb.wav,3,a single sharp instant crack,167,0,0.5528,-0.1829,7.6697
whoosh,173272,Swish.aif,2,a synthetic electronic sound effect,93,0,0.3454,-0.3705,5.1763
whoosh,174749,bottle noise.aif,2,a synthetic electronic sound effect,93,0,-0.0424,-2.8772,8.9696
whoosh,176581,swoosh/shutter,2,a synthetic electronic sound effect,93,0,0.4591,-0.314,7.7556
whoosh,184361,Swoosh.mp3,3,a single sharp instant crack,167,0,0.1715,-2.2205,8.1765
whoosh,187614,Serrated_Knife_Swipe.wav,3,a single sharp instant crack,167,0,0.3473,-2.01,11.3996
whoosh,19309,beast whoosh.wav,3,a single sharp instant crack,167,0,0.3114,-1.2597,7.0683
whoosh,1938,rbh rope swishes 01.wav,0,a falling whoosh that fades away,266,1,0.8407,-3.6734,4.8704
whoosh,1939,rbh swish small stick x5 2.wav,0,a falling whoosh that fades away,266,1,0.8656,-3.6782,4.9453
whoosh,1940,rbh swish wire x 4.wav,0,a falling whoosh that fades away,266,1,0.7785,-5.104,1.263
whoosh,200995,SwishUpMedium.wav,1,a rising whoosh that builds up,224,0,0.6992,-1.203,4.843
whoosh,200996,SwishDownMedium.wav,0,a falling whoosh that fades away,266,1,0.7656,-1.9184,5.5853
whoosh,201831,Sac poubelle.mp3,1,a rising whoosh that builds up,224,0,0.3544,-4.2166,7.4947
whoosh,209866,crash 11.wav,2,a synthetic electronic sound effect,93,0,0.298,4.8236,2.4818
whoosh,209867,Zildjian_22_A_Swish_Knocker_stereo.wav,2,a synthetic electronic sound effect,93,0,0.5812,5.0502,2.3261
whoosh,212413,Swish.mp3,1,a rising whoosh that builds up,224,0,0.3045,-4.1719,7.4821
whoosh,215019,swishing2.mp3,3,a single sharp instant crack,167,0,0.7469,-4.2202,3.9967
whoosh,215020,swishing1.mp3,0,a falling whoosh that fades away,266,1,0.8389,-4.3794,3.9951
whoosh,215021,swishing1_3.mp3,3,a single sharp instant crack,167,0,0.7248,-1.907,10.3587
whoosh,215022,swishing1_2.mp3,0,a falling whoosh that fades away,266,1,0.7954,-4.3602,4.2639
whoosh,218100,Swish4.wav,1,a rising whoosh that builds up,224,0,0.5857,0.0898,5.8168
whoosh,218101,Swish3.wav,1,a rising whoosh that builds up,224,0,0.6323,0.0044,5.7946
whoosh,218102,Swish2.wav,1,a rising whoosh that builds up,224,0,0.7232,0.1257,5.9681
whoosh,218103,Swish1.wav,1,a rising whoosh that builds up,224,0,0.533,0.1427,6.0827
whoosh,218272,Swish6.wav,1,a rising whoosh that builds up,224,0,0.6681,0.1556,5.839
whoosh,218273,Swish5.wav,1,a rising whoosh that builds up,224,0,0.5133,0.1929,5.8926
whoosh,220191,Space Swoosh - brighter,1,a rising whoosh that builds up,224,0,0.6173,2.1201,8.7031
whoosh,220192,Space Swoosh - darker,2,a synthetic electronic sound effect,93,0,0.5559,2.2164,5.535
whoosh,221538,Melee Attack with Voice 1,3,a single sharp instant crack,167,0,0.5759,-2.7237,7.5324
whoosh,222493,Digital Data Whoosh,2,a synthetic electronic sound effect,93,0,0.4692,2.7677,6.6461
whoosh,234111,snr_whoosh_01_16bitmono.aif,2,a synthetic electronic sound effect,93,0,0.7698,5.1507,2.6695
whoosh,234538,Swoosh 1,1,a rising whoosh that builds up,224,0,0.7849,-0.0967,6.913
whoosh,234541,Swoosh 2,1,a rising whoosh that builds up,224,0,0.7325,0.0771,7.1344
whoosh,234547,Big Swoosh,2,a synthetic electronic sound effect,93,0,0.6524,2.2468,6.1697
whoosh,234549,Swoosh 3,1,a rising whoosh that builds up,224,0,0.7108,0.0762,7.1297
whoosh,234553,Swoosh 5,2,a synthetic electronic sound effect,93,0,0.696,2.4575,6.0687
whoosh,234555,Swoosh Explosion,1,a rising whoosh that builds up,224,0,0.6298,0.1271,7.2615
whoosh,234915,whoosh past mic,1,a rising whoosh that builds up,224,0,0.5218,-4.0879,7.6693
whoosh,235553,swish.wav,0,a falling whoosh that fades away,266,1,0.8177,-4.7581,6.0698
whoosh,243752,Whooshes Whips and Swooshes,0,a falling whoosh that fades away,266,1,0.7656,-3.3824,5.6925
whoosh,249151,swish.wav,0,a falling whoosh that fades away,266,1,0.8226,-4.9092,5.9164
whoosh,25070,whoosh01.wav,1,a rising whoosh that builds up,224,0,0.7614,0.9498,4.6411
whoosh,25071,whoosh02.wav,1,a rising whoosh that builds up,224,0,0.7105,1.0589,4.6933
whoosh,25072,whoosh03.wav,1,a rising whoosh that builds up,224,0,0.5439,1.1725,4.7025
whoosh,25073,whoosh04.wav,1,a rising whoosh that builds up,224,0,0.8146,0.8846,4.7114
whoosh,25074,whoosh06.wav,1,a rising whoosh that builds up,224,0,0.7909,0.9517,4.7089
whoosh,25075,whoosh07 (with pan).wav,1,a rising whoosh that builds up,224,0,0.7503,0.9938,4.6378
whoosh,25076,whoosh07.wav,1,a rising whoosh that builds up,224,0,0.6922,1.0567,4.6179
whoosh,254866,swish twig.wav,3,a single sharp instant crack,167,0,0.784,-3.6921,6.0096
whoosh,254871,swish whip.wav,0,a falling whoosh that fades away,266,1,0.8293,-4.0735,6.0633
whoosh,257713,Whoosh.wav,3,a single sharp instant crack,167,0,0.6993,-2.5413,5.9822
whoosh,257779,Whoosh.wav,1,a rising whoosh that builds up,224,0,0.7681,0.4269,5.3913
whoosh,257802,Swish.wav,3,a single sharp instant crack,167,0,0.7127,-2.5709,7.6634
whoosh,257803,Swish 2.wav,3,a single sharp instant crack,167,0,0.6284,-2.3491,7.4338
whoosh,264777,Swoosh,1,a rising whoosh that builds up,224,0,0.564,-2.0358,7.0855
whoosh,267950,whoosh.wav,3,a single sharp instant crack,167,0,0.4234,-2.6559,8.5385
whoosh,267951,whoosh2.wav,0,a falling whoosh that fades away,266,1,0.7068,-4.5092,6.6834
whoosh,268914,falling whistle swish 1.wav,1,a rising whoosh that builds up,224,0,0.3754,-1.8942,5.3022
whoosh,269283,One Big Swoosh.wav,0,a falling whoosh that fades away,266,1,0.794,-4.7813,3.6073
whoosh,269284,swoosh28.wav,0,a falling whoosh that fades away,266,1,0.8873,-6.0065,3.5307
whoosh,269285,swoosh29.wav,0,a falling whoosh that fades away,266,1,0.842,-5.827,5.5575
whoosh,269286,swoosh24.wav,0,a falling whoosh that fades away,266,1,0.9142,-5.7949,3.5902
whoosh,269287,swoosh25.wav,0,a falling whoosh that fades away,266,1,0.9334,-5.8227,3.6421
whoosh,269288,swoosh26.wav,0,a falling whoosh that fades away,266,1,0.8947,-5.5558,5.7181
whoosh,269289,swoosh27.wav,0,a falling whoosh that fades away,266,1,0.9432,-5.7437,3.7387
whoosh,269291,swoosh21.wav,0,a falling whoosh that fades away,266,1,0.9213,-5.8075,3.617
whoosh,269293,swoosh23.wav,0,a falling whoosh that fades away,266,1,0.9211,-5.6431,3.5187
whoosh,269294,swoosh39.wav,0,a falling whoosh that fades away,266,1,0.833,-5.2806,3.9934
whoosh,269295,swoosh38.wav,3,a single sharp instant crack,167,0,0.7572,-2.8057,6.098
whoosh,269297,swoosh32.wav,0,a falling whoosh that fades away,266,1,0.9253,-5.8253,3.8481
whoosh,269298,swoosh31.wav,0,a falling whoosh that fades away,266,1,0.8708,-5.7055,5.7641
whoosh,269299,swoosh30.wav,0,a falling whoosh that fades away,266,1,0.9272,-5.85,3.5905
whoosh,269302,swoosh35.wav,0,a falling whoosh that fades away,266,1,0.8753,-6.1001,3.4707
whoosh,269303,swoosh34.wav,0,a falling whoosh that fades away,266,1,0.7946,-5.7672,5.7048
whoosh,269305,swoosh07.wav,0,a falling whoosh that fades away,266,1,0.6492,-6.1277,3.3835
whoosh,269306,swoosh04.wav,0,a falling whoosh that fades away,266,1,0.7643,-6.1269,3.4503
whoosh,269307,swoosh05.wav,0,a falling whoosh that fades away,266,1,0.8596,-6.0972,3.4611
whoosh,269310,swoosh01.wav,0,a falling whoosh that fades away,266,1,0.8377,-5.9666,3.5451
whoosh,269313,swoosh15.wav,0,a falling whoosh that fades away,266,1,0.9031,-5.7957,3.7412
whoosh,269314,swoosh14.wav,0,a falling whoosh that fades away,266,1,0.8715,-5.7579,5.6558
whoosh,269315,swoosh17.wav,0,a falling whoosh that fades away,266,1,0.8528,-6.0755,3.4622
whoosh,269316,swoosh16.wav,0,a falling whoosh that fades away,266,1,0.9355,-5.6014,3.7672
whoosh,269320,swoosh12.wav,0,a falling whoosh that fades away,266,1,0.83,-6.031,3.3894
whoosh,269322,swoosh18.wav,0,a falling whoosh that fades away,266,1,0.9263,-5.523,3.7737
whoosh,269325,swoosh40.wav,0,a falling whoosh that fades away,266,1,0.8737,-6.0295,3.5095
whoosh,269326,swoosh41.wav,0,a falling whoosh that fades away,266,1,0.8922,-5.7369,3.4519
whoosh,269327,swoosh42.wav,0,a falling whoosh that fades away,266,1,0.9553,-5.4944,3.829
whoosh,269329,swoosh44.wav,0,a falling whoosh that fades away,266,1,0.9521,-5.5108,3.6079
whoosh,269331,swoosh46.wav,0,a falling whoosh that fades away,266,1,0.9023,-5.9107,3.4725
whoosh,269332,swoosh47.wav,0,a falling whoosh that fades away,266,1,0.9486,-5.545,3.5468
whoosh,272457,bangs and whooshes,3,a single sharp instant crack,167,0,0.38,-2.1417,6.276
whoosh,274208,Whoosh_Electric_03.wav,1,a rising whoosh that builds up,224,0,0.5592,1.5641,4.5011
whoosh,274209,Whoosh_Electric_02.wav,1,a rising whoosh that builds up,224,0,0.5637,1.6394,4.4929
whoosh,275521,sci-fi swoosh.ogg,2,a synthetic electronic sound effect,93,0,0.5927,1.5441,5.753
whoosh,275550,Soft Swish Air Release,1,a rising whoosh that builds up,224,0,0.5491,1.2849,4.4065
whoosh,28870,btn060.wav,1,a rising whoosh that builds up,224,0,0.7107,1.8607,9.1541
whoosh,28871,btn061.wav,1,a rising whoosh that builds up,224,0,0.7191,1.7274,9.2154
whoosh,28872,btn062.wav,1,a rising whoosh that builds up,224,0,0.7932,1.855,9.1317
whoosh,28873,btn063.wav,1,a rising whoosh that builds up,224,0,0.6817,1.978,9.191
whoosh,28874,btn064.wav,1,a rising whoosh that builds up,224,0,0.5812,2.405,8.9733
whoosh,28875,btn065.wav,1,a rising whoosh that builds up,224,0,0.723,1.662,9.1954
whoosh,28876,btn066.wav,1,a rising whoosh that builds up,224,0,0.7237,1.7028,9.2164
whoosh,28877,btn067.wav,1,a rising whoosh that builds up,224,0,0.7482,1.695,9.2598
whoosh,28878,btn068.wav,1,a rising whoosh that builds up,224,0,0.6938,1.7781,9.2333
whoosh,28879,btn069.wav,1,a rising whoosh that builds up,224,0,0.7342,1.7266,9.2868
whoosh,28880,btn070.wav,1,a rising whoosh that builds up,224,0,0.853,1.6241,9.0626
whoosh,28881,btn071.wav,1,a rising whoosh that builds up,224,0,0.844,1.5625,9.1063
whoosh,28883,btn073.wav,1,a rising whoosh that builds up,224,0,0.5828,2.5182,9.0756
whoosh,28885,btn075.wav,1,a rising whoosh that builds up,224,0,0.5822,2.4709,9.1217
whoosh,28886,btn076.wav,1,a rising whoosh that builds up,224,0,0.7125,2.4389,9.1365
whoosh,28887,btn077.wav,1,a rising whoosh that builds up,224,0,0.6544,2.4519,9.1172
whoosh,28888,btn078.wav,1,a rising whoosh that builds up,224,0,0.6231,2.6728,8.8764
whoosh,28889,btn079.wav,1,a rising whoosh that builds up,224,0,0.6289,2.5112,9.1151
whoosh,28890,btn080.wav,1,a rising whoosh that builds up,224,0,0.4958,2.7191,8.8405
whoosh,28891,btn081.wav,1,a rising whoosh that builds up,224,0,0.5064,2.7269,8.8567
whoosh,28892,btn082.wav,2,a synthetic electronic sound effect,93,0,0.5868,2.7211,8.767
whoosh,28893,btn083.wav,1,a rising whoosh that builds up,224,0,0.5923,2.7363,8.8746
whoosh,28894,btn084.wav,1,a rising whoosh that builds up,224,0,0.5514,2.7201,8.9103
whoosh,28895,btn085.wav,1,a rising whoosh that builds up,224,0,0.613,2.4869,9.1246
whoosh,28896,btn086.wav,1,a rising whoosh that builds up,224,0,0.6855,2.5675,9.0814
whoosh,28897,btn087.wav,1,a rising whoosh that builds up,224,0,0.5375,2.7303,8.8962
whoosh,28898,btn088.wav,1,a rising whoosh that builds up,224,0,0.5699,2.6307,9.0391
whoosh,28900,btn090.wav,1,a rising whoosh that builds up,224,0,0.5863,2.531,9.0846
whoosh,321489,Water Swish,3,a single sharp instant crack,167,0,0.22,-3.3677,7.6159
whoosh,327963,short swish swoosh whoosh reverbed,1,a rising whoosh that builds up,224,0,0.7562,0.1156,5.0103
whoosh,327990,"processed swish, swoosh, whoosh",1,a rising whoosh that builds up,224,0,0.6692,0.4703,4.5296
whoosh,330063,Swish_02_2015-06-21.wav,1,a rising whoosh that builds up,224,0,0.6566,2.2999,4.7338
whoosh,33774,Rhumpries_Rope_swishes_FranticAerostat_remix.aif,1,a rising whoosh that builds up,224,0,0.4627,0.2601,5.3461
whoosh,338176,Jimmy's dotted line swish,2,a synthetic electronic sound effect,93,0,0.3854,2.2255,5.6024
whoosh,344403,Knife Swish 1.wav,0,a falling whoosh that fades away,266,1,0.6862,-5.1447,1.7853
whoosh,344408,Knife Swish 2.wav,0,a falling whoosh that fades away,266,1,0.7831,-5.1586,1.825
whoosh,347545,Swoosh wobble,3,a single sharp instant crack,167,0,0.7771,-2.9416,6.4873
whoosh,347546,Swoosh Sound 1,3,a single sharp instant crack,167,0,0.8045,-2.8837,6.6146
whoosh,347548,Swoosh sound 4,3,a single sharp instant crack,167,0,0.7976,-2.9023,6.4046
whoosh,347549,Swoosh sound 4,3,a single sharp instant crack,167,0,0.8272,-2.8799,6.6287
whoosh,347550,Swoosh sound 2,3,a single sharp instant crack,167,0,0.7968,-2.8774,6.6082
whoosh,353611,Swish,1,a rising whoosh that builds up,224,0,0.6541,-0.0306,5.4594
whoosh,364659,Archive Sent,1,a rising whoosh that builds up,224,0,0.4834,-2.0923,5.3407
whoosh,364660,Whoosh Simpler,1,a rising whoosh that builds up,224,0,0.4323,-2.0225,5.283
whoosh,369008,Whoosh 01 (Mouth Fx),3,a single sharp instant crack,167,0,0.6786,-2.707,7.6099
whoosh,372519,Mouth-swoosh-02.wav,3,a single sharp instant crack,167,0,0.6591,-1.5432,6.8002
whoosh,372520,Mouth-swoosh-01.wav,3,a single sharp instant crack,167,0,0.6565,-1.6583,6.849
whoosh,379463,Wind1.ogg,1,a rising whoosh that builds up,224,0,0.639,-1.9905,8.4037
whoosh,379464,Wind1.mp3,1,a rising whoosh that builds up,224,0,0.6505,-2.0672,8.39
whoosh,379467,Wind2.ogg,1,a rising whoosh that builds up,224,0,0.6305,-2.0218,8.3464
whoosh,379468,Wind2.mp3,1,a rising whoosh that builds up,224,0,0.6465,-2.0396,8.3903
whoosh,379469,Wind3.ogg,1,a rising whoosh that builds up,224,0,0.5793,-2.041,8.4626
whoosh,379470,Wind3.mp3,1,a rising whoosh that builds up,224,0,0.6015,-2.1111,8.3649
whoosh,379471,Wind4.mp3,1,a rising whoosh that builds up,224,0,0.6273,-2.1264,8.3296
whoosh,379472,Wind5.mp3,1,a rising whoosh that builds up,224,0,0.5886,-2.2098,8.229
whoosh,379473,Wind5.ogg,1,a rising whoosh that builds up,224,0,0.5321,-2.2645,8.1565
whoosh,379474,Wind4.ogg,1,a rising whoosh that builds up,224,0,0.5968,-2.0704,8.3959
whoosh,388003,Double Swish,0,a falling whoosh that fades away,266,1,0.8273,-4.0892,4.8659
whoosh,388005,Funny Swish,0,a falling whoosh that fades away,266,1,0.735,-3.817,4.6712
whoosh,389458,Whoosh_1.wav,0,a falling whoosh that fades away,266,1,0.8932,-5.2631,1.5264
whoosh,389767,swish spining with clicks .wav,3,a single sharp instant crack,167,0,0.1823,-4.0788,9.4974
whoosh,389771,swishes.wav,0,a falling whoosh that fades away,266,1,0.8531,-4.7581,5.9915
whoosh,389772,swish.wav,0,a falling whoosh that fades away,266,1,0.8012,-3.4589,4.7464
whoosh,390388,Soft Swishes,0,a falling whoosh that fades away,266,1,0.6366,-3.4398,5.7729
whoosh,391441,Pen whoosh 1.wav,3,a single sharp instant crack,167,0,0.4315,-5.299,6.2134
whoosh,391444,Arrow Whoosh 2 .R.wav,0,a falling whoosh that fades away,266,1,0.9048,-5.5009,5.7701
whoosh,391445,Ukulele Whoosh 2 .wav,0,a falling whoosh that fades away,266,1,0.7468,-5.5209,5.9849
whoosh,391449,Ukulele Whoosh 3.wav,0,a falling whoosh that fades away,266,1,0.7468,-5.4992,6.0194
whoosh,391952,swing,0,a falling whoosh that fades away,266,1,0.8884,-4.199,3.7046
whoosh,394100,Multiple Swishes,0,a falling whoosh that fades away,266,1,0.8358,-4.4219,4.6376
whoosh,394102,Double Swish 2,0,a falling whoosh that fades away,266,1,0.8507,-4.3357,4.4238
whoosh,394190,Slingshot flyby 22.wav,3,a single sharp instant crack,167,0,0.5183,-2.5412,9.5599
whoosh,394192,Slingshot flyby 20.wav,3,a single sharp instant crack,167,0,0.6024,-2.5803,9.609
whoosh,394199,Slingshot flyby 12.wav,3,a single sharp instant crack,167,0,0.4288,-2.6744,9.2369
whoosh,394200,Slingshot flyby 11.wav,3,a single sharp instant crack,167,0,0.7276,-2.6301,9.3749
whoosh,394201,Slingshot flyby 10.wav,3,a single sharp instant crack,167,0,0.4132,-2.6959,9.2643
whoosh,394203,Slingshot flyby 16.wav,3,a single sharp instant crack,167,0,0.6549,-2.5861,9.4984
whoosh,394204,Slingshot flyby 15.wav,3,a single sharp instant crack,167,0,0.6937,-2.5812,9.4786
whoosh,394205,Slingshot flyby 14.wav,3,a single sharp instant crack,167,0,0.3383,-2.7326,9.123
whoosh,394206,Slingshot flyby 19.wav,3,a single sharp instant crack,167,0,0.628,-2.5595,9.5679
whoosh,394412,"Bamboo Swing, A12.wav",0,a falling whoosh that fades away,266,1,0.8809,-5.3959,1.2466
whoosh,394413,"Bamboo Swing, A11.wav",0,a falling whoosh that fades away,266,1,0.8905,-5.2843,1.1813
whoosh,394414,"Bamboo Swing, A10.wav",0,a falling whoosh that fades away,266,1,0.8611,-5.1944,1.1887
whoosh,394415,"Bamboo Swing, A1.wav",0,a falling whoosh that fades away,266,1,0.8927,-5.3417,1.2198
whoosh,394416,"Bamboo Swing, A3.wav",0,a falling whoosh that fades away,266,1,0.9338,-5.2345,1.4278
whoosh,394417,"Bamboo Swing, A2.wav",0,a falling whoosh that fades away,266,1,0.8822,-5.2795,1.1626
whoosh,394418,"Bamboo Swing, A14.wav",0,a falling whoosh that fades away,266,1,0.865,-5.2094,1.1354
whoosh,394420,"Bamboo Swing, A5.wav",0,a falling whoosh that fades away,266,1,0.8894,-5.1297,1.1442
whoosh,394423,"Bamboo Swing, C8.wav",0,a falling whoosh that fades away,266,1,0.8797,-5.3827,1.2073
whoosh,394424,"Bamboo Swing, C9.wav",0,a falling whoosh that fades away,266,1,0.824,-5.4504,1.1266
whoosh,394425,"Bamboo Swing, B5.wav",0,a falling whoosh that fades away,266,1,0.9353,-5.2561,1.5995
whoosh,394426,"Bamboo Swing, B6.wav",0,a falling whoosh that fades away,266,1,0.9021,-5.2692,1.4403
whoosh,394427,"Bamboo Swing, D3.wav",0,a falling whoosh that fades away,266,1,0.8309,-5.4188,1.2037
whoosh,394428,"Bamboo Swing, D4.wav",0,a falling whoosh that fades away,266,1,0.8548,-5.3587,1.268
whoosh,394429,"Bamboo Swing, B17.wav",0,a falling whoosh that fades away,266,1,0.9381,-5.2423,1.3836
whoosh,394430,"Bamboo Swing, B18.wav",0,a falling whoosh that fades away,266,1,0.9371,-5.1099,1.3122
whoosh,394431,"Bamboo Swing, B15.wav",0,a falling whoosh that fades away,266,1,0.909,-5.2308,1.3266
whoosh,394432,"Bamboo Swing, B16.wav",0,a falling whoosh that fades away,266,1,0.9101,-5.3287,1.3674
whoosh,394433,"Bamboo Swing, B3.wav",0,a falling whoosh that fades away,266,1,0.889,-5.2573,1.2829
whoosh,394434,"Bamboo Swing, B4.wav",0,a falling whoosh that fades away,266,1,0.9182,-5.454,1.4975
whoosh,394437,"Bamboo Swing, D2.wav",0,a falling whoosh that fades away,266,1,0.7766,-5.3998,1.1827
whoosh,394438,"Bamboo Swing, A9.wav",0,a falling whoosh that fades away,266,1,0.9121,-5.1488,1.2589
whoosh,394442,"Bamboo Swing, B12.wav",0,a falling whoosh that fades away,266,1,0.9052,-5.2049,1.4059
whoosh,394875,Sword Swishes with Cloth Movement,0,a falling whoosh that fades away,266,1,0.7424,-3.6221,6.0856
whoosh,394878,High Pitched Bamboo Swish,0,a falling whoosh that fades away,266,1,0.7428,-3.3941,5.8315
whoosh,395019,"Long, Medium Swish.mp3",0,a falling whoosh that fades away,266,1,0.7374,-3.1106,5.282
whoosh,395367,Swish 2,0,a falling whoosh that fades away,266,1,0.7271,-4.4825,7.1508
whoosh,395368,Swish 5,0,a falling whoosh that fades away,266,1,0.8549,-5.2785,5.3751
whoosh,395369,Swish 4,0,a falling whoosh that fades away,266,1,0.8567,-5.082,5.3737
whoosh,395418,Multiple Swish,0,a falling whoosh that fades away,266,1,0.8496,-4.2739,4.3459
whoosh,400351,Fabric Swish,1,a rising whoosh that builds up,224,0,0.5739,-4.2343,7.5461
whoosh,402267,Live Swoosh_23.wav,3,a single sharp instant crack,167,0,0.4533,-1.9241,10.9813
whoosh,402657,Swish Toss,0,a falling whoosh that fades away,266,1,0.7823,-4.2933,3.8403
whoosh,405553,Fading/whooshing sound effect,2,a synthetic electronic sound effect,93,0,0.5951,2.4067,6.8637
whoosh,411065,water rushing,2,a synthetic electronic sound effect,93,0,0.2857,-3.1815,7.5659
whoosh,411477,Movie Impact & Fireworks Whoosh,1,a rising whoosh that builds up,224,0,0.4888,0.0917,8.0076
whoosh,416455,Deep_Swoosh - 2.wav,1,a rising whoosh that builds up,224,0,0.632,0.1831,5.2044
whoosh,416460,Deep_Swoosh - 5.wav,1,a rising whoosh that builds up,224,0,0.6853,0.0556,5.1484
whoosh,416462,Deep_Swoosh - 9.wav,1,a rising whoosh that builds up,224,0,0.606,0.1745,5.2828
whoosh,416470,Small_Swoosh - 6.wav,2,a synthetic electronic sound effect,93,0,0.6586,0.2828,5.1876
whoosh,416846,Stereo Foley Water Bottle Swish.wav,3,a single sharp instant crack,167,0,0.364,-3.9499,7.3344
whoosh,418002,Swoosh FX Loud.wav,1,a rising whoosh that builds up,224,0,0.4784,1.8914,4.0743
whoosh,418003,Swoosh FX Extra Soft.wav,1,a rising whoosh that builds up,224,0,0.4006,1.8549,3.9758
whoosh,418004,Swoosh FX Extra Short soft.wav,1,a rising whoosh that builds up,224,0,0.5063,1.9232,3.9989
whoosh,418005,Swoosh FX Extra Short Loud.wav,1,a rising whoosh that builds up,224,0,0.5556,1.8831,4.0999
whoosh,418006,Swoosh FX Soft.wav,1,a rising whoosh that builds up,224,0,0.4488,1.9155,4.0198
whoosh,418007,Swoosh FX Medium.wav,1,a rising whoosh that builds up,224,0,0.4724,1.885,3.986
whoosh,419341,Swoosh.ogg,0,a falling whoosh that fades away,266,1,0.7251,-2.9473,5.9091
whoosh,423281,Knife swish mixed.mp3,0,a falling whoosh that fades away,266,1,0.7988,-3.2887,4.4748
whoosh,423792,Little Whoosh 1,1,a rising whoosh that builds up,224,0,0.6507,-0.0438,4.7678
whoosh,423798,Little Whoosh 3,1,a rising whoosh that builds up,224,0,0.7686,0.0446,4.8517
whoosh,423799,Little Whoosh 2,1,a rising whoosh that builds up,224,0,0.6939,-0.0821,4.7594
whoosh,424316,Long Space Swoosh,1,a rising whoosh that builds up,224,0,0.7538,-0.5587,5.6862
whoosh,425132,Long swoosh,1,a rising whoosh that builds up,224,0,0.5974,-1.8413,8.183
whoosh,433634,SCIFI_Swoosh_2_,2,a synthetic electronic sound effect,93,0,0.562,2.6432,6.7611
whoosh,433635,SCIFI_Swoosh,2,a synthetic electronic sound effect,93,0,0.5768,2.6744,6.718
whoosh,441849,BB_1 quick metallic swipe.wav,3,a single sharp instant crack,167,0,0.3101,-1.0054,7.9922
whoosh,442339,Simple Swoosh.mp3,1,a rising whoosh that builds up,224,0,0.5025,-1.8765,6.9577
whoosh,444620,Swoosh 13.wav,3,a single sharp instant crack,167,0,0.6878,-0.0064,7.966
whoosh,444621,Swoosh 12.wav,1,a rising whoosh that builds up,224,0,0.6321,0.2451,7.787
whoosh,444622,Swoosh 11.wav,1,a rising whoosh that builds up,224,0,0.7727,0.2155,8.1269
whoosh,444623,Swoosh 10.wav,1,a rising whoosh that builds up,224,0,0.7425,0.3424,8.2293
whoosh,444624,Swoosh 17.wav,1,a rising whoosh that builds up,224,0,0.5606,0.2758,7.9965
whoosh,444625,Swoosh 16.wav,1,a rising whoosh that builds up,224,0,0.5231,0.2382,7.8023
whoosh,444626,Swoosh 15.wav,3,a single sharp instant crack,167,0,0.5692,0.1608,7.9323
whoosh,444627,Swoosh 14.wav,1,a rising whoosh that builds up,224,0,0.6791,0.3508,8.1631
whoosh,444628,Swoosh 19.wav,1,a rising whoosh that builds up,224,0,0.6195,0.2808,7.9731
whoosh,444629,Swoosh 18.wav,1,a rising whoosh that builds up,224,0,0.6569,0.0391,8.1766
whoosh,444630,Swoosh 32.wav,1,a rising whoosh that builds up,224,0,0.674,0.1518,8.0708
whoosh,444631,Swoosh 33.wav,1,a rising whoosh that builds up,224,0,0.6543,0.1507,8.0591
whoosh,444632,Swoosh 30.wav,1,a rising whoosh that builds up,224,0,0.6898,0.1786,8.0898
whoosh,444633,Swoosh 31.wav,1,a rising whoosh that builds up,224,0,0.6655,0.1834,8.0918
whoosh,444634,Swoosh 8.wav,3,a single sharp instant crack,167,0,0.6156,0.2901,7.9545
whoosh,444635,Swoosh 9.wav,1,a rising whoosh that builds up,224,0,0.638,0.3988,8.0668
whoosh,444636,Swoosh 23.wav,3,a single sharp instant crack,167,0,0.5874,0.2873,7.9166
whoosh,444637,Swoosh 22.wav,1,a rising whoosh that builds up,224,0,0.4892,0.2987,7.927
whoosh,444638,Swoosh 21.wav,1,a rising whoosh that builds up,224,0,0.5063,0.2164,7.9373
whoosh,444639,Swoosh 20.wav,1,a rising whoosh that builds up,224,0,0.6243,0.1642,7.2773
whoosh,444640,Swoosh 27.wav,1,a rising whoosh that builds up,224,0,0.7337,0.2588,8.14
whoosh,444641,Swoosh 26.wav,1,a rising whoosh that builds up,224,0,0.6594,0.2325,8.1869
whoosh,444642,Swoosh 25.wav,1,a rising whoosh that builds up,224,0,0.661,0.2282,7.7046
whoosh,444643,Swoosh 24.wav,2,a synthetic electronic sound effect,93,0,0.6325,-0.1655,8.0334
whoosh,444644,Swoosh 29.wav,1,a rising whoosh that builds up,224,0,0.6805,0.167,8.1019
whoosh,444645,Swoosh 28.wav,1,a rising whoosh that builds up,224,0,0.6441,0.2635,7.8522
whoosh,445229,Whoosh,3,a single sharp instant crack,167,0,0.3823,-2.1514,7.5622
whoosh,445963,FX - Swoosh Swirl,3,a single sharp instant crack,167,0,0.6905,-2.715,7.5234
whoosh,449988,whoosh_med_high,1,a rising whoosh that builds up,224,0,0.7667,0.1604,4.2458
whoosh,449989,whoosh_long_mid.wav,1,a rising whoosh that builds up,224,0,0.7511,0.3281,4.3762
whoosh,449990,whoosh_long_low.wav,1,a rising whoosh that builds up,224,0,0.7131,0.2749,4.2907
whoosh,449991,whoosh_long_high.wav,1,a rising whoosh that builds up,224,0,0.7658,0.1011,4.3627
whoosh,449992,whoosh_short_low.wav,1,a rising whoosh that builds up,224,0,0.6728,0.2323,4.1365
whoosh,449993,whoosh_short_high.wav,1,a rising whoosh that builds up,224,0,0.6473,0.2282,4.1302
whoosh,449994,whoosh_med_mid.wav,1,a rising whoosh that builds up,224,0,0.7519,0.2977,4.2123
whoosh,449995,whoosh_med_low.wav,1,a rising whoosh that builds up,224,0,0.721,0.2471,4.2095
whoosh,449996,whoosh_short_mid.wav,1,a rising whoosh that builds up,224,0,0.6576,0.2057,4.1397
whoosh,451127,"FX - Swoosh - normal (for swords, sticks, punches, etc)",3,a single sharp instant crack,167,0,0.7171,-2.6657,5.9654
whoosh,451128,"FX - Swoosh - heavy (for swords, sticks, punches, etc)",0,a falling whoosh that fades away,266,1,0.7634,-3.0009,5.6752
whoosh,459941,Whoosh.wav,3,a single sharp instant crack,167,0,0.5671,-2.3346,8.0852
whoosh,460469,VS_Short Whoosh 4.mp3,1,a rising whoosh that builds up,224,0,0.6379,-1.7391,6.3636
whoosh,460470,VS_Short Whoosh 3.mp3,1,a rising whoosh that builds up,224,0,0.8409,-1.0462,6.0332
whoosh,460471,VS_Short Whoosh 2.mp3,1,a rising whoosh that builds up,224,0,0.7915,-0.9934,5.9139
whoosh,460472,VS_Short Whoosh 1.mp3,1,a rising whoosh that builds up,224,0,0.8625,-1.1109,5.8691
whoosh,460473,VS_Short Whoosh 8.mp3,0,a falling whoosh that fades away,266,1,0.749,-0.786,4.5183
whoosh,461014,simple_whoosh_001.wav,1,a rising whoosh that builds up,224,0,0.7361,-0.8012,5.0806
whoosh,461015,hard_whoosh_into_hit_debris.wav,3,a single sharp instant crack,167,0,0.465,-0.3129,7.3232
whoosh,461017,Fast whoosh,1,a rising whoosh that builds up,224,0,0.6533,-1.0496,5.1451
whoosh,461018,whoosh_into_hit_002.wav,1,a rising whoosh that builds up,224,0,0.6249,-0.942,5.2764
whoosh,461019,whoosh_into_hit_001.wav,1,a rising whoosh that builds up,224,0,0.6626,-0.9593,5.2172
whoosh,461020,whoosh_into_explosion_001.wav,1,a rising whoosh that builds up,224,0,0.626,-0.9438,5.2488
whoosh,461021,simple_whoosh_002.wav,1,a rising whoosh that builds up,224,0,0.7298,-0.8534,5.0467
whoosh,461022,whoosh_into_hit_and_debris_001.wav,1,a rising whoosh that builds up,224,0,0.5927,-0.0789,7.1113
whoosh,461023,whoosh_into_hit_003.wav,1,a rising whoosh that builds up,224,0,0.6121,-0.9988,5.237
whoosh,461024,whoosh_into_hit_flanged_001.wav,1,a rising whoosh that builds up,224,0,0.7484,-0.9137,5.3245
whoosh,463756,V40 001.wav,1,a rising whoosh that builds up,224,0,0.4088,2.0641,9.06
whoosh,464408,Drawer_Open_Whoosh.wav,2,a synthetic electronic sound effect,93,0,0.1414,-2.0472,6.1767
whoosh,467264,Fabrics.mp3,1,a rising whoosh that builds up,224,0,0.4201,-2.0841,6.9731
whoosh,467783,swish.wav,1,a rising whoosh that builds up,224,0,0.6129,-1.4595,6.6986
whoosh,472392,SwooshWabble_E2.wav,3,a single sharp instant crack,167,0,0.3715,2.0803,5.7614
whoosh,475131,"FX - Swoosh - Super Heavy (for swords, sticks, punches, etc)",0,a falling whoosh that fades away,266,1,0.7593,-4.2934,4.9409
whoosh,475132,FX - Swoosh - Light,3,a single sharp instant crack,167,0,0.7699,-3.9235,5.2792
whoosh,475133,FX - Swoosh - Slow,3,a single sharp instant crack,167,0,0.5965,-3.9749,5.1221
whoosh,475134,FX - Swoosh - Super Slow,0,a falling whoosh that fades away,266,1,0.7848,-4.1086,5.1051
whoosh,475136,FX - Swoosh - Knife (High Pitch),3,a single sharp instant crack,167,0,0.4868,-2.103,11.49
whoosh,475137,FX - Swoosh - Light (High Pitch),3,a single sharp instant crack,167,0,0.5384,-2.2905,11.1772
whoosh,475138,FX - Swoosh - Oil boiling,0,a falling whoosh that fades away,266,1,0.7335,-3.74,4.533
whoosh,475140,FX - Swoosh - Fried Fish,1,a rising whoosh that builds up,224,0,0.4746,1.3571,4.4104
whoosh,485073,Shadoks Swoosh and Hit 3,3,a single sharp instant crack,167,0,0.4714,-1.3214,7.4677
whoosh,486234,Whoosh For Whip Zoom,0,a falling whoosh that fades away,266,1,0.9247,-5.6134,5.3065
whoosh,487269,Whoosh sub,1,a rising whoosh that builds up,224,0,0.332,-1.7314,7.9051
whoosh,497714,Short Swoosh Transition 1,3,a single sharp instant crack,167,0,0.6843,-0.9109,5.465
whoosh,497715,Swoosh And Hit 1,1,a rising whoosh that builds up,224,0,0.8045,-1.2353,6.1847
whoosh,512477,Robotic Swish.wav,1,a rising whoosh that builds up,224,0,0.5761,1.7034,4.408
whoosh,517877,Swoosh_Low,1,a rising whoosh that builds up,224,0,0.7011,-1.5998,6.469
whoosh,518048,Basketball Net Swish Sound.wav,3,a single sharp instant crack,167,0,0.5507,-2.4598,6.3713
whoosh,521042,Whoosh_Simple_ER_SFX_3.wav,1,a rising whoosh that builds up,224,0,0.6944,0.3752,4.8894
whoosh,521043,Whoosh_Simple_ER_SFX_2.wav,1,a rising whoosh that builds up,224,0,0.7567,0.2556,4.9061
whoosh,521044,Whoosh_Simple_ER_SFX_1.wav,1,a rising whoosh that builds up,224,0,0.6401,0.1896,4.8741
whoosh,521046,Whoosh_Simple_ER_SFX_5.wav,1,a rising whoosh that builds up,224,0,0.7044,0.3319,4.8485
whoosh,521047,Whoosh_Simple_ER_SFX_4.wav,1,a rising whoosh that builds up,224,0,0.6876,0.3129,4.9155
whoosh,521048,Whoosh_StutterMuted_ER_SFX_12.wav,2,a synthetic electronic sound effect,93,0,0.4783,2.4301,5.9357
whoosh,521049,Whoosh_StutterMuted_ER_SFX_11.wav,2,a synthetic electronic sound effect,93,0,0.4428,2.3949,5.9292
whoosh,521050,Whoosh_StutterMuted_ER_SFX_13.wav,2,a synthetic electronic sound effect,93,0,0.4597,2.3755,5.9551
whoosh,521051,Whoosh_StutterMuted_ER_SFX_15.wav,2,a synthetic electronic sound effect,93,0,0.455,2.4145,5.9689
whoosh,525276,Woody Swoosh.wav,3,a single sharp instant crack,167,0,0.4468,-2.0568,7.6992
whoosh,529397,f_Synth_Whoosh_09.wav,0,a falling whoosh that fades away,266,1,0.751,-2.2312,5.4199
whoosh,529398,f_Synth_Whoosh_06.wav,1,a rising whoosh that builds up,224,0,0.6306,-2.2031,5.3675
whoosh,529399,f_Synth_Whoosh_03.wav,0,a falling whoosh that fades away,266,1,0.6965,-2.1969,5.3852
whoosh,529401,f_Synth_Whoosh_17.wav,0,a falling whoosh that fades away,266,1,0.6408,-2.2146,5.3526
whoosh,529402,f_Synth_Whoosh_16.wav,1,a rising whoosh that builds up,224,0,0.6239,-2.1685,5.4122
whoosh,529403,f_Synth_Whoosh_15.wav,1,a rising whoosh that builds up,224,0,0.5469,-2.1475,5.3183
whoosh,529404,f_Synth_Whoosh_13.wav,1,a rising whoosh that builds up,224,0,0.542,-2.2069,5.3702
whoosh,531105,Whoosh swish glass debris delay.wav,1,a rising whoosh that builds up,224,0,0.2652,-1.94,11.9057
whoosh,531106,Whoosh swish water.wav,1,a rising whoosh that builds up,224,0,0.5427,-0.9842,4.9178
whoosh,534589,ShufflingSwishes.wav,3,a single sharp instant crack,167,0,0.5681,-2.5404,8.0789
whoosh,538067,COUCH HIT AND SWISH_44100.wav,3,a single sharp instant crack,167,0,0.4456,-2.474,6.3359
whoosh,540142,Golf Swing Swoosh.wav,0,a falling whoosh that fades away,266,1,0.7746,-5.198,1.607
whoosh,542384,WHOOSH SATURATION REVERSED,2,a synthetic electronic sound effect,93,0,0.5457,4.6602,2.8566
whoosh,545263,Swish2.mp3,2,a synthetic electronic sound effect,93,0,0.6721,5.3663,2.4494
whoosh,562421,Swish Sound,0,a falling whoosh that fades away,266,1,0.8067,-4.1661,3.8225
whoosh,563072,plastic grain.wav,3,a single sharp instant crack,167,0,0.0722,-2.8083,9.0453
whoosh,563073,plastic crackles.wav,3,a single sharp instant crack,167,0,0.1922,-2.2411,7.571
whoosh,568834,swish/whoosh,2,a synthetic electronic sound effect,93,0,0.555,2.4251,6.8297
whoosh,575836,swoosh.wav,0,a falling whoosh that fades away,266,1,0.8877,-5.1754,5.804
whoosh,577044,cartoon air swoosh 4.wav,0,a falling whoosh that fades away,266,1,0.7243,-4.5624,4.4939
whoosh,577045,cartoon air swoosh 3.wav,0,a falling whoosh that fades away,266,1,0.7386,-4.6035,4.4286
whoosh,577046,cartoon air swoosh 2.wav,0,a falling whoosh that fades away,266,1,0.7346,-4.567,4.4266
whoosh,577047,cartoon air swoosh 1.wav,0,a falling whoosh that fades away,266,1,0.8213,-4.6541,4.4842
whoosh,577050,cartoon air swoosh 5.wav,3,a single sharp instant crack,167,0,0.6958,-4.4553,4.5618
whoosh,579066,noise swoosh 8 lr.mp3,3,a single sharp instant crack,167,0,0.6057,2.3792,4.9005
whoosh,579067,noise swoosh 8 rl.mp3,3,a single sharp instant crack,167,0,0.5711,2.4198,4.906
whoosh,579068,noise swoosh 6 rl.mp3,3,a single sharp instant crack,167,0,0.6595,2.4115,4.8374
whoosh,579069,noise swoosh 6 lr.mp3,3,a single sharp instant crack,167,0,0.6942,2.4081,4.8297
whoosh,579070,noise swoosh 2.mp3,3,a single sharp instant crack,167,0,0.6989,2.4399,4.8595
whoosh,579071,noise swoosh 1.mp3,3,a single sharp instant crack,167,0,0.7049,2.4484,4.8655
whoosh,579072,noise swoosh 7 rl.mp3,3,a single sharp instant crack,167,0,0.6846,2.4099,4.861
whoosh,579073,noise swoosh 7 lr.mp3,3,a single sharp instant crack,167,0,0.6963,2.4361,4.8223
whoosh,585040,clear swish,3,a single sharp instant crack,167,0,0.5758,-4.3028,6.789
whoosh,585255,swoosh-3-double.mp3,0,a falling whoosh that fades away,266,1,0.8891,-4.5961,5.2192
whoosh,585256,swoosh-2.mp3,0,a falling whoosh that fades away,266,1,0.8682,-4.6353,5.277
whoosh,585257,swoosh-1.mp3,0,a falling whoosh that fades away,266,1,0.908,-4.9175,5.4625
whoosh,592671,OWI - Fire Swish,3,a single sharp instant crack,167,0,0.1805,-4.1365,7.2896
whoosh,59990,swosh-03.flac,0,a falling whoosh that fades away,266,1,0.9164,-5.3486,5.5652
whoosh,59994,swosh-07.flac,0,a falling whoosh that fades away,266,1,0.8925,-5.3052,5.296
whoosh,59995,"swosh-08.flac - ""stick cutting air""",0,a falling whoosh that fades away,266,1,0.8674,-5.3656,5.4386
whoosh,59998,Weapon Swing Air Sound,0,a falling whoosh that fades away,266,1,0.8677,-5.3535,5.3803
whoosh,59999,Sword or Bullet Swish/Swosh 12.flac,0,a falling whoosh that fades away,266,1,0.92,-5.3357,5.3518
whoosh,60000,13th Whoosh Swing Sound,0,a falling whoosh that fades away,266,1,0.9042,-6.0084,4.9805
whoosh,60001,Air Cutting 14,0,a falling whoosh that fades away,266,1,0.9074,-5.3986,5.4792
whoosh,60002,Swoosh 15 Windy,0,a falling whoosh that fades away,266,1,0.9212,-5.3797,5.1566
whoosh,60003,Loud Swosh 16,0,a falling whoosh that fades away,266,1,0.9195,-5.0796,4.676
whoosh,60005,Sharp Swosh 18,0,a falling whoosh that fades away,266,1,0.9399,-4.9997,4.7364
whoosh,60007,Swipe Whoosh,0,a falling whoosh that fades away,266,1,0.9286,-5.0194,4.5671
whoosh,60008,21th Air Movement Sound,0,a falling whoosh that fades away,266,1,0.9347,-4.7863,3.3799
whoosh,60009,swosh-22.flac,0,a falling whoosh that fades away,266,1,0.9304,-4.9971,4.7676
whoosh,60011,whoosh 24,0,a falling whoosh that fades away,266,1,0.8947,-4.9677,4.6951
whoosh,60016,windy movement 29,0,a falling whoosh that fades away,266,1,0.9295,-5.7644,5.2151
whoosh,60017,swosh-30.flac,0,a falling whoosh that fades away,266,1,0.925,-5.8621,5.2696
whoosh,60018,wind swing 31,0,a falling whoosh that fades away,266,1,0.9316,-5.6505,5.444
whoosh,60019,Quadruple Whoosh!!!,0,a falling whoosh that fades away,266,1,0.9195,-5.7581,5.3259
whoosh,60020,swoshing sound 33.flac,0,a falling whoosh that fades away,266,1,0.9205,-5.7684,5.2658
whoosh,60021,Triple Whoosh! (potential Z for Zorro sound),0,a falling whoosh that fades away,266,1,0.9132,-5.7397,5.1431
whoosh,60022,swosh-35.flac,0,a falling whoosh that fades away,266,1,0.9023,-5.917,5.326
whoosh,60024,swosh swinging sword 37.flac,0,a falling whoosh that fades away,266,1,0.8753,-5.9992,5.2142
whoosh,60025,Double Whoosh 2,0,a falling whoosh that fades away,266,1,0.9113,-5.8807,5.3462
whoosh,60026,"Swosh swoosh whoosh air sound, free, high quality",0,a falling whoosh that fades away,266,1,0.9031,-6.0205,5.205
whoosh,60028,Double Whoosh,0,a falling whoosh that fades away,266,1,0.9066,-5.935,5.3795
whoosh,60030,Swosh / Whoosh / Air Cut,0,a falling whoosh that fades away,266,1,0.9,-5.8178,5.1944
whoosh,607250,Swoosh 3,1,a rising whoosh that builds up,224,0,0.7437,-4.4928,2.9272
whoosh,607251,Swoosh 2,1,a rising whoosh that builds up,224,0,0.7195,-0.9842,5.0062
whoosh,607252,Swoosh 1,0,a falling whoosh that fades away,266,1,0.8235,-4.7301,4.9365
whoosh,611289,water swish,3,a single sharp instant crack,167,0,0.4564,-3.6634,7.0611
whoosh,611683,Plasma Fire Swoosh.wav,1,a rising whoosh that builds up,224,0,0.4405,0.1766,7.4877
whoosh,614151,Swishes_13_fast.wav,0,a falling whoosh that fades away,266,1,0.764,-4.6603,7.6684
whoosh,614152,Swishes_12_slower_strong.wav,0,a falling whoosh that fades away,266,1,0.8004,-4.7211,7.6141
whoosh,614153,Swishes_11_gentle.wav,0,a falling whoosh that fades away,266,1,0.8175,-4.701,7.5002
whoosh,614154,Swishes_10_gentle_fast.wav,0,a falling whoosh that fades away,266,1,0.8117,-4.6689,7.4962
whoosh,614155,Swishes_16_strong_fast.wav,0,a falling whoosh that fades away,266,1,0.8162,-4.647,7.3873
whoosh,614156,Swishes_16_soft_slower.wav,0,a falling whoosh that fades away,266,1,0.7446,-4.5929,7.5517
whoosh,614157,Swishes_15_gentle_slower2.wav,0,a falling whoosh that fades away,266,1,0.7765,-4.5116,7.5067
whoosh,614158,Swishes_14_gentle_slower.wav,0,a falling whoosh that fades away,266,1,0.7169,-4.4803,7.6463
whoosh,614159,Swishes_1_short_fast.wav,0,a falling whoosh that fades away,266,1,0.7974,-4.7212,7.3587
whoosh,614160,Swishes_16_strong_slower.wav,0,a falling whoosh that fades away,266,1,0.7694,-4.6515,7.6028
whoosh,614161,Swishes_2_short_fast_rattle_stronger.wav,0,a falling whoosh that fades away,266,1,0.6731,-4.6867,7.6127
whoosh,614162,Swishes_8_hill_curve.wav,0,a falling whoosh that fades away,266,1,0.785,-4.7887,7.5286
whoosh,614163,Swishes_2_short_fast_rattle.wav,0,a falling whoosh that fades away,266,1,0.6563,-4.5811,7.6087
whoosh,614164,Swishes_7_slower_leadup.wav,0,a falling whoosh that fades away,266,1,0.7606,-4.7761,7.6477
whoosh,614165,Swishes_3_gentle_Double.wav,0,a falling whoosh that fades away,266,1,0.707,-4.7605,7.5767
whoosh,614166,Swishes_7_slower_leadup_strong.wav,0,a falling whoosh that fades away,266,1,0.6475,-4.7981,7.6438
whoosh,614167,Swishes_5_stronger_fast.wav,0,a falling whoosh that fades away,266,1,0.7899,-4.8129,7.4931
whoosh,614168,Swishes_6_slower_leadup.wav,0,a falling whoosh that fades away,266,1,0.7441,-4.71,7.7927
whoosh,614169,Swishes_9_hill_curve_stronger.wav,0,a falling whoosh that fades away,266,1,0.8361,-4.7305,7.3705
whoosh,614170,Swishes_4_strong_fast.wav,0,a falling whoosh that fades away,266,1,0.7815,-4.7459,7.5723
whoosh,620347,whoosh 4.wav,0,a falling whoosh that fades away,266,1,0.7278,-3.1301,4.7381
whoosh,620349,whoosh 2.wav,0,a falling whoosh that fades away,266,1,0.7285,-3.1941,4.6535
whoosh,620350,whoosh 1.wav,0,a falling whoosh that fades away,266,1,0.7621,-3.2444,4.6265
whoosh,622688,woosh_transition-nondiegetic04.aiff,3,a single sharp instant crack,167,0,0.4975,-4.2692,9.7182
whoosh,622689,woosh_transition-nondiegetic03.aiff,3,a single sharp instant crack,167,0,0.4952,-4.306,9.7337
whoosh,622690,woosh_transition-nondiegetic02.aiff,3,a single sharp instant crack,167,0,0.4186,-4.2094,9.6524
whoosh,622691,woosh_transition-nondiegetic01.aiff,3,a single sharp instant crack,167,0,0.4885,-4.2501,9.7351
whoosh,622692,woosh_transition-nondiegetic08.aiff,3,a single sharp instant crack,167,0,0.3982,-4.2792,9.7318
whoosh,622693,woosh_transition-nondiegetic07.aiff,3,a single sharp instant crack,167,0,0.4859,-4.2546,9.6963
whoosh,622694,woosh_transition-nondiegetic06.aiff,3,a single sharp instant crack,167,0,0.2855,-4.2711,9.7201
whoosh,622695,woosh_transition-nondiegetic05.aiff,3,a single sharp instant crack,167,0,0.529,-4.2587,9.6937
whoosh,622696,woosh_transition-nondiegetic10.aiff,3,a single sharp instant crack,167,0,0.4605,-4.3005,9.7412
whoosh,626440,Swoosh sound.mp3,1,a rising whoosh that builds up,224,0,0.6159,-2.1919,7.9815
whoosh,627922,sip and mouth swish.wav,3,a single sharp instant crack,167,0,0.1864,-4.2193,9.6584
whoosh,629329,2770 1-FP-SWOOSH-SW-TMc 21 A-1.aif,3,a single sharp instant crack,167,0,0.6412,-1.7118,10.4134
whoosh,629330,2770 1-FP-SWOOSH-SW-TMc 18 F#-1.aif,3,a single sharp instant crack,167,0,0.7405,-1.6453,10.3528
whoosh,629331,2770 1-FP-SWOOSH-SW-TMc 15 D#-1.aif,3,a single sharp instant crack,167,0,0.6888,-1.6378,10.3188
whoosh,629332,2770 1-FP-SWOOSH-SW-TMc 12 C-1.aif,3,a single sharp instant crack,167,0,0.6168,-1.6682,10.3659
whoosh,629333,2770 1-FP-SWOOSH-SW-TMc 33 A0.aif,3,a single sharp instant crack,167,0,0.7566,-1.7746,10.4376
whoosh,629334,2770 1-FP-SWOOSH-SW-TMc 30 F#0.aif,3,a single sharp instant crack,167,0,0.7086,-1.737,10.2831
whoosh,629335,2770 1-FP-SWOOSH-SW-TMc 27 D#0.aif,3,a single sharp instant crack,167,0,0.8152,-1.7437,10.2887
whoosh,629336,2770 1-FP-SWOOSH-SW-TMc 24 C0.aif,3,a single sharp instant crack,167,0,0.5202,-1.6278,10.2877
whoosh,629337,2770 1-FP-SWOOSH-SW-TMc 9 A-2.aif,3,a single sharp instant crack,167,0,0.7174,-1.663,10.344
whoosh,629338,2770 1-FP-SWOOSH-SW-TMc 36 C1.aif,3,a single sharp instant crack,167,0,0.7502,-1.8531,10.4588
whoosh,629339,2770 1-FP-SWOOSH-SW-TMc 48 C2.aif,3,a single sharp instant crack,167,0,0.7431,-2.0624,10.7351
whoosh,629340,2770 1-FP-SWOOSH-SW-TMc 45 A1.aif,3,a single sharp instant crack,167,0,0.7004,-1.9764,10.6552
whoosh,629341,2770 1-FP-SWOOSH-SW-TMc 42 F#1.aif,3,a single sharp instant crack,167,0,0.7553,-1.9158,10.5487
whoosh,629342,2770 1-FP-SWOOSH-SW-TMc 39 D#1.aif,3,a single sharp instant crack,167,0,0.767,-1.8472,10.5244
whoosh,629343,2770 1-FP-SWOOSH-SW-TMc 60 C3.aif,3,a single sharp instant crack,167,0,0.713,-2.1965,10.9617
whoosh,629344,2770 1-FP-SWOOSH-SW-TMc 57 A2.aif,3,a single sharp instant crack,167,0,0.7382,-2.1952,10.9492
whoosh,629345,2770 1-FP-SWOOSH-SW-TMc 54 F#2.aif,3,a single sharp instant crack,167,0,0.6657,-2.0823,10.7842
whoosh,629346,2770 1-FP-SWOOSH-SW-TMc 51 D#2.aif,3,a single sharp instant crack,167,0,0.7532,-2.0744,10.7881
whoosh,629347,2770 1-FP-SWOOSH-SW-TMc 66 F#3.aif,3,a single sharp instant crack,167,0,0.7993,-2.2785,11.3104
whoosh,629348,2770 1-FP-SWOOSH-SW-TMc 63 D#3.aif,3,a single sharp instant crack,167,0,0.7173,-2.2173,11.01
whoosh,629349,2770 1-FP-SWOOSH-SW-TMc 78 F#4.aif,3,a single sharp instant crack,167,0,0.811,-2.3207,11.31
whoosh,629350,2770 1-FP-SWOOSH-SW-TMc 75 D#4.aif,3,a single sharp instant crack,167,0,0.8111,-2.3232,11.3382
whoosh,629351,2770 1-FP-SWOOSH-SW-TMc 72 C4.aif,3,a single sharp instant crack,167,0,0.821,-2.3436,11.2994
whoosh,629352,2770 1-FP-SWOOSH-SW-TMc 69 A3.aif,3,a single sharp instant crack,167,0,0.7931,-2.3286,11.2626
whoosh,629353,2770 1-FP-SWOOSH-SW-TMc 90 F#5.aif,3,a single sharp instant crack,167,0,0.7292,-2.1415,11.6462
whoosh,629354,2770 1-FP-SWOOSH-SW-TMc 87 D#5.aif,3,a single sharp instant crack,167,0,0.7995,-2.1938,11.5378
whoosh,629355,2770 1-FP-SWOOSH-SW-TMc 84 C5.aif,3,a single sharp instant crack,167,0,0.8031,-2.2982,11.3708
whoosh,629356,2770 1-FP-SWOOSH-SW-TMc 81 A4.aif,3,a single sharp instant crack,167,0,0.8288,-2.3761,11.397
whoosh,629357,2770 1-FP-SWOOSH-SW-TMc 96 C6.aif,3,a single sharp instant crack,167,0,0.8012,-2.0788,11.8416
whoosh,629358,2770 1-FP-SWOOSH-SW-TMc 93 A5.aif,3,a single sharp instant crack,167,0,0.7671,-2.0966,11.7907
whoosh,629359,2770 1-FP-SWOOSH-SW-TMc 111 D#7.aif,3,a single sharp instant crack,167,0,0.5473,-2.0966,12.0755
whoosh,629360,2770 1-FP-SWOOSH-SW-TMc 108 C7.aif,3,a single sharp instant crack,167,0,0.5516,-2.0581,12.0958
whoosh,629361,2770 1-FP-SWOOSH-SW-TMc 105 A6.aif,3,a single sharp instant crack,167,0,0.6035,-2.0435,12.0627
whoosh,629362,2770 1-FP-SWOOSH-SW-TMc 102 F#6.aif,3,a single sharp instant crack,167,0,0.6981,-2.0117,11.9601
whoosh,629363,2770 1-FP-SWOOSH-SW-TMc 99 D#6.aif,3,a single sharp instant crack,167,0,0.7043,-2.0279,11.9919
whoosh,629364,2770 1-FP-SWOOSH-SW-TMc 120 C8.aif,3,a single sharp instant crack,167,0,0.5696,-2.0863,12.1161
whoosh,629365,2770 1-FP-SWOOSH-SW-TMc 117 A7.aif,3,a single sharp instant crack,167,0,0.5747,-2.0824,12.1308
whoosh,629366,2770 1-FP-SWOOSH-SW-TMc 114 F#7.aif,3,a single sharp instant crack,167,0,0.5417,-2.0517,12.0827
whoosh,632763,Transition Swoosh,3,a single sharp instant crack,167,0,0.7856,-2.7301,6.1961
whoosh,63829,Whoosh.wav,3,a single sharp instant crack,167,0,0.4498,0.5424,5.3089
whoosh,641049,Swoosh (Whippy),1,a rising whoosh that builds up,224,0,0.6392,1.862,6.6873
whoosh,667419,Swish wipe HZA 16-05-2022.wav,1,a rising whoosh that builds up,224,0,0.6692,-0.741,4.6813
whoosh,671564,Gas Stove Fire Start Lighter 2,1,a rising whoosh that builds up,224,0,0.1914,-1.8527,7.4317
whoosh,672569,Swoosh Slam.wav,3,a single sharp instant crack,167,0,0.2637,-1.8792,7.4294
whoosh,675772,S31-09 Flare whoosh.wav,3,a single sharp instant crack,167,0,0.3505,-0.9303,6.6015
whoosh,682143,Metal swoosh 1.wav,2,a synthetic electronic sound effect,93,0,0.3757,1.7824,6.519
whoosh,682144,Metal swoosh 2.wav,2,a synthetic electronic sound effect,93,0,0.4264,1.6405,6.4723
whoosh,683096,Woosh,1,a rising whoosh that builds up,224,0,0.7741,-0.2157,4.4626
whoosh,683101,quick woosh,0,a falling whoosh that fades away,266,1,0.8088,-3.3136,5.7648
whoosh,683925,Whoosh 1.wav,0,a falling whoosh that fades away,266,1,0.7849,-4.9512,4.2189
whoosh,688616,tamborine_swish_rhapsodize.wav,1,a rising whoosh that builds up,224,0,0.4968,1.2735,4.4227
whoosh,698397,ZWOEF,3,a single sharp instant crack,167,0,0.6314,-3.5442,6.6088
whoosh,699468,ATKSWISH.WAV,1,a rising whoosh that builds up,224,0,0.5036,-1.6357,7.6068
whoosh,699469,SWSHSNAR.WAV,1,a rising whoosh that builds up,224,0,0.3703,-1.6425,7.7633
whoosh,700209,Custom_punch_01_w_whoosh_2022.mp3,3,a single sharp instant crack,167,0,0.6819,-2.6083,6.8787
whoosh,700210,Custom_punch_02_w_whoosh_2022.mp3,3,a single sharp instant crack,167,0,0.7077,-2.5993,6.9034
whoosh,700211,Custom_punch_03_w_whoosh_2022.mp3,3,a single sharp instant crack,167,0,0.7307,-2.5061,6.8875
whoosh,700212,Custom_punch_04_w_whoosh_2022.mp3,3,a single sharp instant crack,167,0,0.7154,-2.6699,6.7797
whoosh,700213,Custom_punch_05_w_whoosh_2022.mp3,3,a single sharp instant crack,167,0,0.6542,-2.6171,6.8579
whoosh,705755,Custom_tmnt_2012_inspired_leo_sword_clash_w_whoosh_and_reverse_ringout_sound.wav,3,a single sharp instant crack,167,0,0.6881,-2.8081,6.6809
whoosh,716930,Basketball Swish,3,a single sharp instant crack,167,0,0.4732,-2.5762,7.4191
whoosh,725426,Fishing Rod Cast - Swoosh,3,a single sharp instant crack,167,0,0.4831,-3.5007,6.8827
whoosh,731220,new swoosh,1,a rising whoosh that builds up,224,0,0.6843,-2.1945,4.391
whoosh,731221,new swoosh with an eq dip in middle,1,a rising whoosh that builds up,224,0,0.6482,-2.1371,4.3677
whoosh,731222,new swoosh quicker and deeper,0,a falling whoosh that fades away,266,1,0.6847,-2.3217,4.4552
whoosh,731223,new swoosh quick,0,a falling whoosh that fades away,266,1,0.6854,-2.2037,4.4181
whoosh,732709,Swoosh Gymnasium Sabres,0,a falling whoosh that fades away,266,1,0.7749,-4.317,6.2781
whoosh,733888,Whoosh 01,3,a single sharp instant crack,167,0,0.8222,-1.8918,10.1375
whoosh,733889,Whoosh 02,0,a falling whoosh that fades away,266,1,0.6833,-5.2086,5.3591
whoosh,733905,Punch 02 - Whoosh,3,a single sharp instant crack,167,0,0.4273,-2.4288,6.6545
whoosh,733933,Swoosh 01,1,a rising whoosh that builds up,224,0,0.7263,-0.3723,4.5494
whoosh,733934,Swoosh 02,1,a rising whoosh that builds up,224,0,0.8508,-0.4526,4.7699
whoosh,733935,Swoosh 03,1,a rising whoosh that builds up,224,0,0.7289,-0.3412,4.572
whoosh,733936,Swoosh 04,1,a rising whoosh that builds up,224,0,0.718,-0.3927,4.6619
whoosh,733937,Swoosh 05,1,a rising whoosh that builds up,224,0,0.6659,-0.3307,4.6409
whoosh,733938,Swoosh 06,1,a rising whoosh that builds up,224,0,0.7927,-0.3208,4.692
whoosh,73572,Backwards_air_swish.wav.wav,1,a rising whoosh that builds up,224,0,0.4949,-0.9656,7.522
whoosh,745818,Formula 1 Racecar Whoosh Zip Flyby 5,2,a synthetic electronic sound effect,93,0,0.4202,-0.6131,7.1225
whoosh,74688,Swoosh 1.wav,0,a falling whoosh that fades away,266,1,0.8915,-5.7074,4.4694
whoosh,74689,Swoosh 2.wav,0,a falling whoosh that fades away,266,1,0.9266,-5.6659,4.4509
whoosh,74690,Swoosh 3.wav,0,a falling whoosh that fades away,266,1,0.8916,-5.5872,4.4131
whoosh,74864,Swoosh 6.wav,0,a falling whoosh that fades away,266,1,0.9095,-5.6143,4.6719
whoosh,74876,Swoosh 7.wav,1,a rising whoosh that builds up,224,0,0.7412,-4.7531,3.0275
whoosh,74917,Whoosh Compressed.wav,1,a rising whoosh that builds up,224,0,0.9004,-0.129,5.5703
whoosh,75536,swish Bamboo pole w insect net 04.wav,0,a falling whoosh that fades away,266,1,0.9008,-3.6024,3.5651
whoosh,75539,swish Bamboo pole w insect net 07.wav,0,a falling whoosh that fades away,266,1,0.9101,-3.765,3.3854
whoosh,75540,swish Bamboo pole w insect net 08.wav,0,a falling whoosh that fades away,266,1,0.8972,-3.7116,3.4063
whoosh,75541,swish Bamboo pole w insect net 09.wav,0,a falling whoosh that fades away,266,1,0.9359,-3.6337,3.464
whoosh,75542,swish Bamboo pole w insect net 10.wav,0,a falling whoosh that fades away,266,1,0.932,-3.7022,3.2673
whoosh,75543,swish Bamboo pole w insect net 11.wav,0,a falling whoosh that fades away,266,1,0.9266,-3.7728,3.3896
whoosh,75544,swish Bamboo pole w insect net 12.wav,0,a falling whoosh that fades away,266,1,0.9179,-3.6875,3.3679
whoosh,757256,Whooshes,3,a single sharp instant crack,167,0,0.5873,-3.5707,5.8857
whoosh,758083,SFX_WooshLong1,0,a falling whoosh that fades away,266,1,0.7993,-4.9944,4.1509
whoosh,758084,SFX_WooshLong4,0,a falling whoosh that fades away,266,1,0.9094,-4.8873,4.2807
whoosh,758085,SFX_WooshLong5,0,a falling whoosh that fades away,266,1,0.9073,-4.9817,4.3263
whoosh,758086,SFX_WooshLong6,0,a falling whoosh that fades away,266,1,0.8816,-4.9732,4.2577
whoosh,761174,220727_002_whoosh_sound_01,0,a falling whoosh that fades away,266,1,0.7713,-4.0396,3.7323
whoosh,761175,light_whoosh_sound_01_06182024,0,a falling whoosh that fades away,266,1,0.7204,-4.2776,6.1791
whoosh,761413,Swoosh (reverb),1,a rising whoosh that builds up,224,0,0.5626,1.9227,9.0992
whoosh,761414,Swoosh,1,a rising whoosh that builds up,224,0,0.5367,1.9526,9.0967
whoosh,76417,Swish.wav,0,a falling whoosh that fades away,266,1,0.851,-5.1473,5.2023
whoosh,773053,News Center Whoosh,1,a rising whoosh that builds up,224,0,0.7208,-1.2391,6.7862
whoosh,776017,WHOOSH_DN,1,a rising whoosh that builds up,224,0,0.6207,-1.2489,7.7944
whoosh,777319,custom_TMNT_2012_punches_w_textured_whoosh_sound_12192024,3,a single sharp instant crack,167,0,0.6896,-2.8228,6.7941
whoosh,77936,Ropeswoosh 1.wav,0,a falling whoosh that fades away,266,1,0.7142,-5.18,3.2642
whoosh,77937,Ropeswoosh 2.wav,0,a falling whoosh that fades away,266,1,0.7994,-5.2906,3.3041
whoosh,779808,Swoosh,3,a single sharp instant crack,167,0,0.8302,-2.603,7.6143
whoosh,78249,Ropeswoosh 5.wav,0,a falling whoosh that fades away,266,1,0.8387,-5.3519,3.6942
whoosh,785407,heavy_textured_whoosh_01,3,a single sharp instant crack,167,0,0.7201,-2.4429,6.8839
whoosh,786013,Editedbasketball_mixdown,3,a single sharp instant crack,167,0,0.2062,-2.5165,6.7101
whoosh,786514,swoosh_v2,3,a single sharp instant crack,167,0,0.3785,1.8264,6.3081
whoosh,788415,Whoosh -Plastic diving fin flat side - A-B 20cm - 2,0,a falling whoosh that fades away,266,1,0.8315,-3.6297,3.927
whoosh,796911,bass synth loop 2.wav,2,a synthetic electronic sound effect,93,0,0.2569,3.2189,6.3867
whoosh,796923,digital chunk.wav,3,a single sharp instant crack,167,0,0.6735,-2.0293,9.9003
whoosh,796932,dimensional shift 17.wav,2,a synthetic electronic sound effect,93,0,0.4045,3.2607,6.4465
whoosh,796934,dimensional shift 19.wav,2,a synthetic electronic sound effect,93,0,0.592,2.7632,6.3615
whoosh,796938,dimensional shift 5.wav,2,a synthetic electronic sound effect,93,0,0.671,2.4116,5.9567
whoosh,796942,dubby alien pad glitch.wav,2,a synthetic electronic sound effect,93,0,0.3814,3.2236,6.4552
whoosh,796953,feedback note alien pad.wav,2,a synthetic electronic sound effect,93,0,0.2559,3.1998,6.3418
whoosh,796954,glitch fx 1.wav,2,a synthetic electronic sound effect,93,0,0.2875,3.1427,6.3814
whoosh,796964,lead synth harsh.wav,2,a synthetic electronic sound effect,93,0,0.1859,3.2151,6.379
whoosh,796967,note glitch.wav,2,a synthetic electronic sound effect,93,0,0.2376,3.2898,6.3826
whoosh,796976,rhythmic glitch loop.wav,2,a synthetic electronic sound effect,93,0,0.185,3.0868,6.3749
whoosh,796988,synth note glitch pad.wav,2,a synthetic electronic sound effect,93,0,0.3988,3.2521,6.4295
whoosh,796989,synth note short.wav,2,a synthetic electronic sound effect,93,0,0.3496,3.2529,6.4345
whoosh,802119,whoosh_fx,1,a rising whoosh that builds up,224,0,0.3997,1.2867,4.4954
whoosh,802450,Stick - Reverse Whooshes,0,a falling whoosh that fades away,266,1,0.9012,-5.6697,5.2735
whoosh,802451,Stick - Whoosh 1,0,a falling whoosh that fades away,266,1,0.9287,-5.2397,3.8596
whoosh,802454,Stick - Whoosh 12,0,a falling whoosh that fades away,266,1,0.7777,-4.8034,3.8073
whoosh,802457,Stick - Whoosh 15 (double whoosh),0,a falling whoosh that fades away,266,1,0.8745,-3.463,4.0149
whoosh,802460,Stick - Whoosh 2,0,a falling whoosh that fades away,266,1,0.9205,-4.9036,4.1017
whoosh,802461,Stick - Whoosh 3,0,a falling whoosh that fades away,266,1,0.9062,-4.8643,4.1253
whoosh,802462,Stick - Whoosh 4 (typical stick swing),0,a falling whoosh that fades away,266,1,0.8937,-4.8562,4.1339
whoosh,802463,Stick - Whoosh 5,0,a falling whoosh that fades away,266,1,0.9287,-5.0802,4.0109
whoosh,802464,Stick - Whoosh 6,0,a falling whoosh that fades away,266,1,0.8493,-4.8959,4.1454
whoosh,802466,Stick - Whoosh 8,0,a falling whoosh that fades away,266,1,0.8849,-3.6806,4.0506
whoosh,802471,Fighting whoosh and disappear,0,a falling whoosh that fades away,266,1,0.864,-3.9404,4.2352
whoosh,802475,Whoosh - Plastic Hanger 2 (Outer clip) 1,0,a falling whoosh that fades away,266,1,0.8699,-3.3613,4.1312
whoosh,802476,Whoosh - Plastic Hanger 2 (Outer clip) 2,0,a falling whoosh that fades away,266,1,0.8461,-3.2017,4.1628
whoosh,802477,Whoosh - Plastic Hanger 2 (Outer clip) 3,0,a falling whoosh that fades away,266,1,0.9442,-3.4526,4.1468
whoosh,802479,Whoosh - Plastic Hanger 2 (Outer clip) 5,0,a falling whoosh that fades away,266,1,0.8664,-3.3212,4.0853
whoosh,802480,Whoosh - Plastic Hanger 2 (Outer clip) 6,0,a falling whoosh that fades away,266,1,0.8944,-3.3459,4.076
whoosh,802483,Whoosh - Plastic Hanger 2 (middle clip) 2,0,a falling whoosh that fades away,266,1,0.9233,-3.2889,4.0561
whoosh,802485,Whoosh - Plastic Hanger 2 (middle clip) 4,0,a falling whoosh that fades away,266,1,0.9242,-3.5432,3.8587
whoosh,802486,Whoosh - Plastic Hanger 2 (middle clip) 5,0,a falling whoosh that fades away,266,1,0.873,-3.4395,4.2617
whoosh,802487,Whoosh - Plastic Hanger 2 (middle clip) 6,0,a falling whoosh that fades away,266,1,0.9087,-3.3728,4.1297
whoosh,802488,Whoosh - Plastic Hanger 2 (middle clip) 7,0,a falling whoosh that fades away,266,1,0.9258,-3.3662,4.0593
whoosh,802489,Whoosh - Plastic Hanger 2 (middle clip) 8,0,a falling whoosh that fades away,266,1,0.9347,-3.3643,3.9884
whoosh,802490,Whoosh - Plastic Hanger 2 (middle clip) 9,0,a falling whoosh that fades away,266,1,0.9018,-3.2605,4.0361
whoosh,803771,whoosh 1 long,2,a synthetic electronic sound effect,93,0,0.3489,0.4701,7.7996
whoosh,804595,whistle_whoosh,1,a rising whoosh that builds up,224,0,0.3782,-1.9196,8.307
whoosh,805111,"TOONMisc-CU_Spin, Slide Whistle, Windy Swooshes_Nicholas Judy_TDC",3,a single sharp instant crack,167,0,0.3303,-2.2567,7.913
whoosh,805138,"TOONSwsh-Blue Snowball Microphone, CU_Twirling Swishes, Slow, Looped_Nicholas Judy_TDC",2,a synthetic electronic sound effect,93,0,0.3073,-2.0333,7.5741
whoosh,805142,TOONSwsh-CU_Windy Swooshes 01_Nicholas Judy_TDC,1,a rising whoosh that builds up,224,0,0.5225,-0.9784,7.6248
whoosh,805143,TOONSwsh-CU_Windy Swooshes 02_Nicholas Judy_TDC,1,a rising whoosh that builds up,224,0,0.58,-1.2005,7.5828
whoosh,806790,"DSGNWhsh-Blue Snowball Microphone, CU_Straw, Whoosh In_Nicholas Judy_TDC",2,a synthetic electronic sound effect,93,0,0.7764,4.6548,2.73
whoosh,807286,CRT TV Whoosh,1,a rising whoosh that builds up,224,0,0.5188,-1.819,4.4026
whoosh,807288,Dx7 GROUND NOISE WHOOSH 2,1,a rising whoosh that builds up,224,0,0.5614,0.3267,5.2315
whoosh,807289,Dx7 GROUND NOISE WHOOSH,2,a synthetic electronic sound effect,93,0,0.508,0.5872,5.3075
whoosh,807290,JET WHOOSH DRY,1,a rising whoosh that builds up,224,0,0.5791,-0.2308,5.0365
whoosh,807291,JET WHOOSH LOW,1,a rising whoosh that builds up,224,0,0.7094,-0.1336,4.9781
whoosh,807292,JET WHOOSH VERB,1,a rising whoosh that builds up,224,0,0.7097,-0.0203,5.1616
whoosh,807293,NOISE SWEEP HIGH,1,a rising whoosh that builds up,224,0,0.7687,0.208,4.748
whoosh,807294,NOISE SWEEP LOW,1,a rising whoosh that builds up,224,0,0.6906,-0.0699,4.7517
whoosh,807295,NOISE SWEEP RISE,2,a synthetic electronic sound effect,93,0,0.5292,1.9692,6.2099
whoosh,807296,SCI FI WHOOSH 4 SLAPBACK,3,a single sharp instant crack,167,0,0.5614,-2.5477,5.7233
whoosh,807297,SCI FI WHOOSH DRY,3,a single sharp instant crack,167,0,0.5086,-2.6169,5.7101
whoosh,807298,TONAL CHORD HIT,3,a single sharp instant crack,167,0,0.3839,1.6297,6.3877
whoosh,807300,TONAL WHOOSH 3,2,a synthetic electronic sound effect,93,0,0.3275,1.1675,5.488
whoosh,807301,TONAL WHOOSH,2,a synthetic electronic sound effect,93,0,0.3628,1.1426,5.5038
whoosh,807302,WEIRD RUMBLE,1,a rising whoosh that builds up,224,0,0.4285,-0.1252,7.5396
whoosh,807304,WHOOSH 1,0,a falling whoosh that fades away,266,1,0.7405,-3.5091,4.0892
whoosh,810321,Awesome Swish,1,a rising whoosh that builds up,224,0,0.8215,-1.4873,6.2061
whoosh,810825,"SWSH-Blue Snowball Microphone, CU_Stick, Small, Swishes, X4_Nicholas Judy_TDC",3,a single sharp instant crack,167,0,0.6108,-2.559,6.3985
whoosh,810827,"SWSH-Blue Snowball Microphone, CU_Swishes, Simulated Using Nails On Plastic Tray 01_Nicholas Judy_TDC",3,a single sharp instant crack,167,0,0.5472,-2.3195,6.3054
whoosh,810834,"SWSH_Vocal, Single_Nicholas Judy_TDC",3,a single sharp instant crack,167,0,0.7135,-2.4523,11.1215
whoosh,812636,Sound Design Elements Whoosh SFX 001,2,a synthetic electronic sound effect,93,0,0.6664,2.1543,6.7417
whoosh,812639,Sound Design Elements Whoosh SFX 004,2,a synthetic electronic sound effect,93,0,0.7058,2.3849,6.8873
whoosh,812640,Sound Design Elements Whoosh SFX 005,2,a synthetic electronic sound effect,93,0,0.6065,2.4583,6.8906
whoosh,812642,Sound Design Elements Whoosh SFX 007,1,a rising whoosh that builds up,224,0,0.7203,1.889,6.5891
whoosh,812643,Sound Design Elements Whoosh SFX 008,1,a rising whoosh that builds up,224,0,0.7236,1.8148,6.5708
whoosh,812644,Sound Design Elements Whoosh SFX 009,2,a synthetic electronic sound effect,93,0,0.6931,1.8423,6.5501
whoosh,812649,Sound Design Elements Whoosh SFX 014,2,a synthetic electronic sound effect,93,0,0.6647,2.1991,6.6488
whoosh,812650,Sound Design Elements Whoosh SFX 015,2,a synthetic electronic sound effect,93,0,0.6791,1.9741,6.549
whoosh,812656,Sound Design Elements Whoosh SFX 021,2,a synthetic electronic sound effect,93,0,0.6983,1.933,6.5595
whoosh,812658,Sound Design Elements Whoosh SFX 023,1,a rising whoosh that builds up,224,0,0.6985,1.952,6.6244
whoosh,812663,Sound Design Elements Whoosh SFX 028,1,a rising whoosh that builds up,224,0,0.6592,1.9505,6.6228
whoosh,812668,Sound Design Elements Whoosh SFX 033,2,a synthetic electronic sound effect,93,0,0.6142,2.4119,6.9477
whoosh,812669,Sound Design Elements Whoosh SFX 034,2,a synthetic electronic sound effect,93,0,0.5457,2.4434,6.9623
whoosh,812673,Sound Design Elements Whoosh SFX 038,2,a synthetic electronic sound effect,93,0,0.6406,2.3928,6.9918
whoosh,812674,Sound Design Elements Whoosh SFX 039,2,a synthetic electronic sound effect,93,0,0.5552,2.4435,6.9675
whoosh,814845,"WATRMvmt-Samsung Galaxy Smartphone, CU_Whoosh By_Nicholas Judy_TDC",1,a rising whoosh that builds up,224,0,0.3637,0.2906,5.7477
whoosh,814915,Whoosh - Mosquito racked Mixed,3,a single sharp instant crack,167,0,0.8299,-1.8173,6.3895
whoosh,814916,Whoosh - Mosquito racket (Slowed down) 1,0,a falling whoosh that fades away,266,1,0.8522,-4.6039,3.3143
whoosh,815636,"SWSH-Samsung Galaxy Smartphone, CU_Racquet, Racquetball_Nicholas Judy_TDC",3,a single sharp instant crack,167,0,0.783,-2.3049,11.299
whoosh,816260,250712_Broomstick whoosh 1 - Impactful OKM1,0,a falling whoosh that fades away,266,1,0.7594,-3.5199,3.8785
whoosh,829635,"DSGNWhsh_Whoosh, Futuristic, Synthetic, Pass-By, Cinematic_01_JW Audio",2,a synthetic electronic sound effect,93,0,0.6699,2.4018,6.8469
whoosh,829641,"DSGNWhsh_Whoosh, Futuristic, Synthetic, Pass-By, Cinematic_02_JW Audio",2,a synthetic electronic sound effect,93,0,0.6744,2.2321,6.4431
whoosh,829796,Previous-Moving in water/Swish-1,1,a rising whoosh that builds up,224,0,0.3372,-0.5903,6.261
whoosh,829797,Previous-Moving in water/Swish-2,1,a rising whoosh that builds up,224,0,0.343,-0.5558,6.2081
whoosh,829798,Previous-Moving in water/Swish-3,1,a rising whoosh that builds up,224,0,0.3952,-0.6074,6.3522
whoosh,829799,Previous-Moving in water/Swish-4,1,a rising whoosh that builds up,224,0,0.4475,-0.6215,6.4877
whoosh,832826,Whooshes / Swishes,0,a falling whoosh that fades away,266,1,0.7691,-4.6139,7.0368
whoosh,847042,"SPRTCourt-Samsung Galaxy Smartphone, CU_Basketball, Swish Into Net_Nicholas Judy_TDC",3,a single sharp instant crack,167,0,0.6901,-1.9175,10.2165
whoosh,848212,"DSGNWhsh_Whoosh, Futuristic, Synthetic, Pass-By, Cinematic_03_JW Audio",1,a rising whoosh that builds up,224,0,0.454,2.1412,6.8846
whoosh,848227,"SWSH-Samsung Galaxy Smartphone, CU_Arrow_Nicholas Judy_TDC",0,a falling whoosh that fades away,266,1,0.776,-3.0465,5.9794
whoosh,850164,swoosh_bamboo_01,3,a single sharp instant crack,167,0,0.4807,-2.7966,4.4667
whoosh,850165,swoosh_bamboo_02,3,a single sharp instant crack,167,0,0.5303,-2.7322,4.4714
whoosh,850166,swoosh_bamboo_03,3,a single sharp instant crack,167,0,0.5419,-2.7391,4.5319
whoosh,850167,swoosh_bamboo_04,0,a falling whoosh that fades away,266,1,0.7286,-2.9212,4.3706
whoosh,850168,swoosh_bamboo_05,0,a falling whoosh that fades away,266,1,0.633,-2.7786,4.4678
whoosh,852796,"SWSH-Samsung Galaxy Smartphone, CU_Net, Short_Nicholas Judy_TDC",1,a rising whoosh that builds up,224,0,0.6357,-0.8713,5.0488
whoosh,854081,Swoosh 1,1,a rising whoosh that builds up,224,0,0.6273,0.4581,4.2713
whoosh,854082,Swoosh 2,1,a rising whoosh that builds up,224,0,0.7059,-1.1943,4.9518
whoosh,854083,Swoosh 3,1,a rising whoosh that builds up,224,0,0.6703,-1.236,4.7687
whoosh,854084,Swoosh 4,1,a rising whoosh that builds up,224,0,0.6702,-1.1122,4.898
whoosh,854085,Swoosh 5,1,a rising whoosh that builds up,224,0,0.7803,-1.054,4.8779
whoosh,854086,Swoosh 6,1,a rising whoosh that builds up,224,0,0.6031,1.3998,4.4365
whoosh,854087,Swoosh Double,1,a rising whoosh that builds up,224,0,0.7207,-0.9289,4.8324
whoosh,854088,Swoosh Long,1,a rising whoosh that builds up,224,0,0.56,-0.524,4.5522
whoosh,855282,"Swooshes, swish, medium, variations, chuck-it, ball-thrower, woosh, swing, weapon",0,a falling whoosh that fades away,266,1,0.8746,-4.2423,4.7897
whoosh,855283,"Swooshes, swish, medium, variations, metal-bar, woosh, swing, weapon",0,a falling whoosh that fades away,266,1,0.8909,-4.5303,5.1034
whoosh,855284,"Swooshes, swish, medium, variations, tube, woosh, swing, weapon",0,a falling whoosh that fades away,266,1,0.9158,-4.4255,4.7214
whoosh,855286,"Swooshes, swish, small, variations, stick, woosh, swing, weapon",0,a falling whoosh that fades away,266,1,0.8659,-4.7698,4.5815
whoosh,855704,Whoosh - Big stick - OS ST 1,0,a falling whoosh that fades away,266,1,0.8458,-4.1717,2.6347
whoosh,855705,Whoosh - Big stick - OS ST 2,0,a falling whoosh that fades away,266,1,0.7992,-4.2259,2.6971
whoosh,855706,Whoosh - Long Bamboo stick - OS ST 1,0,a falling whoosh that fades away,266,1,0.9253,-4.5939,4.0298
whoosh,855707,Whoosh - Long Bamboo stick - OS ST 10,0,a falling whoosh that fades away,266,1,0.9311,-4.8639,3.42
whoosh,855708,Whoosh - Long Bamboo stick - OS ST 11,0,a falling whoosh that fades away,266,1,0.9242,-4.9759,3.7946
whoosh,855709,Whoosh - Long Bamboo stick - OS ST 12,0,a falling whoosh that fades away,266,1,0.9365,-5.0059,3.9289
whoosh,855710,Whoosh - Long Bamboo stick - OS ST 2,0,a falling whoosh that fades away,266,1,0.8414,-4.8232,3.907
whoosh,855711,Whoosh - Long Bamboo stick - OS ST 3,0,a falling whoosh that fades away,266,1,0.9236,-4.7541,2.8254
whoosh,855712,Whoosh - Long Bamboo stick - OS ST 4,0,a falling whoosh that fades away,266,1,0.9371,-4.7085,2.8379
whoosh,855713,Whoosh - Long Bamboo stick - OS ST 5,0,a falling whoosh that fades away,266,1,0.9334,-4.8092,2.8346
whoosh,855715,Whoosh - Long Bamboo stick - OS ST 6,0,a falling whoosh that fades away,266,1,0.7947,-4.32,2.6023
whoosh,855716,Whoosh - Long Bamboo stick - OS ST 7,0,a falling whoosh that fades away,266,1,0.8903,-4.5524,2.747
whoosh,855718,Whoosh - Long Bamboo stick - OS ST 9,0,a falling whoosh that fades away,266,1,0.9383,-4.8245,2.9796
whoosh,855719,Whoosh - Long Bamboo stick - Slow low - OS ST 2,0,a falling whoosh that fades away,266,1,0.8113,-4.4853,2.9583
whoosh,855720,Whoosh - Long Bamboo stick - Slow low - OS ST,0,a falling whoosh that fades away,266,1,0.8294,-4.4092,2.6606
whoosh,855723,Whoosh - String with wood at the end - Mono,3,a single sharp instant crack,167,0,0.646,-3.7627,3.0157
whoosh,855726,Whoosh - Thin hollow metal bar 1Mish - OS ST 1,0,a falling whoosh that fades away,266,1,0.87,-4.4756,2.691
whoosh,855728,Whoosh - Thin wand Bamboo stick - OS ST 2,0,a falling whoosh that fades away,266,1,0.906,-4.6255,3.964
whoosh,855730,Whoosh - Weighted string - 2,3,a single sharp instant crack,167,0,0.5698,-3.7121,2.9416
whoosh,855731,Whoosh - Weighted string - 3,0,a falling whoosh that fades away,266,1,0.7557,-3.8047,3.0156
whoosh,855732,Whoosh - Weighted string - 4,3,a single sharp instant crack,167,0,0.6262,-3.7156,3.0784
whoosh,855733,Whoosh - Weighted string - Airy whistle,3,a single sharp instant crack,167,0,0.6372,-4.1155,3.2698
whoosh,855734,Whoosh - Weighted string - Flyby ST,0,a falling whoosh that fades away,266,1,0.8338,-3.7529,3.2257
whoosh,855749,Whoosh - 150cm cardboard tube - OS ST 1,1,a rising whoosh that builds up,224,0,0.5845,-4.2701,2.5986
whoosh,855750,Whoosh - 150cm cardboard tube - OS ST 2,1,a rising whoosh that builds up,224,0,0.5594,-4.2376,2.6204
whoosh,855754,Whoosh - Bamboo 113cm stick - OS ST 1,0,a falling whoosh that fades away,266,1,0.7802,-4.0214,2.8424
whoosh,855755,Whoosh - Bamboo 113cm stick - OS ST 2 Whistling,0,a falling whoosh that fades away,266,1,0.7866,-3.925,2.9591
whoosh,855756,Whoosh - Bamboo 113cm stick - OS ST 3,0,a falling whoosh that fades away,266,1,0.9102,-3.705,3.4904
whoosh,855757,Whoosh - Bamboo 113cm stick - OS ST 4,0,a falling whoosh that fades away,266,1,0.7813,-4.0649,2.6389
whoosh,855760,Whoosh - Bamboo 113cm stick - OS ST 5,0,a falling whoosh that fades away,266,1,0.7143,-4.0528,2.7585
whoosh,855761,Whoosh - Bamboo 113cm stick - OS ST 6,0,a falling whoosh that fades away,266,1,0.7812,-4.0625,2.7376
whoosh,855762,Whoosh - Bamboo 113cm stick - OS ST 7,0,a falling whoosh that fades away,266,1,0.7856,-4.1553,2.7563
whoosh,855763,Whoosh - Child play bow - OS ST 1,0,a falling whoosh that fades away,266,1,0.9277,-4.5381,2.8422
whoosh,855764,Whoosh - Child play bow - OS ST 2,0,a falling whoosh that fades away,266,1,0.9039,-4.4324,2.7792
whoosh,855766,Whoosh - Wood baton - OS ST 1,0,a falling whoosh that fades away,266,1,0.7405,-4.1872,2.5905
whoosh,855767,Whoosh - Wood baton - OS ST 2,0,a falling whoosh that fades away,266,1,0.7806,-4.0961,2.546
whoosh,855779,Whoosh - USB Cable - OS ST 1,0,a falling whoosh that fades away,266,1,0.9261,-4.3209,3.8447
whoosh,855780,Whoosh - USB Cable - OS ST 2,0,a falling whoosh that fades away,266,1,0.8211,-3.845,3.485
whoosh,855781,Whoosh - USB Cable - OS ST 3,0,a falling whoosh that fades away,266,1,0.8953,-4.2913,3.7392
whoosh,855782,Whoosh - USB Cable - OS ST 5,0,a falling whoosh that fades away,266,1,0.948,-4.3719,3.7978
whoosh,855783,Whoosh - USB Cable - OS ST 6,0,a falling whoosh that fades away,266,1,0.8095,-4.2052,3.1941
whoosh,855784,Whoosh - USB Cable - OS ST 7,0,a falling whoosh that fades away,266,1,0.9151,-4.1447,3.768
whoosh,855785,Whoosh - USB Cable - OS ST 8,0,a falling whoosh that fades away,266,1,0.9282,-4.0656,3.7866
whoosh,855786,Whoosh - USB Cable - OS ST 9,0,a falling whoosh that fades away,266,1,0.9226,-4.4119,4.1468
whoosh,855787,Whoosh - USB-B cable - OS ST 1,0,a falling whoosh that fades away,266,1,0.8784,-4.138,3.5228
whoosh,855788,Whoosh - USB Cable - OS ST 4,0,a falling whoosh that fades away,266,1,0.9123,-4.1801,3.7251
whoosh,855835,Whoosh - Plastic water pipe 80cmish - OS ST 1,0,a falling whoosh that fades away,266,1,0.777,-4.1854,2.6654
whoosh,855837,Whoosh - Plastic water pipe 80cmish - OS ST 3,1,a rising whoosh that builds up,224,0,0.6312,-4.3111,2.8325
whoosh,91282,Swishes.wav,1,a rising whoosh that builds up,224,0,0.5782,-1.5191,6.0726
